# BQSKit
Verification failed: "<input>:11,5: 'meas' is already defined"
  Run 2/5: EquivalenceCriterion.no_information (import: 4.58ms, transpile: 1460.60ms, gates: {'RZGate': 3, 'barrier': 1, 'RZZGate': 3, 'RXGate': 5, 'measurement': 1}, verification: 1.1277198791503906ms )
Verification failed: "<input>:11,5: 'meas' is already defined"
  Run 3/5: EquivalenceCriterion.no_information (import: 4.05ms, transpile: 1454.49ms, gates: {'RZGate': 3, 'barrier': 1, 'RZZGate': 3, 'RXGate': 5, 'measurement': 1}, verification: 1.1303424835205078ms )
Verification failed: "<input>:11,5: 'meas' is already defined"
  Run 4/5: EquivalenceCriterion.no_information (import: 5.70ms, transpile: 1470.78ms, gates: {'RZGate': 3, 'barrier': 1, 'RZZGate': 3, 'RXGate': 5, 'measurement': 1}, verification: 1.0945796966552734ms )
Verification failed: "<input>:11,5: 'meas' is already defined"
  Run 5/5: EquivalenceCriterion.no_information (import: 4.55ms, transpile: 1467.30ms, gates: {'RZGate': 3, 'barrier': 1, 'RZZGate': 3, 'RXGate': 5, 'measurement': 1}, verification: 1.0571479797363281ms )
Running 5 transpilation tests on qft_03...
Verification failed: "<input>:14,5: 'meas' is already defined"
  Run 1/5: EquivalenceCriterion.no_information (import: 2.75ms, transpile: 6961.20ms, gates: {'RZGate': 14, 'barrier': 1, 'RZZGate': 6, 'RXGate': 12, 'measurement': 1}, verification: 1.3625621795654297ms )
Verification failed: "<input>:14,5: 'meas' is already defined"
  Run 2/5: EquivalenceCriterion.no_information (import: 4.21ms, transpile: 7064.80ms, gates: {'RZGate': 15, 'barrier': 1, 'RZZGate': 6, 'RXGate': 15, 'measurement': 1}, verification: 1.3458728790283203ms )
Verification failed: "<input>:14,5: 'meas' is already defined"
  Run 3/5: EquivalenceCriterion.no_information (import: 6.37ms, transpile: 6973.25ms, gates: {'RZGate': 14, 'barrier': 1, 'RZZGate': 6, 'RXGate': 12, 'measurement': 1}, verification: 1.4803409576416016ms )
Verification failed: "<input>:14,5: 'meas' is already defined"
  Run 4/5: EquivalenceCriterion.no_information (import: 5.38ms, transpile: 6971.00ms, gates: {'RZGate': 14, 'barrier': 1, 'RZZGate': 6, 'RXGate': 12, 'measurement': 1}, verification: 1.3337135314941406ms )
Verification failed: "<input>:14,5: 'meas' is already defined"
  Run 5/5: EquivalenceCriterion.no_information (import: 4.91ms, transpile: 6954.39ms, gates: {'RZGate': 14, 'barrier': 1, 'RZZGate': 6, 'RXGate': 12, 'measurement': 1}, verification: 1.331329345703125ms )
Running 5 transpilation tests on qft_04...
Verification failed: "<input>:19,5: 'meas' is already defined"
  Run 1/5: EquivalenceCriterion.no_information (import: 3.18ms, transpile: 15936.00ms, gates: {'RZGate': 35, 'measurement': 1, 'RZZGate': 19, 'barrier': 1, 'RXGate': 33}, verification: 1.645803451538086ms )
Verification failed: "<input>:19,5: 'meas' is already defined"
  Run 2/5: EquivalenceCriterion.no_information (import: 4.05ms, transpile: 17958.38ms, gates: {'RZGate': 31, 'measurement': 1, 'RZZGate': 16, 'barrier': 1, 'RXGate': 30}, verification: 3.864765167236328ms )
Verification failed: "<input>:19,5: 'meas' is already defined"
  Run 3/5: EquivalenceCriterion.no_information (import: 4.91ms, transpile: 15612.18ms, gates: {'RZGate': 35, 'measurement': 1, 'RZZGate': 19, 'barrier': 1, 'RXGate': 33}, verification: 0.8311271667480469ms )
Verification failed: "<input>:19,5: 'meas' is already defined"
  Run 4/5: EquivalenceCriterion.no_information (import: 3.78ms, transpile: 13504.70ms, gates: {'RZGate': 28, 'measurement': 1, 'RZZGate': 16, 'barrier': 1, 'RXGate': 30}, verification: 1.6384124755859375ms )
Verification failed: "<input>:19,5: 'meas' is already defined"
  Run 5/5: EquivalenceCriterion.no_information (import: 5.37ms, transpile: 15671.95ms, gates: {'RZGate': 35, 'measurement': 1, 'RZZGate': 19, 'barrier': 1, 'RXGate': 33}, verification: 0.8196830749511719ms )
Running 5 transpilation tests on qft_05...
Verification failed: "<input>:5,5: 'meas' is already defined"
  Run 1/5: EquivalenceCriterion.no_information (import: 3.72ms, transpile: 23670.10ms, gates: {'RZGate': 66, 'measurement': 1, 'RZZGate': 35, 'barrier': 1, 'RXGate': 68}, verification: 2.9990673065185547ms )
Verification failed: "<input>:5,5: 'meas' is already defined"
  Run 2/5: EquivalenceCriterion.no_information (import: 4.51ms, transpile: 23497.15ms, gates: {'RZGate': 66, 'measurement': 1, 'RZZGate': 35, 'barrier': 1, 'RXGate': 68}, verification: 1.9071102142333984ms )
Verification failed: "<input>:5,5: 'meas' is already defined"
  Run 3/5: EquivalenceCriterion.no_information (import: 4.81ms, transpile: 23827.24ms, gates: {'RZGate': 66, 'measurement': 1, 'RZZGate': 35, 'barrier': 1, 'RXGate': 68}, verification: 1.9752979278564453ms )
Verification failed: "<input>:5,5: 'meas' is already defined"
  Run 4/5: EquivalenceCriterion.no_information (import: 4.38ms, transpile: 24273.47ms, gates: {'RZGate': 66, 'measurement': 1, 'RZZGate': 35, 'barrier': 1, 'RXGate': 68}, verification: 3.5614967346191406ms )
Verification failed: "<input>:5,5: 'meas' is already defined"
  Run 5/5: EquivalenceCriterion.no_information (import: 6.18ms, transpile: 24171.00ms, gates: {'RZGate': 66, 'measurement': 1, 'RZZGate': 35, 'barrier': 1, 'RXGate': 68}, verification: 1.9979476928710938ms )
Running 5 transpilation tests on qft_06...
Verification failed: "<input>:5,5: 'meas' is already defined"
  Run 1/5: EquivalenceCriterion.no_information (import: 4.39ms, transpile: 48465.76ms, gates: {'measurement': 1, 'RZGate': 140, 'RZZGate': 70, 'barrier': 1, 'RXGate': 130}, verification: 3.481149673461914ms )
Verification failed: "<input>:5,5: 'meas' is already defined"
  Run 2/5: EquivalenceCriterion.no_information (import: 5.00ms, transpile: 52277.55ms, gates: {'measurement': 1, 'RZGate': 124, 'RZZGate': 71, 'barrier': 1, 'RXGate': 124}, verification: 1.3718605041503906ms )
Verification failed: "<input>:5,5: 'meas' is already defined"
  Run 3/5: EquivalenceCriterion.no_information (import: 4.99ms, transpile: 47908.17ms, gates: {'measurement': 1, 'RZGate': 140, 'RZZGate': 70, 'barrier': 1, 'RXGate': 130}, verification: 2.9363632202148438ms )
Verification failed: "<input>:5,5: 'meas' is already defined"
  Run 4/5: EquivalenceCriterion.no_information (import: 5.94ms, transpile: 47873.50ms, gates: {'measurement': 1, 'RZGate': 128, 'RZZGate': 71, 'barrier': 1, 'RXGate': 126}, verification: 1.127481460571289ms )
Verification failed: "<input>:5,5: 'meas' is already defined"
  Run 5/5: EquivalenceCriterion.no_information (import: 4.96ms, transpile: 53820.54ms, gates: {'measurement': 1, 'RZGate': 124, 'RZZGate': 71, 'barrier': 1, 'RXGate': 123}, verification: 4.081249237060547ms )
Running 5 transpilation tests on qft_07...
Verification failed: "<input>:38,5: 'meas' is already defined"
  Run 1/5: EquivalenceCriterion.no_information (import: 5.01ms, transpile: 58300.18ms, gates: {'RZGate': 153, 'RZZGate': 83, 'measurement': 1, 'barrier': 1, 'RXGate': 154}, verification: 1.3659000396728516ms )
Verification failed: "<input>:38,5: 'meas' is already defined"
  Run 2/5: EquivalenceCriterion.no_information (import: 5.67ms, transpile: 57682.40ms, gates: {'RZGate': 151, 'RZZGate': 83, 'measurement': 1, 'barrier': 1, 'RXGate': 155}, verification: 3.5033226013183594ms )
Verification failed: "<input>:38,5: 'meas' is already defined"
  Run 3/5: EquivalenceCriterion.no_information (import: 5.68ms, transpile: 57847.88ms, gates: {'RZGate': 151, 'RZZGate': 83, 'measurement': 1, 'barrier': 1, 'RXGate': 155}, verification: 3.019571304321289ms )
Verification failed: "<input>:38,5: 'meas' is already defined"
  Run 4/5: EquivalenceCriterion.no_information (import: 5.70ms, transpile: 57844.17ms, gates: {'RZGate': 151, 'RZZGate': 83, 'measurement': 1, 'barrier': 1, 'RXGate': 155}, verification: 4.714488983154297ms )
Verification failed: "<input>:38,5: 'meas' is already defined"
  Run 5/5: EquivalenceCriterion.no_information (import: 6.24ms, transpile: 58079.54ms, gates: {'RZGate': 151, 'RZZGate': 83, 'measurement': 1, 'barrier': 1, 'RXGate': 155}, verification: 1.3937950134277344ms )
Running 5 transpilation tests on qft_08...
Verification failed: "<input>:5,5: 'meas' is already defined"
  Run 1/5: EquivalenceCriterion.no_information (import: 5.96ms, transpile: 114172.14ms, gates: {'barrier': 1, 'RZGate': 267, 'RZZGate': 144, 'measurement': 1, 'RXGate': 270}, verification: 5.13768196105957ms )
Verification failed: "<input>:5,5: 'meas' is already defined"
  Run 2/5: EquivalenceCriterion.no_information (import: 6.59ms, transpile: 88941.90ms, gates: {'barrier': 1, 'RZGate': 239, 'RZZGate': 134, 'measurement': 1, 'RXGate': 245}, verification: 3.2815933227539062ms )
Verification failed: "<input>:5,5: 'meas' is already defined"
  Run 3/5: EquivalenceCriterion.no_information (import: 6.60ms, transpile: 118567.22ms, gates: {'barrier': 1, 'RZGate': 199, 'RZZGate': 115, 'measurement': 1, 'RXGate': 213}, verification: 3.4873485565185547ms )
Verification failed: "<input>:5,5: 'meas' is already defined"
  Run 4/5: EquivalenceCriterion.no_information (import: 6.50ms, transpile: 109397.20ms, gates: {'barrier': 1, 'RZGate': 198, 'RZZGate': 114, 'measurement': 1, 'RXGate': 210}, verification: 39.06750679016113ms )
Verification failed: "<input>:5,5: 'meas' is already defined"
  Run 5/5: EquivalenceCriterion.no_information (import: 6.70ms, transpile: 113161.07ms, gates: {'barrier': 1, 'RZGate': 267, 'RZZGate': 144, 'measurement': 1, 'RXGate': 270}, verification: 24.58047866821289ms )
Failed to extract qubits: Unexpected token Token('ID', 'Traceback') at line 1, column 1.
Expected one of:
        * OPENQASM
Previous tokens: [None]

Running 5 transpilation tests on hhl_02...
  Run 1/5: FAILED - Import failed: Unexpected token Token('ID', 'Traceback') at line 1, column 1.
Expected one of:
        * OPENQASM
Previous tokens: [None]

  Run 2/5: FAILED - Import failed: Unexpected token Token('ID', 'Traceback') at line 1, column 1.
Expected one of:
        * OPENQASM
Previous tokens: [None]

  Run 3/5: FAILED - Import failed: Unexpected token Token('ID', 'Traceback') at line 1, column 1.
Expected one of:
        * OPENQASM
Previous tokens: [None]

  Run 4/5: FAILED - Import failed: Unexpected token Token('ID', 'Traceback') at line 1, column 1.
Expected one of:
        * OPENQASM
Previous tokens: [None]

  Run 5/5: FAILED - Import failed: Unexpected token Token('ID', 'Traceback') at line 1, column 1.
Expected one of:
        * OPENQASM
Previous tokens: [None]

Running 5 transpilation tests on hhl_03...
  Run 1/5: EquivalenceCriterion.not_equivalent (import: 2.54ms, transpile: 2564.43ms, gates: {'measurement': 1, 'RZGate': 3, 'RXGate': 7, 'RZZGate': 3}, verification: 26.983022689819336ms )
  Run 2/5: EquivalenceCriterion.not_equivalent (import: 4.97ms, transpile: 2549.69ms, gates: {'measurement': 1, 'RZGate': 3, 'RXGate': 7, 'RZZGate': 3}, verification: 14.346837997436523ms )
  Run 3/5: EquivalenceCriterion.not_equivalent (import: 3.97ms, transpile: 2517.76ms, gates: {'measurement': 1, 'RZGate': 3, 'RXGate': 7, 'RZZGate': 3}, verification: 11.673927307128906ms )
  Run 4/5: EquivalenceCriterion.not_equivalent (import: 4.91ms, transpile: 2629.78ms, gates: {'measurement': 1, 'RZGate': 3, 'RXGate': 7, 'RZZGate': 3}, verification: 13.476848602294922ms )
  Run 5/5: EquivalenceCriterion.not_equivalent (import: 5.36ms, transpile: 2587.97ms, gates: {'measurement': 1, 'RZGate': 3, 'RXGate': 7, 'RZZGate': 3}, verification: 11.693239212036133ms )
Running 5 transpilation tests on hhl_04...
  Run 1/5: EquivalenceCriterion.not_equivalent (import: 4.49ms, transpile: 22491.30ms, gates: {'measurement': 1, 'RZGate': 26, 'RXGate': 29, 'RZZGate': 17}, verification: 33.29300880432129ms )
  Run 2/5: EquivalenceCriterion.not_equivalent (import: 5.81ms, transpile: 22305.00ms, gates: {'measurement': 1, 'RZGate': 26, 'RXGate': 29, 'RZZGate': 17}, verification: 21.1639404296875ms )
  Run 3/5: EquivalenceCriterion.not_equivalent (import: 5.17ms, transpile: 22464.20ms, gates: {'measurement': 1, 'RZGate': 26, 'RXGate': 29, 'RZZGate': 17}, verification: 71.75254821777344ms )
  Run 4/5: EquivalenceCriterion.not_equivalent (import: 5.78ms, transpile: 22558.07ms, gates: {'measurement': 1, 'RZGate': 26, 'RXGate': 29, 'RZZGate': 17}, verification: 14.795780181884766ms )
  Run 5/5: EquivalenceCriterion.not_equivalent (import: 4.20ms, transpile: 22731.40ms, gates: {'measurement': 1, 'RZGate': 26, 'RXGate': 29, 'RZZGate': 17}, verification: 16.289710998535156ms )
Running 5 transpilation tests on hhl_05...
  Run 1/5: EquivalenceCriterion.not_equivalent (import: 4.42ms, transpile: 43794.54ms, gates: {'measurement': 1, 'RZGate': 85, 'RXGate': 78, 'RZZGate': 40}, verification: 34.696102142333984ms )
  Run 2/5: EquivalenceCriterion.not_equivalent (import: 6.71ms, transpile: 30906.21ms, gates: {'measurement': 1, 'RZGate': 76, 'RXGate': 71, 'RZZGate': 39}, verification: 35.555124282836914ms )
  Run 3/5: EquivalenceCriterion.not_equivalent (import: 6.40ms, transpile: 29383.60ms, gates: {'measurement': 1, 'RZGate': 76, 'RXGate': 71, 'RZZGate': 39}, verification: 39.287567138671875ms )
  Run 4/5: EquivalenceCriterion.not_equivalent (import: 5.86ms, transpile: 30375.77ms, gates: {'measurement': 1, 'RZGate': 76, 'RXGate': 71, 'RZZGate': 39}, verification: 28.229475021362305ms )
  Run 5/5: EquivalenceCriterion.not_equivalent (import: 6.57ms, transpile: 29118.85ms, gates: {'measurement': 1, 'RZGate': 76, 'RXGate': 71, 'RZZGate': 39}, verification: 22.081613540649414ms )
Running 5 transpilation tests on hhl_06...
  Run 1/5: EquivalenceCriterion.not_equivalent (import: 5.46ms, transpile: 80327.05ms, gates: {'measurement': 1, 'RZGate': 145, 'RXGate': 142, 'RZZGate': 84}, verification: 150.12741088867188ms )
  Run 2/5: EquivalenceCriterion.not_equivalent (import: 9.27ms, transpile: 104695.01ms, gates: {'measurement': 1, 'RZGate': 143, 'RXGate': 143, 'RZZGate': 85}, verification: 184.2498779296875ms )
  Run 3/5: EquivalenceCriterion.not_equivalent (import: 9.14ms, transpile: 104389.12ms, gates: {'measurement': 1, 'RZGate': 143, 'RXGate': 143, 'RZZGate': 85}, verification: 175.0791072845459ms )
  Run 4/5: EquivalenceCriterion.not_equivalent (import: 9.70ms, transpile: 103949.78ms, gates: {'measurement': 1, 'RZGate': 143, 'RXGate': 143, 'RZZGate': 85}, verification: 49.69000816345215ms )
  Run 5/5: EquivalenceCriterion.not_equivalent (import: 7.91ms, transpile: 103579.92ms, gates: {'measurement': 1, 'RZGate': 143, 'RXGate': 143, 'RZZGate': 85}, verification: 92.91505813598633ms )
Running 5 transpilation tests on hhl_07...
  Run 1/5: EquivalenceCriterion.not_equivalent (import: 8.69ms, transpile: 87759.81ms, gates: {'measurement': 1, 'RZGate': 245, 'RXGate': 229, 'RZZGate': 122}, verification: 450.99639892578125ms )
  Run 2/5: EquivalenceCriterion.not_equivalent (import: 9.59ms, transpile: 88949.47ms, gates: {'measurement': 1, 'RZGate': 241, 'RXGate': 228, 'RZZGate': 122}, verification: 456.2208652496338ms )
  Run 3/5: EquivalenceCriterion.not_equivalent (import: 9.53ms, transpile: 85559.26ms, gates: {'measurement': 1, 'RZGate': 240, 'RXGate': 226, 'RZZGate': 121}, verification: 231.78339004516602ms )
  Run 4/5: EquivalenceCriterion.not_equivalent (import: 9.49ms, transpile: 86435.46ms, gates: {'measurement': 1, 'RZGate': 241, 'RXGate': 228, 'RZZGate': 122}, verification: 490.3724193572998ms )
  Run 5/5: EquivalenceCriterion.not_equivalent (import: 10.27ms, transpile: 85404.22ms, gates: {'measurement': 1, 'RZGate': 240, 'RXGate': 226, 'RZZGate': 121}, verification: 232.3908805847168ms )
Running 5 transpilation tests on hhl_08...
  Run 1/5: EquivalenceCriterion.not_equivalent (import: 11.49ms, transpile: 196914.82ms, gates: {'measurement': 1, 'RZGate': 346, 'RXGate': 362, 'RZZGate': 197}, verification: 205.30056953430176ms )
  Run 2/5: EquivalenceCriterion.not_equivalent (import: 11.57ms, transpile: 210898.90ms, gates: {'measurement': 1, 'RZGate': 334, 'RXGate': 355, 'RZZGate': 197}, verification: 2408.4532260894775ms )
  Run 3/5: EquivalenceCriterion.not_equivalent (import: 13.74ms, transpile: 199293.21ms, gates: {'measurement': 1, 'RZGate': 340, 'RXGate': 357, 'RZZGate': 197}, verification: 2646.629571914673ms )
  Run 4/5: EquivalenceCriterion.not_equivalent (import: 12.24ms, transpile: 199687.00ms, gates: {'measurement': 1, 'RZGate': 328, 'RXGate': 339, 'RZZGate': 192}, verification: 1902.292013168335ms )
  Run 5/5: EquivalenceCriterion.not_equivalent (import: 12.07ms, transpile: 199635.58ms, gates: {'measurement': 1, 'RZGate': 340, 'RXGate': 357, 'RZZGate': 197}, verification: 2306.830644607544ms )
Running 5 transpilation tests on randomcircuit_02...
Verification failed: "<input>:12,5: 'meas' is already defined"
  Run 1/5: EquivalenceCriterion.no_information (import: 2.97ms, transpile: 1064.85ms, gates: {'RZGate': 4, 'barrier': 1, 'RZZGate': 2, 'RXGate': 5, 'measurement': 1}, verification: 0.7832050323486328ms )
Verification failed: "<input>:12,5: 'meas' is already defined"
  Run 2/5: EquivalenceCriterion.no_information (import: 4.02ms, transpile: 1014.71ms, gates: {'RZGate': 4, 'barrier': 1, 'RZZGate': 2, 'RXGate': 5, 'measurement': 1}, verification: 1.1987686157226562ms )
Verification failed: "<input>:12,5: 'meas' is already defined"
  Run 3/5: EquivalenceCriterion.no_information (import: 6.34ms, transpile: 1016.12ms, gates: {'RZGate': 4, 'barrier': 1, 'RZZGate': 2, 'RXGate': 5, 'measurement': 1}, verification: 0.8664131164550781ms )
Verification failed: "<input>:12,5: 'meas' is already defined"
  Run 4/5: EquivalenceCriterion.no_information (import: 4.54ms, transpile: 1001.47ms, gates: {'RZGate': 4, 'barrier': 1, 'RZZGate': 2, 'RXGate': 5, 'measurement': 1}, verification: 0.7889270782470703ms )
Verification failed: "<input>:12,5: 'meas' is already defined"
  Run 5/5: EquivalenceCriterion.no_information (import: 4.15ms, transpile: 1016.01ms, gates: {'RZGate': 4, 'barrier': 1, 'RZZGate': 2, 'RXGate': 5, 'measurement': 1}, verification: 0.7631778717041016ms )
Running 5 transpilation tests on randomcircuit_03...
/u/halle/wraf/home_at/qml-env/lib/python3.12/site-packages/bqskit/passes/synthesis/leap.py:358: SmallSampleWarning: One or more sample arguments is too small; all returned values will be NaN. See documentation for sample size requirements.
  m, y_int, _, _, _ = linregress(best_layers, best_dists)
Verification failed: 'DaggerGate' object has no attribute '_qasm_name'
  Run 1/5: EquivalenceCriterion.no_information (import: 2.79ms, transpile: 8418.31ms, gates: {'RZGate': 10, 'barrier': 1, 'RZZGate': 6, 'RXGate': 9, 'measurement': 1}, verification: 0.38242340087890625ms )
Verification failed: 'DaggerGate' object has no attribute '_qasm_name'
  Run 2/5: EquivalenceCriterion.no_information (import: 4.15ms, transpile: 8435.85ms, gates: {'RZGate': 10, 'barrier': 1, 'RZZGate': 6, 'RXGate': 9, 'measurement': 1}, verification: 0.39505958557128906ms )
Verification failed: 'DaggerGate' object has no attribute '_qasm_name'
  Run 3/5: EquivalenceCriterion.no_information (import: 4.13ms, transpile: 8454.72ms, gates: {'RZGate': 10, 'barrier': 1, 'RZZGate': 6, 'RXGate': 9, 'measurement': 1}, verification: 0.41294097900390625ms )
Verification failed: 'DaggerGate' object has no attribute '_qasm_name'
  Run 4/5: EquivalenceCriterion.no_information (import: 4.60ms, transpile: 8548.96ms, gates: {'RZGate': 10, 'barrier': 1, 'RZZGate': 6, 'RXGate': 9, 'measurement': 1}, verification: 0.38886070251464844ms )
Verification failed: 'DaggerGate' object has no attribute '_qasm_name'
  Run 5/5: EquivalenceCriterion.no_information (import: 4.28ms, transpile: 8801.75ms, gates: {'RZGate': 10, 'barrier': 1, 'RZZGate': 6, 'RXGate': 9, 'measurement': 1}, verification: 0.4112720489501953ms )
Running 5 transpilation tests on randomcircuit_04...
  Run 1/5: FAILED - Transpilation failed: Server connection unexpectedly closed.
  Run 2/5: FAILED - Transpilation failed: Connection unexpectedly none.
  Run 3/5: FAILED - Transpilation failed: Connection unexpectedly none.
  Run 4/5: FAILED - Transpilation failed: Connection unexpectedly none.
  Run 5/5: FAILED - Transpilation failed: Connection unexpectedly none.
Running 5 transpilation tests on randomcircuit_05...
  Run 1/5: FAILED - Transpilation failed: Connection unexpectedly none.
  Run 2/5: FAILED - Transpilation failed: Connection unexpectedly none.
  Run 3/5: FAILED - Transpilation failed: Connection unexpectedly none.
  Run 4/5: FAILED - Transpilation failed: Connection unexpectedly none.
  Run 5/5: FAILED - Transpilation failed: Connection unexpectedly none.
Running 5 transpilation tests on randomcircuit_06...
  Run 1/5: FAILED - Transpilation failed: Connection unexpectedly none.
  Run 2/5: FAILED - Transpilation failed: Connection unexpectedly none.
  Run 3/5: FAILED - Transpilation failed: Connection unexpectedly none.
  Run 4/5: FAILED - Transpilation failed: Connection unexpectedly none.
  Run 5/5: FAILED - Transpilation failed: Connection unexpectedly none.
Running 5 transpilation tests on randomcircuit_07...
  Run 1/5: FAILED - Transpilation failed: Connection unexpectedly none.
  Run 2/5: FAILED - Transpilation failed: Connection unexpectedly none.
  Run 3/5: FAILED - Transpilation failed: Connection unexpectedly none.
  Run 4/5: FAILED - Transpilation failed: Connection unexpectedly none.
  Run 5/5: FAILED - Transpilation failed: Connection unexpectedly none.
Running 5 transpilation tests on randomcircuit_08...
  Run 1/5: FAILED - Transpilation failed: Connection unexpectedly none.
  Run 2/5: FAILED - Transpilation failed: Connection unexpectedly none.
  Run 3/5: FAILED - Transpilation failed: Connection unexpectedly none.
  Run 4/5: FAILED - Transpilation failed: Connection unexpectedly none.
  Run 5/5: FAILED - Transpilation failed: Connection unexpectedly none.
Running 5 transpilation tests on grover_02...
  Run 1/5: FAILED - Transpilation failed: Connection unexpectedly none.
  Run 2/5: FAILED - Transpilation failed: Connection unexpectedly none.
  Run 3/5: FAILED - Transpilation failed: Connection unexpectedly none.
  Run 4/5: FAILED - Transpilation failed: Connection unexpectedly none.
  Run 5/5: FAILED - Transpilation failed: Connection unexpectedly none.
Running 5 transpilation tests on grover_03...
  Run 1/5: FAILED - Transpilation failed: Connection unexpectedly none.
  Run 2/5: FAILED - Transpilation failed: Connection unexpectedly none.
  Run 3/5: FAILED - Transpilation failed: Connection unexpectedly none.
  Run 4/5: FAILED - Transpilation failed: Connection unexpectedly none.
  Run 5/5: FAILED - Transpilation failed: Connection unexpectedly none.
Running 5 transpilation tests on grover_04...
  Run 1/5: FAILED - Transpilation failed: Connection unexpectedly none.
  Run 2/5: FAILED - Transpilation failed: Connection unexpectedly none.
  Run 3/5: FAILED - Transpilation failed: Connection unexpectedly none.
  Run 4/5: FAILED - Transpilation failed: Connection unexpectedly none.
  Run 5/5: FAILED - Transpilation failed: Connection unexpectedly none.
Running 5 transpilation tests on grover_05...
  Run 1/5: FAILED - Transpilation failed: Connection unexpectedly none.
  Run 2/5: FAILED - Transpilation failed: Connection unexpectedly none.
  Run 3/5: FAILED - Transpilation failed: Connection unexpectedly none.
  Run 4/5: FAILED - Transpilation failed: Connection unexpectedly none.
  Run 5/5: FAILED - Transpilation failed: Connection unexpectedly none.
Running 5 transpilation tests on grover_06...
  Run 1/5: FAILED - Transpilation failed: Connection unexpectedly none.
  Run 2/5: FAILED - Transpilation failed: Connection unexpectedly none.
  Run 3/5: FAILED - Transpilation failed: Connection unexpectedly none.
  Run 4/5: FAILED - Transpilation failed: Connection unexpectedly none.
  Run 5/5: FAILED - Transpilation failed: Connection unexpectedly none.
Running 5 transpilation tests on grover_07...
  Run 1/5: FAILED - Transpilation failed: Connection unexpectedly none.
  Run 2/5: FAILED - Transpilation failed: Connection unexpectedly none.
  Run 3/5: FAILED - Transpilation failed: Connection unexpectedly none.
  Run 4/5: FAILED - Transpilation failed: Connection unexpectedly none.
  Run 5/5: FAILED - Transpilation failed: Connection unexpectedly none.
Running 5 transpilation tests on grover_08...
  Run 1/5: FAILED - Transpilation failed: Connection unexpectedly none.
  Run 2/5: FAILED - Transpilation failed: Connection unexpectedly none.
  Run 3/5: FAILED - Transpilation failed: Connection unexpectedly none.
  Run 4/5: FAILED - Transpilation failed: Connection unexpectedly none.
  Run 5/5: FAILED - Transpilation failed: Connection unexpectedly none.
Running 5 transpilation tests on vqe_real_amp_02...
  Run 1/5: FAILED - Transpilation failed: Connection unexpectedly none.
  Run 2/5: FAILED - Transpilation failed: Connection unexpectedly none.
  Run 3/5: FAILED - Transpilation failed: Connection unexpectedly none.
  Run 4/5: FAILED - Transpilation failed: Connection unexpectedly none.
  Run 5/5: FAILED - Transpilation failed: Connection unexpectedly none.
Running 5 transpilation tests on vqe_real_amp_03...
  Run 1/5: FAILED - Transpilation failed: Connection unexpectedly none.
  Run 2/5: FAILED - Transpilation failed: Connection unexpectedly none.
  Run 3/5: FAILED - Transpilation failed: Connection unexpectedly none.
  Run 4/5: FAILED - Transpilation failed: Connection unexpectedly none.
  Run 5/5: FAILED - Transpilation failed: Connection unexpectedly none.
Running 5 transpilation tests on vqe_real_amp_04...
  Run 1/5: FAILED - Transpilation failed: Connection unexpectedly none.
  Run 2/5: FAILED - Transpilation failed: Connection unexpectedly none.
  Run 3/5: FAILED - Transpilation failed: Connection unexpectedly none.
  Run 4/5: FAILED - Transpilation failed: Connection unexpectedly none.
  Run 5/5: FAILED - Transpilation failed: Connection unexpectedly none.
Running 5 transpilation tests on vqe_real_amp_05...
  Run 1/5: FAILED - Transpilation failed: Connection unexpectedly none.
  Run 2/5: FAILED - Transpilation failed: Connection unexpectedly none.
  Run 3/5: FAILED - Transpilation failed: Connection unexpectedly none.
  Run 4/5: FAILED - Transpilation failed: Connection unexpectedly none.
  Run 5/5: FAILED - Transpilation failed: Connection unexpectedly none.
Running 5 transpilation tests on vqe_real_amp_06...
  Run 1/5: FAILED - Transpilation failed: Connection unexpectedly none.
  Run 2/5: FAILED - Transpilation failed: Connection unexpectedly none.
  Run 3/5: FAILED - Transpilation failed: Connection unexpectedly none.
  Run 4/5: FAILED - Transpilation failed: Connection unexpectedly none.
  Run 5/5: FAILED - Transpilation failed: Connection unexpectedly none.
Running 5 transpilation tests on vqe_real_amp_07...
  Run 1/5: FAILED - Transpilation failed: Connection unexpectedly none.
  Run 2/5: FAILED - Transpilation failed: Connection unexpectedly none.
  Run 3/5: FAILED - Transpilation failed: Connection unexpectedly none.
  Run 4/5: FAILED - Transpilation failed: Connection unexpectedly none.
  Run 5/5: FAILED - Transpilation failed: Connection unexpectedly none.
Running 5 transpilation tests on vqe_real_amp_08...
  Run 1/5: FAILED - Transpilation failed: Connection unexpectedly none.
  Run 2/5: FAILED - Transpilation failed: Connection unexpectedly none.
  Run 3/5: FAILED - Transpilation failed: Connection unexpectedly none.
  Run 4/5: FAILED - Transpilation failed: Connection unexpectedly none.
  Run 5/5: FAILED - Transpilation failed: Connection unexpectedly none.
Results saved to final/transpiler_result_20260704_122805_BQSkit_mapped_line_Quantinuum_gateset.json
Processing SDK: BQSkit_mapped_all_to_all_IBM_gateset
Running 5 transpilation tests on qaoa_02...
  Run 1/5: EquivalenceCriterion.equivalent_up_to_global_phase (import: 2.75ms, transpile: 3178.82ms, gates: {'CNOTGate': 2, 'RZGate': 10, 'SqrtXGate': 12}, verification: 8.96906852722168ms )
  Run 2/5: EquivalenceCriterion.equivalent_up_to_global_phase (import: 3.40ms, transpile: 1092.54ms, gates: {'CNOTGate': 2, 'RZGate': 10, 'SqrtXGate': 12}, verification: 7.521390914916992ms )
  Run 3/5: EquivalenceCriterion.equivalent_up_to_global_phase (import: 3.36ms, transpile: 1105.12ms, gates: {'CNOTGate': 2, 'RZGate': 10, 'SqrtXGate': 12}, verification: 8.980274200439453ms )
  Run 4/5: EquivalenceCriterion.equivalent_up_to_global_phase (import: 3.49ms, transpile: 1085.21ms, gates: {'CNOTGate': 2, 'RZGate': 10, 'SqrtXGate': 12}, verification: 7.588863372802734ms )
The ZX checker suggests that the circuits are not equivalent, but the simulation checker suggests that they are probably equivalent. Thus, no conclusion can be drawn.
  Run 5/5: EquivalenceCriterion.no_information (import: 3.54ms, transpile: 1070.98ms, gates: {'CNOTGate': 2, 'RZGate': 10, 'SqrtXGate': 12}, verification: 10.058403015136719ms )
Running 5 transpilation tests on qaoa_03...
  Run 1/5: EquivalenceCriterion.equivalent_up_to_global_phase (import: 3.14ms, transpile: 13286.14ms, gates: {'CNOTGate': 6, 'RZGate': 30, 'SqrtXGate': 30}, verification: 33.82277488708496ms )
  Run 2/5: EquivalenceCriterion.equivalent_up_to_global_phase (import: 3.72ms, transpile: 13351.86ms, gates: {'CNOTGate': 6, 'RZGate': 30, 'SqrtXGate': 30}, verification: 16.115665435791016ms )
  Run 3/5: EquivalenceCriterion.equivalent_up_to_global_phase (import: 3.81ms, transpile: 9004.88ms, gates: {'CNOTGate': 6, 'RZGate': 21, 'SqrtXGate': 30}, verification: 10.172605514526367ms )
The ZX checker suggests that the circuits are not equivalent, but the simulation checker suggests that they are probably equivalent. Thus, no conclusion can be drawn.
  Run 4/5: EquivalenceCriterion.no_information (import: 3.74ms, transpile: 9548.03ms, gates: {'CNOTGate': 6, 'RZGate': 22, 'SqrtXGate': 30}, verification: 11.092662811279297ms )
The ZX checker suggests that the circuits are not equivalent, but the simulation checker suggests that they are probably equivalent. Thus, no conclusion can be drawn.
  Run 5/5: EquivalenceCriterion.no_information (import: 3.78ms, transpile: 12615.91ms, gates: {'CNOTGate': 6, 'RZGate': 30, 'SqrtXGate': 30}, verification: 12.298583984375ms )
Running 5 transpilation tests on qaoa_04...
  Run 1/5: EquivalenceCriterion.equivalent_up_to_global_phase (import: 3.35ms, transpile: 12660.21ms, gates: {'CNOTGate': 6, 'RZGate': 32, 'SqrtXGate': 32}, verification: 13.40031623840332ms )
The ZX checker suggests that the circuits are not equivalent, but the simulation checker suggests that they are probably equivalent. Thus, no conclusion can be drawn.
  Run 2/5: EquivalenceCriterion.no_information (import: 4.56ms, transpile: 9063.02ms, gates: {'CNOTGate': 6, 'RZGate': 24, 'SqrtXGate': 32}, verification: 10.872364044189453ms )
The ZX checker suggests that the circuits are not equivalent, but the simulation checker suggests that they are probably equivalent. Thus, no conclusion can be drawn.
  Run 3/5: EquivalenceCriterion.no_information (import: 3.99ms, transpile: 13409.04ms, gates: {'CNOTGate': 6, 'RZGate': 32, 'SqrtXGate': 32}, verification: 13.02957534790039ms )
  Run 4/5: EquivalenceCriterion.equivalent_up_to_global_phase (import: 4.76ms, transpile: 9454.60ms, gates: {'CNOTGate': 6, 'RZGate': 24, 'SqrtXGate': 32}, verification: 13.539791107177734ms )
The ZX checker suggests that the circuits are not equivalent, but the simulation checker suggests that they are probably equivalent. Thus, no conclusion can be drawn.
  Run 5/5: EquivalenceCriterion.no_information (import: 5.44ms, transpile: 13784.31ms, gates: {'CNOTGate': 6, 'RZGate': 32, 'SqrtXGate': 32}, verification: 14.282941818237305ms )
Running 5 transpilation tests on qaoa_05...
The ZX checker suggests that the circuits are not equivalent, but the simulation checker suggests that they are probably equivalent. Thus, no conclusion can be drawn.
  Run 1/5: EquivalenceCriterion.no_information (import: 3.67ms, transpile: 11141.67ms, gates: {'CNOTGate': 24, 'RZGate': 77, 'SqrtXGate': 106}, verification: 43.41721534729004ms )
The ZX checker suggests that the circuits are not equivalent, but the simulation checker suggests that they are probably equivalent. Thus, no conclusion can be drawn.
  Run 2/5: EquivalenceCriterion.no_information (import: 5.47ms, transpile: 13022.31ms, gates: {'CNOTGate': 24, 'RZGate': 75, 'SqrtXGate': 106}, verification: 83.68611335754395ms )
The ZX checker suggests that the circuits are not equivalent, but the simulation checker suggests that they are probably equivalent. Thus, no conclusion can be drawn.
  Run 3/5: EquivalenceCriterion.no_information (import: 4.40ms, transpile: 12675.65ms, gates: {'CNOTGate': 24, 'RZGate': 76, 'SqrtXGate': 106}, verification: 43.058156967163086ms )
The ZX checker suggests that the circuits are not equivalent, but the simulation checker suggests that they are probably equivalent. Thus, no conclusion can be drawn.
  Run 4/5: EquivalenceCriterion.no_information (import: 5.09ms, transpile: 12645.24ms, gates: {'CNOTGate': 24, 'RZGate': 75, 'SqrtXGate': 106}, verification: 48.77829551696777ms )
The ZX checker suggests that the circuits are not equivalent, but the simulation checker suggests that they are probably equivalent. Thus, no conclusion can be drawn.
  Run 5/5: EquivalenceCriterion.no_information (import: 4.99ms, transpile: 13146.02ms, gates: {'CNOTGate': 24, 'RZGate': 76, 'SqrtXGate': 106}, verification: 20.020484924316406ms )
Running 5 transpilation tests on qaoa_06...
The ZX checker suggests that the circuits are not equivalent, but the simulation checker suggests that they are probably equivalent. Thus, no conclusion can be drawn.
  Run 1/5: EquivalenceCriterion.no_information (import: 4.98ms, transpile: 22930.12ms, gates: {'CNOTGate': 28, 'RZGate': 73, 'SqrtXGate': 124}, verification: 135.18238067626953ms )
The ZX checker suggests that the circuits are not equivalent, but the simulation checker suggests that they are probably equivalent. Thus, no conclusion can be drawn.
  Run 2/5: EquivalenceCriterion.no_information (import: 5.40ms, transpile: 24280.09ms, gates: {'CNOTGate': 28, 'RZGate': 74, 'SqrtXGate': 124}, verification: 145.34235000610352ms )
The ZX checker suggests that the circuits are not equivalent, but the simulation checker suggests that they are probably equivalent. Thus, no conclusion can be drawn.
  Run 3/5: EquivalenceCriterion.no_information (import: 7.32ms, transpile: 28415.13ms, gates: {'CNOTGate': 28, 'RZGate': 72, 'SqrtXGate': 124}, verification: 215.13962745666504ms )
The ZX checker suggests that the circuits are not equivalent, but the simulation checker suggests that they are probably equivalent. Thus, no conclusion can be drawn.
  Run 4/5: EquivalenceCriterion.no_information (import: 6.39ms, transpile: 24109.86ms, gates: {'CNOTGate': 28, 'RZGate': 69, 'SqrtXGate': 124}, verification: 185.20569801330566ms )
The ZX checker suggests that the circuits are not equivalent, but the simulation checker suggests that they are probably equivalent. Thus, no conclusion can be drawn.
  Run 5/5: EquivalenceCriterion.no_information (import: 5.46ms, transpile: 26323.74ms, gates: {'CNOTGate': 28, 'RZGate': 72, 'SqrtXGate': 124}, verification: 45.8378791809082ms )
Running 5 transpilation tests on qaoa_07...
The ZX checker suggests that the circuits are not equivalent, but the simulation checker suggests that they are probably equivalent. Thus, no conclusion can be drawn.
  Run 1/5: EquivalenceCriterion.no_information (import: 6.55ms, transpile: 27095.57ms, gates: {'CNOTGate': 48, 'RZGate': 154, 'SqrtXGate': 206}, verification: 286.72194480895996ms )
The ZX checker suggests that the circuits are not equivalent, but the simulation checker suggests that they are probably equivalent. Thus, no conclusion can be drawn.
  Run 2/5: EquivalenceCriterion.no_information (import: 6.56ms, transpile: 28645.65ms, gates: {'CNOTGate': 48, 'RZGate': 150, 'SqrtXGate': 206}, verification: 287.5967025756836ms )
The ZX checker suggests that the circuits are not equivalent, but the simulation checker suggests that they are probably equivalent. Thus, no conclusion can be drawn.
  Run 3/5: EquivalenceCriterion.no_information (import: 6.62ms, transpile: 28104.08ms, gates: {'CNOTGate': 48, 'RZGate': 150, 'SqrtXGate': 206}, verification: 253.8471221923828ms )
The ZX checker suggests that the circuits are not equivalent, but the simulation checker suggests that they are probably equivalent. Thus, no conclusion can be drawn.
  Run 4/5: EquivalenceCriterion.no_information (import: 7.62ms, transpile: 27748.89ms, gates: {'CNOTGate': 48, 'RZGate': 150, 'SqrtXGate': 206}, verification: 228.02972793579102ms )
The ZX checker suggests that the circuits are not equivalent, but the simulation checker suggests that they are probably equivalent. Thus, no conclusion can be drawn.
  Run 5/5: EquivalenceCriterion.no_information (import: 6.48ms, transpile: 26773.89ms, gates: {'CNOTGate': 48, 'RZGate': 150, 'SqrtXGate': 206}, verification: 278.99742126464844ms )
Running 5 transpilation tests on qaoa_08...
The ZX checker suggests that the circuits are not equivalent, but the simulation checker suggests that they are probably equivalent. Thus, no conclusion can be drawn.
  Run 1/5: EquivalenceCriterion.no_information (import: 8.68ms, transpile: 30530.97ms, gates: {'CNOTGate': 56, 'RZGate': 168, 'SqrtXGate': 240}, verification: 2812.8926753997803ms )
The ZX checker suggests that the circuits are not equivalent, but the simulation checker suggests that they are probably equivalent. Thus, no conclusion can be drawn.
  Run 2/5: EquivalenceCriterion.no_information (import: 23.62ms, transpile: 33908.09ms, gates: {'CNOTGate': 56, 'RZGate': 167, 'SqrtXGate': 240}, verification: 1631.4079761505127ms )
The ZX checker suggests that the circuits are not equivalent, but the simulation checker suggests that they are probably equivalent. Thus, no conclusion can be drawn.
  Run 3/5: EquivalenceCriterion.no_information (import: 7.34ms, transpile: 32799.92ms, gates: {'CNOTGate': 56, 'RZGate': 166, 'SqrtXGate': 240}, verification: 2388.1421089172363ms )
The ZX checker suggests that the circuits are not equivalent, but the simulation checker suggests that they are probably equivalent. Thus, no conclusion can be drawn.
  Run 4/5: EquivalenceCriterion.no_information (import: 15.06ms, transpile: 32271.95ms, gates: {'CNOTGate': 56, 'RZGate': 168, 'SqrtXGate': 240}, verification: 2901.392698287964ms )
The ZX checker suggests that the circuits are not equivalent, but the simulation checker suggests that they are probably equivalent. Thus, no conclusion can be drawn.
  Run 5/5: EquivalenceCriterion.no_information (import: 7.28ms, transpile: 33528.09ms, gates: {'CNOTGate': 56, 'RZGate': 167, 'SqrtXGate': 240}, verification: 5177.51932144165ms )
Running 5 transpilation tests on qft_02...
Verification failed: "<input>:11,5: 'meas' is already defined"
  Run 1/5: EquivalenceCriterion.no_information (import: 3.04ms, transpile: 1385.66ms, gates: {'RZGate': 11, 'barrier': 1, 'CNOTGate': 3, 'measurement': 1, 'SqrtXGate': 16}, verification: 1.1267662048339844ms )
Verification failed: "<input>:11,5: 'meas' is already defined"
  Run 2/5: EquivalenceCriterion.no_information (import: 3.95ms, transpile: 1417.92ms, gates: {'RZGate': 11, 'barrier': 1, 'CNOTGate': 3, 'measurement': 1, 'SqrtXGate': 16}, verification: 0.7724761962890625ms )
Verification failed: "<input>:11,5: 'meas' is already defined"
  Run 3/5: EquivalenceCriterion.no_information (import: 3.94ms, transpile: 1387.81ms, gates: {'RZGate': 11, 'barrier': 1, 'CNOTGate': 3, 'measurement': 1, 'SqrtXGate': 16}, verification: 0.7600784301757812ms )
Verification failed: "<input>:11,5: 'meas' is already defined"
  Run 4/5: EquivalenceCriterion.no_information (import: 3.80ms, transpile: 1414.07ms, gates: {'RZGate': 11, 'barrier': 1, 'CNOTGate': 3, 'measurement': 1, 'SqrtXGate': 16}, verification: 0.957489013671875ms )
Verification failed: "<input>:11,5: 'meas' is already defined"
  Run 5/5: EquivalenceCriterion.no_information (import: 3.87ms, transpile: 1399.27ms, gates: {'RZGate': 11, 'barrier': 1, 'CNOTGate': 3, 'measurement': 1, 'SqrtXGate': 16}, verification: 1.0428428649902344ms )
Running 5 transpilation tests on qft_03...
Verification failed: "<input>:14,5: 'meas' is already defined"
  Run 1/5: EquivalenceCriterion.no_information (import: 3.40ms, transpile: 9951.59ms, gates: {'RZGate': 20, 'barrier': 1, 'measurement': 1, 'CNOTGate': 7, 'SqrtXGate': 34}, verification: 1.3380050659179688ms )
Verification failed: "<input>:14,5: 'meas' is already defined"
  Run 2/5: EquivalenceCriterion.no_information (import: 4.74ms, transpile: 9238.88ms, gates: {'RZGate': 20, 'barrier': 1, 'measurement': 1, 'CNOTGate': 7, 'SqrtXGate': 34}, verification: 2.3775100708007812ms )
Verification failed: "<input>:14,5: 'meas' is already defined"
  Run 3/5: EquivalenceCriterion.no_information (import: 4.15ms, transpile: 8405.05ms, gates: {'RZGate': 15, 'barrier': 1, 'measurement': 1, 'CNOTGate': 7, 'SqrtXGate': 34}, verification: 0.8914470672607422ms )
Verification failed: "<input>:14,5: 'meas' is already defined"
  Run 4/5: EquivalenceCriterion.no_information (import: 4.94ms, transpile: 9707.30ms, gates: {'RZGate': 20, 'barrier': 1, 'measurement': 1, 'CNOTGate': 7, 'SqrtXGate': 34}, verification: 1.317739486694336ms )
Verification failed: "<input>:14,5: 'meas' is already defined"
  Run 5/5: EquivalenceCriterion.no_information (import: 5.53ms, transpile: 8914.88ms, gates: {'RZGate': 20, 'barrier': 1, 'measurement': 1, 'CNOTGate': 7, 'SqrtXGate': 34}, verification: 0.8139610290527344ms )
Running 5 transpilation tests on qft_04...
Verification failed: "<input>:19,5: 'meas' is already defined"
  Run 1/5: EquivalenceCriterion.no_information (import: 4.15ms, transpile: 14722.03ms, gates: {'RZGate': 48, 'measurement': 1, 'barrier': 1, 'CNOTGate': 18, 'SqrtXGate': 80}, verification: 1.0542869567871094ms )
Verification failed: "<input>:19,5: 'meas' is already defined"
  Run 2/5: EquivalenceCriterion.no_information (import: 4.82ms, transpile: 14713.10ms, gates: {'RZGate': 45, 'measurement': 1, 'barrier': 1, 'CNOTGate': 18, 'SqrtXGate': 80}, verification: 1.0180473327636719ms )
Verification failed: "<input>:19,5: 'meas' is already defined"
  Run 3/5: EquivalenceCriterion.no_information (import: 4.77ms, transpile: 15926.53ms, gates: {'RZGate': 48, 'measurement': 1, 'barrier': 1, 'CNOTGate': 18, 'SqrtXGate': 80}, verification: 2.470731735229492ms )
Verification failed: "<input>:19,5: 'meas' is already defined"
  Run 4/5: EquivalenceCriterion.no_information (import: 4.86ms, transpile: 15706.76ms, gates: {'RZGate': 48, 'measurement': 1, 'barrier': 1, 'CNOTGate': 18, 'SqrtXGate': 80}, verification: 1.039266586303711ms )
Verification failed: "<input>:19,5: 'meas' is already defined"
  Run 5/5: EquivalenceCriterion.no_information (import: 4.78ms, transpile: 14322.97ms, gates: {'RZGate': 45, 'measurement': 1, 'barrier': 1, 'CNOTGate': 18, 'SqrtXGate': 80}, verification: 1.0020732879638672ms )
Running 5 transpilation tests on qft_05...
Verification failed: "<input>:5,5: 'meas' is already defined"
  Run 1/5: EquivalenceCriterion.no_information (import: 5.14ms, transpile: 18991.78ms, gates: {'RZGate': 79, 'measurement': 1, 'CNOTGate': 26, 'barrier': 1, 'SqrtXGate': 114}, verification: 2.106189727783203ms )
Verification failed: "<input>:5,5: 'meas' is already defined"
  Run 2/5: EquivalenceCriterion.no_information (import: 20.60ms, transpile: 17806.89ms, gates: {'RZGate': 74, 'measurement': 1, 'CNOTGate': 26, 'barrier': 1, 'SqrtXGate': 114}, verification: 3.130674362182617ms )
Verification failed: "<input>:5,5: 'meas' is already defined"
  Run 3/5: EquivalenceCriterion.no_information (import: 5.48ms, transpile: 18595.12ms, gates: {'RZGate': 74, 'measurement': 1, 'CNOTGate': 26, 'barrier': 1, 'SqrtXGate': 114}, verification: 1.6813278198242188ms )
Verification failed: "<input>:5,5: 'meas' is already defined"
  Run 4/5: EquivalenceCriterion.no_information (import: 7.84ms, transpile: 17625.58ms, gates: {'RZGate': 76, 'measurement': 1, 'CNOTGate': 26, 'barrier': 1, 'SqrtXGate': 114}, verification: 2.1104812622070312ms )
Verification failed: "<input>:5,5: 'meas' is already defined"
  Run 5/5: EquivalenceCriterion.no_information (import: 5.16ms, transpile: 15104.23ms, gates: {'RZGate': 76, 'measurement': 1, 'CNOTGate': 26, 'barrier': 1, 'SqrtXGate': 114}, verification: 1.2345314025878906ms )
Running 5 transpilation tests on qft_06...
Verification failed: "<input>:5,5: 'meas' is already defined"
  Run 1/5: EquivalenceCriterion.no_information (import: 5.69ms, transpile: 20325.60ms, gates: {'measurement': 1, 'RZGate': 112, 'barrier': 1, 'CNOTGate': 39, 'SqrtXGate': 168}, verification: 3.1280517578125ms )
Verification failed: "<input>:5,5: 'meas' is already defined"
  Run 2/5: EquivalenceCriterion.no_information (import: 6.34ms, transpile: 24703.90ms, gates: {'measurement': 1, 'RZGate': 114, 'barrier': 1, 'CNOTGate': 39, 'SqrtXGate': 168}, verification: 1.6818046569824219ms )
Verification failed: "<input>:5,5: 'meas' is already defined"
  Run 3/5: EquivalenceCriterion.no_information (import: 8.21ms, transpile: 26285.86ms, gates: {'measurement': 1, 'RZGate': 112, 'barrier': 1, 'CNOTGate': 39, 'SqrtXGate': 168}, verification: 1.459360122680664ms )
Verification failed: "<input>:5,5: 'meas' is already defined"
  Run 4/5: EquivalenceCriterion.no_information (import: 6.32ms, transpile: 23964.50ms, gates: {'measurement': 1, 'RZGate': 110, 'barrier': 1, 'CNOTGate': 39, 'SqrtXGate': 168}, verification: 3.91387939453125ms )
Verification failed: "<input>:5,5: 'meas' is already defined"
  Run 5/5: EquivalenceCriterion.no_information (import: 6.22ms, transpile: 26736.62ms, gates: {'measurement': 1, 'RZGate': 109, 'barrier': 1, 'CNOTGate': 39, 'SqrtXGate': 168}, verification: 1.4891624450683594ms )
Running 5 transpilation tests on qft_07...
Verification failed: "<input>:38,5: 'meas' is already defined"
  Run 1/5: EquivalenceCriterion.no_information (import: 6.75ms, transpile: 33180.22ms, gates: {'RZGate': 141, 'measurement': 1, 'CNOTGate': 51, 'barrier': 1, 'SqrtXGate': 218}, verification: 1.7709732055664062ms )
Verification failed: "<input>:38,5: 'meas' is already defined"
  Run 2/5: EquivalenceCriterion.no_information (import: 7.26ms, transpile: 27896.66ms, gates: {'RZGate': 141, 'measurement': 1, 'CNOTGate': 51, 'barrier': 1, 'SqrtXGate': 218}, verification: 26.996850967407227ms )
Verification failed: "<input>:38,5: 'meas' is already defined"
  Run 3/5: EquivalenceCriterion.no_information (import: 7.71ms, transpile: 30438.44ms, gates: {'RZGate': 139, 'measurement': 1, 'CNOTGate': 51, 'barrier': 1, 'SqrtXGate': 218}, verification: 1.9059181213378906ms )
Verification failed: "<input>:38,5: 'meas' is already defined"
  Run 4/5: EquivalenceCriterion.no_information (import: 7.79ms, transpile: 32579.43ms, gates: {'RZGate': 142, 'measurement': 1, 'CNOTGate': 51, 'barrier': 1, 'SqrtXGate': 218}, verification: 3.522157669067383ms )
Verification failed: "<input>:38,5: 'meas' is already defined"
  Run 5/5: EquivalenceCriterion.no_information (import: 5.73ms, transpile: 30612.91ms, gates: {'RZGate': 139, 'measurement': 1, 'CNOTGate': 51, 'barrier': 1, 'SqrtXGate': 218}, verification: 1.7895698547363281ms )
Running 5 transpilation tests on qft_08...
Verification failed: "<input>:5,5: 'meas' is already defined"
  Run 1/5: EquivalenceCriterion.no_information (import: 7.81ms, transpile: 39519.22ms, gates: {'barrier': 1, 'RZGate': 187, 'CNOTGate': 68, 'measurement': 1, 'SqrtXGate': 288}, verification: 3.780841827392578ms )
Verification failed: "<input>:5,5: 'meas' is already defined"
  Run 2/5: EquivalenceCriterion.no_information (import: 12.97ms, transpile: 46952.83ms, gates: {'barrier': 1, 'RZGate': 175, 'CNOTGate': 68, 'measurement': 1, 'SqrtXGate': 288}, verification: 2.053976058959961ms )
Verification failed: "<input>:5,5: 'meas' is already defined"
  Run 3/5: EquivalenceCriterion.no_information (import: 8.45ms, transpile: 48477.49ms, gates: {'barrier': 1, 'RZGate': 181, 'CNOTGate': 68, 'measurement': 1, 'SqrtXGate': 288}, verification: 3.4499168395996094ms )
Verification failed: "<input>:5,5: 'meas' is already defined"
  Run 4/5: EquivalenceCriterion.no_information (import: 8.95ms, transpile: 49199.70ms, gates: {'barrier': 1, 'RZGate': 174, 'CNOTGate': 68, 'measurement': 1, 'SqrtXGate': 288}, verification: 2.028226852416992ms )
Verification failed: "<input>:5,5: 'meas' is already defined"
  Run 5/5: EquivalenceCriterion.no_information (import: 8.67ms, transpile: 47633.58ms, gates: {'barrier': 1, 'RZGate': 181, 'CNOTGate': 68, 'measurement': 1, 'SqrtXGate': 288}, verification: 3.537893295288086ms )
Failed to extract qubits: Unexpected token Token('ID', 'Traceback') at line 1, column 1.
Expected one of:
        * OPENQASM
Previous tokens: [None]

Running 5 transpilation tests on hhl_02...
  Run 1/5: FAILED - Import failed: Unexpected token Token('ID', 'Traceback') at line 1, column 1.
Expected one of:
        * OPENQASM
Previous tokens: [None]

  Run 2/5: FAILED - Import failed: Unexpected token Token('ID', 'Traceback') at line 1, column 1.
Expected one of:
        * OPENQASM
Previous tokens: [None]

  Run 3/5: FAILED - Import failed: Unexpected token Token('ID', 'Traceback') at line 1, column 1.
Expected one of:
        * OPENQASM
Previous tokens: [None]

  Run 4/5: FAILED - Import failed: Unexpected token Token('ID', 'Traceback') at line 1, column 1.
Expected one of:
        * OPENQASM
Previous tokens: [None]

  Run 5/5: FAILED - Import failed: Unexpected token Token('ID', 'Traceback') at line 1, column 1.
Expected one of:
        * OPENQASM
Previous tokens: [None]

Running 5 transpilation tests on hhl_03...
  Run 1/5: EquivalenceCriterion.equivalent_up_to_global_phase (import: 4.84ms, transpile: 4491.14ms, gates: {'CNOTGate': 4, 'RZGate': 10, 'measurement': 1, 'SqrtXGate': 22}, verification: 28.04875373840332ms )
  Run 2/5: EquivalenceCriterion.equivalent_up_to_global_phase (import: 3.93ms, transpile: 4501.62ms, gates: {'CNOTGate': 4, 'RZGate': 10, 'measurement': 1, 'SqrtXGate': 22}, verification: 45.98736763000488ms )
  Run 3/5: EquivalenceCriterion.equivalent_up_to_global_phase (import: 4.15ms, transpile: 4613.89ms, gates: {'CNOTGate': 4, 'RZGate': 10, 'measurement': 1, 'SqrtXGate': 22}, verification: 11.07025146484375ms )
  Run 4/5: EquivalenceCriterion.equivalent_up_to_global_phase (import: 4.16ms, transpile: 4595.41ms, gates: {'CNOTGate': 4, 'RZGate': 10, 'measurement': 1, 'SqrtXGate': 22}, verification: 10.411977767944336ms )
  Run 5/5: EquivalenceCriterion.equivalent_up_to_global_phase (import: 3.99ms, transpile: 4735.04ms, gates: {'CNOTGate': 4, 'RZGate': 10, 'measurement': 1, 'SqrtXGate': 22}, verification: 8.902311325073242ms )
Running 5 transpilation tests on hhl_04...
  Run 1/5: EquivalenceCriterion.not_equivalent (import: 4.74ms, transpile: 21581.91ms, gates: {'CNOTGate': 17, 'RZGate': 42, 'measurement': 1, 'SqrtXGate': 76}, verification: 32.324790954589844ms )
  Run 2/5: EquivalenceCriterion.not_equivalent (import: 5.78ms, transpile: 21221.57ms, gates: {'CNOTGate': 17, 'RZGate': 42, 'measurement': 1, 'SqrtXGate': 76}, verification: 42.33741760253906ms )
  Run 3/5: EquivalenceCriterion.not_equivalent (import: 5.37ms, transpile: 20526.74ms, gates: {'CNOTGate': 17, 'RZGate': 42, 'measurement': 1, 'SqrtXGate': 76}, verification: 32.67049789428711ms )
  Run 4/5: EquivalenceCriterion.not_equivalent (import: 5.36ms, transpile: 20869.60ms, gates: {'CNOTGate': 17, 'RZGate': 42, 'measurement': 1, 'SqrtXGate': 76}, verification: 20.130157470703125ms )
  Run 5/5: EquivalenceCriterion.not_equivalent (import: 5.27ms, transpile: 21271.47ms, gates: {'CNOTGate': 17, 'RZGate': 42, 'measurement': 1, 'SqrtXGate': 76}, verification: 20.298480987548828ms )
Running 5 transpilation tests on hhl_05...
  Run 1/5: EquivalenceCriterion.not_equivalent (import: 6.24ms, transpile: 21027.31ms, gates: {'CNOTGate': 31, 'RZGate': 95, 'measurement': 1, 'SqrtXGate': 134}, verification: 75.34933090209961ms )
  Run 2/5: EquivalenceCriterion.not_equivalent (import: 7.00ms, transpile: 21306.31ms, gates: {'CNOTGate': 32, 'RZGate': 91, 'measurement': 1, 'SqrtXGate': 138}, verification: 83.33754539489746ms )
  Run 3/5: EquivalenceCriterion.not_equivalent (import: 6.33ms, transpile: 25000.68ms, gates: {'CNOTGate': 32, 'RZGate': 94, 'measurement': 1, 'SqrtXGate': 138}, verification: 90.44694900512695ms )
  Run 4/5: EquivalenceCriterion.not_equivalent (import: 6.31ms, transpile: 21185.60ms, gates: {'CNOTGate': 32, 'RZGate': 90, 'measurement': 1, 'SqrtXGate': 138}, verification: 88.52815628051758ms )
  Run 5/5: EquivalenceCriterion.not_equivalent (import: 6.27ms, transpile: 21792.77ms, gates: {'CNOTGate': 32, 'RZGate': 90, 'measurement': 1, 'SqrtXGate': 138}, verification: 118.76034736633301ms )
Running 5 transpilation tests on hhl_06...
  Run 1/5: EquivalenceCriterion.not_equivalent (import: 7.09ms, transpile: 41686.14ms, gates: {'CNOTGate': 56, 'RZGate': 144, 'measurement': 1, 'SqrtXGate': 236}, verification: 2346.4713096618652ms )
  Run 2/5: EquivalenceCriterion.not_equivalent (import: 8.00ms, transpile: 42040.46ms, gates: {'CNOTGate': 56, 'RZGate': 144, 'measurement': 1, 'SqrtXGate': 236}, verification: 2486.4490032196045ms )
  Run 3/5: EquivalenceCriterion.not_equivalent (import: 6.43ms, transpile: 41758.57ms, gates: {'CNOTGate': 56, 'RZGate': 144, 'measurement': 1, 'SqrtXGate': 236}, verification: 2358.867883682251ms )
  Run 4/5: EquivalenceCriterion.not_equivalent (import: 8.24ms, transpile: 42486.80ms, gates: {'CNOTGate': 56, 'RZGate': 144, 'measurement': 1, 'SqrtXGate': 236}, verification: 2397.162675857544ms )
  Run 5/5: EquivalenceCriterion.not_equivalent (import: 10.63ms, transpile: 42026.61ms, gates: {'CNOTGate': 56, 'RZGate': 144, 'measurement': 1, 'SqrtXGate': 236}, verification: 2715.785264968872ms )
Running 5 transpilation tests on hhl_07...
  Run 1/5: EquivalenceCriterion.not_equivalent (import: 9.17ms, transpile: 48705.34ms, gates: {'CNOTGate': 78, 'RZGate': 213, 'measurement': 1, 'SqrtXGate': 326}, verification: 35596.71592712402ms )
  Run 2/5: EquivalenceCriterion.not_equivalent (import: 9.74ms, transpile: 45427.65ms, gates: {'CNOTGate': 78, 'RZGate': 207, 'measurement': 1, 'SqrtXGate': 326}, verification: 23684.074640274048ms )
  Run 3/5: EquivalenceCriterion.not_equivalent (import: 9.72ms, transpile: 47185.07ms, gates: {'CNOTGate': 78, 'RZGate': 208, 'measurement': 1, 'SqrtXGate': 326}, verification: 36342.11492538452ms )
  Run 4/5: EquivalenceCriterion.not_equivalent (import: 9.70ms, transpile: 48081.89ms, gates: {'CNOTGate': 78, 'RZGate': 203, 'measurement': 1, 'SqrtXGate': 326}, verification: 25454.42485809326ms )
  Run 5/5: EquivalenceCriterion.not_equivalent (import: 9.75ms, transpile: 48564.28ms, gates: {'CNOTGate': 78, 'RZGate': 208, 'measurement': 1, 'SqrtXGate': 326}, verification: 37251.75428390503ms )
Running 5 transpilation tests on hhl_08...
  Run 1/5: EquivalenceCriterion.not_equivalent (import: 8.28ms, transpile: 73911.50ms, gates: {'CNOTGate': 109, 'RZGate': 290, 'measurement': 1, 'SqrtXGate': 452}, verification: 410178.1747341156ms )
  Run 2/5: EquivalenceCriterion.not_equivalent (import: 12.59ms, transpile: 74132.86ms, gates: {'CNOTGate': 109, 'RZGate': 298, 'measurement': 1, 'SqrtXGate': 452}, verification: 517187.7496242523ms )
  Run 3/5: EquivalenceCriterion.not_equivalent (import: 12.36ms, transpile: 70242.44ms, gates: {'CNOTGate': 109, 'RZGate': 292, 'measurement': 1, 'SqrtXGate': 452}, verification: 183219.38371658325ms )
  Run 4/5: EquivalenceCriterion.not_equivalent (import: 12.21ms, transpile: 73264.06ms, gates: {'CNOTGate': 109, 'RZGate': 290, 'measurement': 1, 'SqrtXGate': 452}, verification: 409386.01899147034ms )
  Run 5/5: EquivalenceCriterion.not_equivalent (import: 12.15ms, transpile: 73970.65ms, gates: {'CNOTGate': 109, 'RZGate': 298, 'measurement': 1, 'SqrtXGate': 452}, verification: 512493.2804107666ms )
Running 5 transpilation tests on randomcircuit_02...
Verification failed: "<input>:12,5: 'meas' is already defined"
  Run 1/5: EquivalenceCriterion.no_information (import: 3.34ms, transpile: 1128.29ms, gates: {'RZGate': 11, 'barrier': 1, 'CNOTGate': 2, 'measurement': 1, 'SqrtXGate': 12}, verification: 24.451017379760742ms )
Verification failed: "<input>:12,5: 'meas' is already defined"
  Run 2/5: EquivalenceCriterion.no_information (import: 4.00ms, transpile: 1168.48ms, gates: {'RZGate': 11, 'barrier': 1, 'CNOTGate': 2, 'measurement': 1, 'SqrtXGate': 12}, verification: 1.2612342834472656ms )
Verification failed: "<input>:12,5: 'meas' is already defined"
  Run 3/5: EquivalenceCriterion.no_information (import: 5.19ms, transpile: 1190.94ms, gates: {'RZGate': 11, 'barrier': 1, 'CNOTGate': 2, 'measurement': 1, 'SqrtXGate': 12}, verification: 1.2431144714355469ms )
Verification failed: "<input>:12,5: 'meas' is already defined"
  Run 4/5: EquivalenceCriterion.no_information (import: 5.03ms, transpile: 1136.07ms, gates: {'RZGate': 11, 'barrier': 1, 'CNOTGate': 2, 'measurement': 1, 'SqrtXGate': 12}, verification: 0.8485317230224609ms )
Verification failed: "<input>:12,5: 'meas' is already defined"
  Run 5/5: EquivalenceCriterion.no_information (import: 4.53ms, transpile: 1075.31ms, gates: {'RZGate': 11, 'barrier': 1, 'CNOTGate': 2, 'measurement': 1, 'SqrtXGate': 12}, verification: 1.199483871459961ms )
Running 5 transpilation tests on randomcircuit_03...
/u/halle/wraf/home_at/qml-env/lib/python3.12/site-packages/bqskit/passes/synthesis/leap.py:358: SmallSampleWarning: One or more sample arguments is too small; all returned values will be NaN. See documentation for sample size requirements.
  m, y_int, _, _, _ = linregress(best_layers, best_dists)
Verification failed: 'DaggerGate' object has no attribute '_qasm_name'
  Run 1/5: EquivalenceCriterion.no_information (import: 3.69ms, transpile: 8232.79ms, gates: {'RZGate': 19, 'barrier': 1, 'measurement': 1, 'CNOTGate': 5, 'SqrtXGate': 23}, verification: 0.6215572357177734ms )
Verification failed: 'DaggerGate' object has no attribute '_qasm_name'
  Run 2/5: EquivalenceCriterion.no_information (import: 3.61ms, transpile: 8160.88ms, gates: {'RZGate': 18, 'barrier': 1, 'measurement': 1, 'CNOTGate': 5, 'SqrtXGate': 23}, verification: 0.6208419799804688ms )
Verification failed: 'DaggerGate' object has no attribute '_qasm_name'
  Run 3/5: EquivalenceCriterion.no_information (import: 4.21ms, transpile: 8030.28ms, gates: {'RZGate': 19, 'barrier': 1, 'measurement': 1, 'CNOTGate': 5, 'SqrtXGate': 23}, verification: 0.6151199340820312ms )
Verification failed: 'DaggerGate' object has no attribute '_qasm_name'
  Run 4/5: EquivalenceCriterion.no_information (import: 4.00ms, transpile: 8123.33ms, gates: {'RZGate': 19, 'barrier': 1, 'measurement': 1, 'CNOTGate': 5, 'SqrtXGate': 23}, verification: 0.3199577331542969ms )
Verification failed: 'DaggerGate' object has no attribute '_qasm_name'
  Run 5/5: EquivalenceCriterion.no_information (import: 3.34ms, transpile: 8125.12ms, gates: {'RZGate': 19, 'barrier': 1, 'measurement': 1, 'CNOTGate': 5, 'SqrtXGate': 23}, verification: 0.6439685821533203ms )
Running 5 transpilation tests on randomcircuit_04...
  Run 1/5: FAILED - Transpilation failed: Server connection unexpectedly closed.
  Run 2/5: FAILED - Transpilation failed: Connection unexpectedly none.
  Run 3/5: FAILED - Transpilation failed: Connection unexpectedly none.
  Run 4/5: FAILED - Transpilation failed: Connection unexpectedly none.
  Run 5/5: FAILED - Transpilation failed: Connection unexpectedly none.
Running 5 transpilation tests on randomcircuit_05...
  Run 1/5: FAILED - Transpilation failed: Connection unexpectedly none.
  Run 2/5: FAILED - Transpilation failed: Connection unexpectedly none.
  Run 3/5: FAILED - Transpilation failed: Connection unexpectedly none.
  Run 4/5: FAILED - Transpilation failed: Connection unexpectedly none.
  Run 5/5: FAILED - Transpilation failed: Connection unexpectedly none.
Running 5 transpilation tests on randomcircuit_06...
  Run 1/5: FAILED - Transpilation failed: Connection unexpectedly none.
  Run 2/5: FAILED - Transpilation failed: Connection unexpectedly none.
  Run 3/5: FAILED - Transpilation failed: Connection unexpectedly none.
  Run 4/5: FAILED - Transpilation failed: Connection unexpectedly none.
  Run 5/5: FAILED - Transpilation failed: Connection unexpectedly none.
Running 5 transpilation tests on randomcircuit_07...
  Run 1/5: FAILED - Transpilation failed: Connection unexpectedly none.
  Run 2/5: FAILED - Transpilation failed: Connection unexpectedly none.
  Run 3/5: FAILED - Transpilation failed: Connection unexpectedly none.
  Run 4/5: FAILED - Transpilation failed: Connection unexpectedly none.
  Run 5/5: FAILED - Transpilation failed: Connection unexpectedly none.
Running 5 transpilation tests on randomcircuit_08...
  Run 1/5: FAILED - Transpilation failed: Connection unexpectedly none.
  Run 2/5: FAILED - Transpilation failed: Connection unexpectedly none.
  Run 3/5: FAILED - Transpilation failed: Connection unexpectedly none.
  Run 4/5: FAILED - Transpilation failed: Connection unexpectedly none.
  Run 5/5: FAILED - Transpilation failed: Connection unexpectedly none.
Running 5 transpilation tests on grover_02...
  Run 1/5: FAILED - Transpilation failed: Connection unexpectedly none.
  Run 2/5: FAILED - Transpilation failed: Connection unexpectedly none.
  Run 3/5: FAILED - Transpilation failed: Connection unexpectedly none.
  Run 4/5: FAILED - Transpilation failed: Connection unexpectedly none.
  Run 5/5: FAILED - Transpilation failed: Connection unexpectedly none.
Running 5 transpilation tests on grover_03...
  Run 1/5: FAILED - Transpilation failed: Connection unexpectedly none.
  Run 2/5: FAILED - Transpilation failed: Connection unexpectedly none.
  Run 3/5: FAILED - Transpilation failed: Connection unexpectedly none.
  Run 4/5: FAILED - Transpilation failed: Connection unexpectedly none.
  Run 5/5: FAILED - Transpilation failed: Connection unexpectedly none.
Running 5 transpilation tests on grover_04...
  Run 1/5: FAILED - Transpilation failed: Connection unexpectedly none.
  Run 2/5: FAILED - Transpilation failed: Connection unexpectedly none.
  Run 3/5: FAILED - Transpilation failed: Connection unexpectedly none.
  Run 4/5: FAILED - Transpilation failed: Connection unexpectedly none.
  Run 5/5: FAILED - Transpilation failed: Connection unexpectedly none.
Running 5 transpilation tests on grover_05...
  Run 1/5: FAILED - Transpilation failed: Connection unexpectedly none.
  Run 2/5: FAILED - Transpilation failed: Connection unexpectedly none.
  Run 3/5: FAILED - Transpilation failed: Connection unexpectedly none.
  Run 4/5: FAILED - Transpilation failed: Connection unexpectedly none.
  Run 5/5: FAILED - Transpilation failed: Connection unexpectedly none.
Running 5 transpilation tests on grover_06...
  Run 1/5: FAILED - Transpilation failed: Connection unexpectedly none.
  Run 2/5: FAILED - Transpilation failed: Connection unexpectedly none.
  Run 3/5: FAILED - Transpilation failed: Connection unexpectedly none.
  Run 4/5: FAILED - Transpilation failed: Connection unexpectedly none.
  Run 5/5: FAILED - Transpilation failed: Connection unexpectedly none.
Running 5 transpilation tests on grover_07...
  Run 1/5: FAILED - Transpilation failed: Connection unexpectedly none.
  Run 2/5: FAILED - Transpilation failed: Connection unexpectedly none.
  Run 3/5: FAILED - Transpilation failed: Connection unexpectedly none.
  Run 4/5: FAILED - Transpilation failed: Connection unexpectedly none.
  Run 5/5: FAILED - Transpilation failed: Connection unexpectedly none.
Running 5 transpilation tests on grover_08...
  Run 1/5: FAILED - Transpilation failed: Connection unexpectedly none.
  Run 2/5: FAILED - Transpilation failed: Connection unexpectedly none.
  Run 3/5: FAILED - Transpilation failed: Connection unexpectedly none.
  Run 4/5: FAILED - Transpilation failed: Connection unexpectedly none.
  Run 5/5: FAILED - Transpilation failed: Connection unexpectedly none.
Running 5 transpilation tests on vqe_real_amp_02...
  Run 1/5: FAILED - Transpilation failed: Connection unexpectedly none.
  Run 2/5: FAILED - Transpilation failed: Connection unexpectedly none.
  Run 3/5: FAILED - Transpilation failed: Connection unexpectedly none.
  Run 4/5: FAILED - Transpilation failed: Connection unexpectedly none.
  Run 5/5: FAILED - Transpilation failed: Connection unexpectedly none.
Running 5 transpilation tests on vqe_real_amp_03...
  Run 1/5: FAILED - Transpilation failed: Connection unexpectedly none.
  Run 2/5: FAILED - Transpilation failed: Connection unexpectedly none.
  Run 3/5: FAILED - Transpilation failed: Connection unexpectedly none.
  Run 4/5: FAILED - Transpilation failed: Connection unexpectedly none.
  Run 5/5: FAILED - Transpilation failed: Connection unexpectedly none.
Running 5 transpilation tests on vqe_real_amp_04...
  Run 1/5: FAILED - Transpilation failed: Connection unexpectedly none.
  Run 2/5: FAILED - Transpilation failed: Connection unexpectedly none.
  Run 3/5: FAILED - Transpilation failed: Connection unexpectedly none.
  Run 4/5: FAILED - Transpilation failed: Connection unexpectedly none.
  Run 5/5: FAILED - Transpilation failed: Connection unexpectedly none.
Running 5 transpilation tests on vqe_real_amp_05...
  Run 1/5: FAILED - Transpilation failed: Connection unexpectedly none.
  Run 2/5: FAILED - Transpilation failed: Connection unexpectedly none.
  Run 3/5: FAILED - Transpilation failed: Connection unexpectedly none.
  Run 4/5: FAILED - Transpilation failed: Connection unexpectedly none.
  Run 5/5: FAILED - Transpilation failed: Connection unexpectedly none.
Running 5 transpilation tests on vqe_real_amp_06...
  Run 1/5: FAILED - Transpilation failed: Connection unexpectedly none.
  Run 2/5: FAILED - Transpilation failed: Connection unexpectedly none.
  Run 3/5: FAILED - Transpilation failed: Connection unexpectedly none.
  Run 4/5: FAILED - Transpilation failed: Connection unexpectedly none.
  Run 5/5: FAILED - Transpilation failed: Connection unexpectedly none.
Running 5 transpilation tests on vqe_real_amp_07...
  Run 1/5: FAILED - Transpilation failed: Connection unexpectedly none.
  Run 2/5: FAILED - Transpilation failed: Connection unexpectedly none.
  Run 3/5: FAILED - Transpilation failed: Connection unexpectedly none.
  Run 4/5: FAILED - Transpilation failed: Connection unexpectedly none.
  Run 5/5: FAILED - Transpilation failed: Connection unexpectedly none.
Running 5 transpilation tests on vqe_real_amp_08...
  Run 1/5: FAILED - Transpilation failed: Connection unexpectedly none.
  Run 2/5: FAILED - Transpilation failed: Connection unexpectedly none.
  Run 3/5: FAILED - Transpilation failed: Connection unexpectedly none.
  Run 4/5: FAILED - Transpilation failed: Connection unexpectedly none.
  Run 5/5: FAILED - Transpilation failed: Connection unexpectedly none.
Results saved to final/transpiler_result_20260704_144616_BQSkit_mapped_all_to_all_IBM_gateset.json
Processing SDK: BQSkit_independent
Running 5 transpilation tests on qaoa_02...
The ZX checker suggests that the circuits are not equivalent, but the simulation checker suggests that they are probably equivalent. Thus, no conclusion can be drawn.
  Run 1/5: EquivalenceCriterion.no_information (import: 3.09ms, transpile: 2471.05ms, gates: {'CNOTGate': 2, 'U3Gate': 6}, verification: 22.646665573120117ms )
  Run 2/5: EquivalenceCriterion.equivalent_up_to_global_phase (import: 3.33ms, transpile: 364.83ms, gates: {'CNOTGate': 2, 'U3Gate': 6}, verification: 2.724885940551758ms )
The ZX checker suggests that the circuits are not equivalent, but the simulation checker suggests that they are probably equivalent. Thus, no conclusion can be drawn.
  Run 3/5: EquivalenceCriterion.no_information (import: 3.57ms, transpile: 380.29ms, gates: {'CNOTGate': 2, 'U3Gate': 6}, verification: 2.401590347290039ms )
  Run 4/5: EquivalenceCriterion.equivalent_up_to_global_phase (import: 3.35ms, transpile: 378.98ms, gates: {'CNOTGate': 2, 'U3Gate': 6}, verification: 3.8750171661376953ms )
  Run 5/5: EquivalenceCriterion.equivalent_up_to_global_phase (import: 2.76ms, transpile: 350.65ms, gates: {'CNOTGate': 2, 'U3Gate': 6}, verification: 2.665281295776367ms )
Running 5 transpilation tests on qaoa_03...
  Run 1/5: EquivalenceCriterion.equivalent_up_to_global_phase (import: 3.10ms, transpile: 1682.18ms, gates: {'CNOTGate': 6, 'U3Gate': 11}, verification: 26.98349952697754ms )
  Run 2/5: EquivalenceCriterion.equivalent_up_to_global_phase (import: 3.79ms, transpile: 1688.83ms, gates: {'CNOTGate': 6, 'U3Gate': 11}, verification: 15.93327522277832ms )
The ZX checker suggests that the circuits are not equivalent, but the simulation checker suggests that they are probably equivalent. Thus, no conclusion can be drawn.
  Run 3/5: EquivalenceCriterion.no_information (import: 3.74ms, transpile: 1691.28ms, gates: {'CNOTGate': 6, 'U3Gate': 11}, verification: 10.917425155639648ms )
  Run 4/5: EquivalenceCriterion.equivalent_up_to_global_phase (import: 3.78ms, transpile: 1578.55ms, gates: {'CNOTGate': 6, 'U3Gate': 11}, verification: 13.499736785888672ms )
  Run 5/5: EquivalenceCriterion.equivalent_up_to_global_phase (import: 5.25ms, transpile: 1772.36ms, gates: {'CNOTGate': 6, 'U3Gate': 11}, verification: 9.302616119384766ms )
Running 5 transpilation tests on qaoa_04...
  Run 1/5: EquivalenceCriterion.equivalent_up_to_global_phase (import: 4.17ms, transpile: 2012.81ms, gates: {'CNOTGate': 6, 'U3Gate': 13}, verification: 24.181127548217773ms )
  Run 2/5: EquivalenceCriterion.equivalent_up_to_global_phase (import: 3.94ms, transpile: 2045.04ms, gates: {'CNOTGate': 6, 'U3Gate': 13}, verification: 17.917633056640625ms )
  Run 3/5: EquivalenceCriterion.equivalent_up_to_global_phase (import: 5.43ms, transpile: 2067.96ms, gates: {'CNOTGate': 6, 'U3Gate': 13}, verification: 10.983705520629883ms )
The ZX checker suggests that the circuits are not equivalent, but the simulation checker suggests that they are probably equivalent. Thus, no conclusion can be drawn.
  Run 4/5: EquivalenceCriterion.no_information (import: 3.91ms, transpile: 1853.95ms, gates: {'CNOTGate': 6, 'U3Gate': 13}, verification: 11.419534683227539ms )
The ZX checker suggests that the circuits are not equivalent, but the simulation checker suggests that they are probably equivalent. Thus, no conclusion can be drawn.
  Run 5/5: EquivalenceCriterion.no_information (import: 3.91ms, transpile: 2057.75ms, gates: {'CNOTGate': 6, 'U3Gate': 13}, verification: 11.414527893066406ms )
Running 5 transpilation tests on qaoa_05...
The ZX checker suggests that the circuits are not equivalent, but the simulation checker suggests that they are probably equivalent. Thus, no conclusion can be drawn.
  Run 1/5: EquivalenceCriterion.no_information (import: 3.40ms, transpile: 2769.69ms, gates: {'CNOTGate': 24, 'U3Gate': 35}, verification: 42.23346710205078ms )
The ZX checker suggests that the circuits are not equivalent, but the simulation checker suggests that they are probably equivalent. Thus, no conclusion can be drawn.
  Run 2/5: EquivalenceCriterion.no_information (import: 7.19ms, transpile: 2283.93ms, gates: {'CNOTGate': 24, 'U3Gate': 39}, verification: 54.69870567321777ms )
The ZX checker suggests that the circuits are not equivalent, but the simulation checker suggests that they are probably equivalent. Thus, no conclusion can be drawn.
  Run 3/5: EquivalenceCriterion.no_information (import: 5.71ms, transpile: 2801.24ms, gates: {'CNOTGate': 24, 'U3Gate': 35}, verification: 39.31117057800293ms )
The ZX checker suggests that the circuits are not equivalent, but the simulation checker suggests that they are probably equivalent. Thus, no conclusion can be drawn.
  Run 4/5: EquivalenceCriterion.no_information (import: 5.66ms, transpile: 2745.42ms, gates: {'CNOTGate': 24, 'U3Gate': 35}, verification: 34.5919132232666ms )
The ZX checker suggests that the circuits are not equivalent, but the simulation checker suggests that they are probably equivalent. Thus, no conclusion can be drawn.
  Run 5/5: EquivalenceCriterion.no_information (import: 7.54ms, transpile: 2320.94ms, gates: {'CNOTGate': 24, 'U3Gate': 39}, verification: 29.94513511657715ms )
Running 5 transpilation tests on qaoa_06...
The ZX checker suggests that the circuits are not equivalent, but the simulation checker suggests that they are probably equivalent. Thus, no conclusion can be drawn.
  Run 1/5: EquivalenceCriterion.no_information (import: 5.41ms, transpile: 4000.13ms, gates: {'CNOTGate': 29, 'U3Gate': 38}, verification: 148.93388748168945ms )
The ZX checker suggests that the circuits are not equivalent, but the simulation checker suggests that they are probably equivalent. Thus, no conclusion can be drawn.
  Run 2/5: EquivalenceCriterion.no_information (import: 5.46ms, transpile: 4249.33ms, gates: {'CNOTGate': 29, 'U3Gate': 38}, verification: 161.58080101013184ms )
The ZX checker suggests that the circuits are not equivalent, but the simulation checker suggests that they are probably equivalent. Thus, no conclusion can be drawn.
  Run 3/5: EquivalenceCriterion.no_information (import: 11.64ms, transpile: 4157.01ms, gates: {'CNOTGate': 28, 'U3Gate': 37}, verification: 322.45445251464844ms )
The ZX checker suggests that the circuits are not equivalent, but the simulation checker suggests that they are probably equivalent. Thus, no conclusion can be drawn.
  Run 4/5: EquivalenceCriterion.no_information (import: 5.37ms, transpile: 4236.05ms, gates: {'CNOTGate': 29, 'U3Gate': 38}, verification: 119.40860748291016ms )
The ZX checker suggests that the circuits are not equivalent, but the simulation checker suggests that they are probably equivalent. Thus, no conclusion can be drawn.
  Run 5/5: EquivalenceCriterion.no_information (import: 5.37ms, transpile: 3875.17ms, gates: {'CNOTGate': 29, 'U3Gate': 38}, verification: 124.48954582214355ms )
Running 5 transpilation tests on qaoa_07...
The ZX checker suggests that the circuits are not equivalent, but the simulation checker suggests that they are probably equivalent. Thus, no conclusion can be drawn.
  Run 1/5: EquivalenceCriterion.no_information (import: 5.76ms, transpile: 5484.63ms, gates: {'CNOTGate': 48, 'U3Gate': 74}, verification: 997.5309371948242ms )
The ZX checker suggests that the circuits are not equivalent, but the simulation checker suggests that they are probably equivalent. Thus, no conclusion can be drawn.
  Run 2/5: EquivalenceCriterion.no_information (import: 6.52ms, transpile: 6034.75ms, gates: {'CNOTGate': 48, 'U3Gate': 73}, verification: 2364.652633666992ms )
The ZX checker suggests that the circuits are not equivalent, but the simulation checker suggests that they are probably equivalent. Thus, no conclusion can be drawn.
  Run 3/5: EquivalenceCriterion.no_information (import: 6.47ms, transpile: 6027.95ms, gates: {'CNOTGate': 48, 'U3Gate': 74}, verification: 643.2468891143799ms )
The ZX checker suggests that the circuits are not equivalent, but the simulation checker suggests that they are probably equivalent. Thus, no conclusion can be drawn.
  Run 4/5: EquivalenceCriterion.no_information (import: 8.01ms, transpile: 6361.73ms, gates: {'CNOTGate': 48, 'U3Gate': 74}, verification: 572.4518299102783ms )
The ZX checker suggests that the circuits are not equivalent, but the simulation checker suggests that they are probably equivalent. Thus, no conclusion can be drawn.
  Run 5/5: EquivalenceCriterion.no_information (import: 6.47ms, transpile: 5906.12ms, gates: {'CNOTGate': 48, 'U3Gate': 74}, verification: 561.1827373504639ms )
Running 5 transpilation tests on qaoa_08...
The ZX checker suggests that the circuits are not equivalent, but the simulation checker suggests that they are probably equivalent. Thus, no conclusion can be drawn.
  Run 1/5: EquivalenceCriterion.no_information (import: 6.27ms, transpile: 6207.35ms, gates: {'CNOTGate': 56, 'U3Gate': 82}, verification: 4234.489917755127ms )
The ZX checker suggests that the circuits are not equivalent, but the simulation checker suggests that they are probably equivalent. Thus, no conclusion can be drawn.
  Run 2/5: EquivalenceCriterion.no_information (import: 7.12ms, transpile: 6140.72ms, gates: {'CNOTGate': 56, 'U3Gate': 81}, verification: 3778.2201766967773ms )
The ZX checker suggests that the circuits are not equivalent, but the simulation checker suggests that they are probably equivalent. Thus, no conclusion can be drawn.
  Run 3/5: EquivalenceCriterion.no_information (import: 7.01ms, transpile: 6157.04ms, gates: {'CNOTGate': 56, 'U3Gate': 81}, verification: 3834.5694541931152ms )
The ZX checker suggests that the circuits are not equivalent, but the simulation checker suggests that they are probably equivalent. Thus, no conclusion can be drawn.
  Run 4/5: EquivalenceCriterion.no_information (import: 7.13ms, transpile: 6208.12ms, gates: {'CNOTGate': 56, 'U3Gate': 81}, verification: 3760.164737701416ms )
The ZX checker suggests that the circuits are not equivalent, but the simulation checker suggests that they are probably equivalent. Thus, no conclusion can be drawn.
  Run 5/5: EquivalenceCriterion.no_information (import: 7.07ms, transpile: 6162.76ms, gates: {'CNOTGate': 56, 'U3Gate': 81}, verification: 3936.0249042510986ms )
Running 5 transpilation tests on qft_02...
Verification failed: "<input>:11,5: 'meas' is already defined"
  Run 1/5: EquivalenceCriterion.no_information (import: 3.27ms, transpile: 446.07ms, gates: {'CNOTGate': 3, 'barrier': 1, 'U3Gate': 6, 'measurement': 1}, verification: 0.7538795471191406ms )
Verification failed: "<input>:11,5: 'meas' is already defined"
  Run 2/5: EquivalenceCriterion.no_information (import: 3.91ms, transpile: 408.34ms, gates: {'CNOTGate': 3, 'barrier': 1, 'U3Gate': 6, 'measurement': 1}, verification: 1.0943412780761719ms )
Verification failed: "<input>:11,5: 'meas' is already defined"
  Run 3/5: EquivalenceCriterion.no_information (import: 4.36ms, transpile: 385.00ms, gates: {'CNOTGate': 3, 'barrier': 1, 'U3Gate': 6, 'measurement': 1}, verification: 0.7307529449462891ms )
Verification failed: "<input>:11,5: 'meas' is already defined"
  Run 4/5: EquivalenceCriterion.no_information (import: 3.80ms, transpile: 394.35ms, gates: {'CNOTGate': 3, 'barrier': 1, 'U3Gate': 6, 'measurement': 1}, verification: 1.1222362518310547ms )
Verification failed: "<input>:11,5: 'meas' is already defined"
  Run 5/5: EquivalenceCriterion.no_information (import: 5.48ms, transpile: 377.95ms, gates: {'CNOTGate': 3, 'barrier': 1, 'U3Gate': 6, 'measurement': 1}, verification: 0.7243156433105469ms )
Running 5 transpilation tests on qft_03...
Verification failed: "<input>:14,5: 'meas' is already defined"
  Run 1/5: EquivalenceCriterion.no_information (import: 3.23ms, transpile: 1982.93ms, gates: {'CNOTGate': 7, 'barrier': 1, 'U3Gate': 9, 'measurement': 1}, verification: 0.8633136749267578ms )
Verification failed: "<input>:14,5: 'meas' is already defined"
  Run 2/5: EquivalenceCriterion.no_information (import: 4.17ms, transpile: 1885.88ms, gates: {'CNOTGate': 7, 'barrier': 1, 'U3Gate': 9, 'measurement': 1}, verification: 0.8029937744140625ms )
Verification failed: "<input>:14,5: 'meas' is already defined"
  Run 3/5: EquivalenceCriterion.no_information (import: 4.08ms, transpile: 1794.10ms, gates: {'CNOTGate': 7, 'barrier': 1, 'U3Gate': 9, 'measurement': 1}, verification: 0.8103847503662109ms )
Verification failed: "<input>:14,5: 'meas' is already defined"
  Run 4/5: EquivalenceCriterion.no_information (import: 4.06ms, transpile: 1913.85ms, gates: {'CNOTGate': 7, 'barrier': 1, 'U3Gate': 9, 'measurement': 1}, verification: 0.8614063262939453ms )
Verification failed: "<input>:14,5: 'meas' is already defined"
  Run 5/5: EquivalenceCriterion.no_information (import: 4.10ms, transpile: 2070.74ms, gates: {'CNOTGate': 7, 'barrier': 1, 'U3Gate': 9, 'measurement': 1}, verification: 0.9150505065917969ms )
Running 5 transpilation tests on qft_04...
Verification failed: "<input>:19,5: 'meas' is already defined"
  Run 1/5: EquivalenceCriterion.no_information (import: 7.57ms, transpile: 3941.19ms, gates: {'CNOTGate': 19, 'U3Gate': 27, 'measurement': 1, 'barrier': 1}, verification: 1.0173320770263672ms )
Verification failed: "<input>:19,5: 'meas' is already defined"
  Run 2/5: EquivalenceCriterion.no_information (import: 4.70ms, transpile: 3904.17ms, gates: {'CNOTGate': 18, 'U3Gate': 24, 'measurement': 1, 'barrier': 1}, verification: 1.0361671447753906ms )
Verification failed: "<input>:19,5: 'meas' is already defined"
  Run 3/5: EquivalenceCriterion.no_information (import: 4.69ms, transpile: 3724.03ms, gates: {'CNOTGate': 19, 'U3Gate': 27, 'measurement': 1, 'barrier': 1}, verification: 1.013040542602539ms )
Verification failed: "<input>:19,5: 'meas' is already defined"
  Run 4/5: EquivalenceCriterion.no_information (import: 4.70ms, transpile: 3675.05ms, gates: {'CNOTGate': 18, 'U3Gate': 24, 'measurement': 1, 'barrier': 1}, verification: 1.6913414001464844ms )
Verification failed: "<input>:19,5: 'meas' is already defined"
  Run 5/5: EquivalenceCriterion.no_information (import: 4.10ms, transpile: 3872.16ms, gates: {'CNOTGate': 19, 'U3Gate': 27, 'measurement': 1, 'barrier': 1}, verification: 1.7194747924804688ms )
Running 5 transpilation tests on qft_05...
Verification failed: "<input>:5,5: 'meas' is already defined"
  Run 1/5: EquivalenceCriterion.no_information (import: 3.76ms, transpile: 5013.18ms, gates: {'CNOTGate': 26, 'barrier': 1, 'U3Gate': 40, 'measurement': 1}, verification: 1.1947154998779297ms )
Verification failed: "<input>:5,5: 'meas' is already defined"
  Run 2/5: EquivalenceCriterion.no_information (import: 5.50ms, transpile: 4966.68ms, gates: {'CNOTGate': 26, 'barrier': 1, 'U3Gate': 40, 'measurement': 1}, verification: 1.1966228485107422ms )
Verification failed: "<input>:5,5: 'meas' is already defined"
  Run 3/5: EquivalenceCriterion.no_information (import: 5.60ms, transpile: 4814.14ms, gates: {'CNOTGate': 26, 'barrier': 1, 'U3Gate': 40, 'measurement': 1}, verification: 3.977537155151367ms )
Verification failed: "<input>:5,5: 'meas' is already defined"
  Run 4/5: EquivalenceCriterion.no_information (import: 7.29ms, transpile: 5020.00ms, gates: {'CNOTGate': 26, 'barrier': 1, 'U3Gate': 40, 'measurement': 1}, verification: 1.2056827545166016ms )
Verification failed: "<input>:5,5: 'meas' is already defined"
  Run 5/5: EquivalenceCriterion.no_information (import: 5.50ms, transpile: 3824.49ms, gates: {'CNOTGate': 26, 'barrier': 1, 'U3Gate': 38, 'measurement': 1}, verification: 1.383066177368164ms )
Running 5 transpilation tests on qft_06...
Verification failed: "<input>:5,5: 'meas' is already defined"
  Run 1/5: EquivalenceCriterion.no_information (import: 6.98ms, transpile: 6159.24ms, gates: {'CNOTGate': 39, 'measurement': 1, 'barrier': 1, 'U3Gate': 55}, verification: 1.4300346374511719ms )
Verification failed: "<input>:5,5: 'meas' is already defined"
  Run 2/5: EquivalenceCriterion.no_information (import: 6.33ms, transpile: 6010.42ms, gates: {'CNOTGate': 39, 'measurement': 1, 'barrier': 1, 'U3Gate': 55}, verification: 1.4858245849609375ms )
Verification failed: "<input>:5,5: 'meas' is already defined"
  Run 3/5: EquivalenceCriterion.no_information (import: 6.45ms, transpile: 6223.68ms, gates: {'CNOTGate': 39, 'measurement': 1, 'barrier': 1, 'U3Gate': 55}, verification: 2.307415008544922ms )
Verification failed: "<input>:5,5: 'meas' is already defined"
  Run 4/5: EquivalenceCriterion.no_information (import: 5.39ms, transpile: 6390.85ms, gates: {'CNOTGate': 39, 'measurement': 1, 'barrier': 1, 'U3Gate': 55}, verification: 1.5375614166259766ms )
Verification failed: "<input>:5,5: 'meas' is already defined"
  Run 5/5: EquivalenceCriterion.no_information (import: 6.98ms, transpile: 6169.77ms, gates: {'CNOTGate': 39, 'measurement': 1, 'barrier': 1, 'U3Gate': 54}, verification: 1.4259815216064453ms )
Running 5 transpilation tests on qft_07...
Verification failed: "<input>:38,5: 'meas' is already defined"
  Run 1/5: EquivalenceCriterion.no_information (import: 6.81ms, transpile: 7718.89ms, gates: {'CNOTGate': 51, 'barrier': 1, 'U3Gate': 71, 'measurement': 1}, verification: 1.8727779388427734ms )
Verification failed: "<input>:38,5: 'meas' is already defined"
  Run 2/5: EquivalenceCriterion.no_information (import: 7.74ms, transpile: 7863.29ms, gates: {'CNOTGate': 51, 'barrier': 1, 'U3Gate': 71, 'measurement': 1}, verification: 1.842498779296875ms )
Verification failed: "<input>:38,5: 'meas' is already defined"
  Run 3/5: EquivalenceCriterion.no_information (import: 7.67ms, transpile: 8924.41ms, gates: {'CNOTGate': 51, 'barrier': 1, 'U3Gate': 72, 'measurement': 1}, verification: 3.4723281860351562ms )
Verification failed: "<input>:38,5: 'meas' is already defined"
  Run 4/5: EquivalenceCriterion.no_information (import: 5.88ms, transpile: 7735.45ms, gates: {'CNOTGate': 51, 'barrier': 1, 'U3Gate': 71, 'measurement': 1}, verification: 2.027750015258789ms )
Verification failed: "<input>:38,5: 'meas' is already defined"
  Run 5/5: EquivalenceCriterion.no_information (import: 7.88ms, transpile: 7822.93ms, gates: {'CNOTGate': 51, 'barrier': 1, 'U3Gate': 71, 'measurement': 1}, verification: 2.256155014038086ms )
Running 5 transpilation tests on qft_08...
Verification failed: "<input>:5,5: 'meas' is already defined"
  Run 1/5: EquivalenceCriterion.no_information (import: 9.03ms, transpile: 10018.29ms, gates: {'CNOTGate': 68, 'measurement': 1, 'U3Gate': 96, 'barrier': 1}, verification: 1.9931793212890625ms )
Verification failed: "<input>:5,5: 'meas' is already defined"
  Run 2/5: EquivalenceCriterion.no_information (import: 8.48ms, transpile: 11777.63ms, gates: {'CNOTGate': 68, 'measurement': 1, 'U3Gate': 94, 'barrier': 1}, verification: 2.0661354064941406ms )
Verification failed: "<input>:5,5: 'meas' is already defined"
  Run 3/5: EquivalenceCriterion.no_information (import: 8.53ms, transpile: 11103.59ms, gates: {'CNOTGate': 68, 'measurement': 1, 'U3Gate': 95, 'barrier': 1}, verification: 2.081632614135742ms )
Verification failed: "<input>:5,5: 'meas' is already defined"
  Run 4/5: EquivalenceCriterion.no_information (import: 8.47ms, transpile: 11880.27ms, gates: {'CNOTGate': 68, 'measurement': 1, 'U3Gate': 89, 'barrier': 1}, verification: 3.454446792602539ms )
Verification failed: "<input>:5,5: 'meas' is already defined"
  Run 5/5: EquivalenceCriterion.no_information (import: 9.74ms, transpile: 10797.04ms, gates: {'CNOTGate': 68, 'measurement': 1, 'U3Gate': 91, 'barrier': 1}, verification: 1.5552043914794922ms )
Failed to extract qubits: Unexpected token Token('ID', 'Traceback') at line 1, column 1.
Expected one of:
        * OPENQASM
Previous tokens: [None]

Running 5 transpilation tests on hhl_02...
  Run 1/5: FAILED - Import failed: Unexpected token Token('ID', 'Traceback') at line 1, column 1.
Expected one of:
        * OPENQASM
Previous tokens: [None]

  Run 2/5: FAILED - Import failed: Unexpected token Token('ID', 'Traceback') at line 1, column 1.
Expected one of:
        * OPENQASM
Previous tokens: [None]

  Run 3/5: FAILED - Import failed: Unexpected token Token('ID', 'Traceback') at line 1, column 1.
Expected one of:
        * OPENQASM
Previous tokens: [None]

  Run 4/5: FAILED - Import failed: Unexpected token Token('ID', 'Traceback') at line 1, column 1.
Expected one of:
        * OPENQASM
Previous tokens: [None]

  Run 5/5: FAILED - Import failed: Unexpected token Token('ID', 'Traceback') at line 1, column 1.
Expected one of:
        * OPENQASM
Previous tokens: [None]

Running 5 transpilation tests on hhl_03...
  Run 1/5: EquivalenceCriterion.equivalent_up_to_global_phase (import: 2.53ms, transpile: 983.92ms, gates: {'CNOTGate': 4, 'measurement': 1, 'U3Gate': 7}, verification: 11.92021369934082ms )
  Run 2/5: EquivalenceCriterion.equivalent_up_to_global_phase (import: 5.30ms, transpile: 1055.00ms, gates: {'CNOTGate': 4, 'measurement': 1, 'U3Gate': 6}, verification: 8.493423461914062ms )
  Run 3/5: EquivalenceCriterion.equivalent_up_to_global_phase (import: 4.00ms, transpile: 1041.51ms, gates: {'CNOTGate': 4, 'measurement': 1, 'U3Gate': 7}, verification: 9.789705276489258ms )
  Run 4/5: EquivalenceCriterion.equivalent_up_to_global_phase (import: 4.05ms, transpile: 1041.99ms, gates: {'CNOTGate': 4, 'measurement': 1, 'U3Gate': 7}, verification: 8.237600326538086ms )
  Run 5/5: EquivalenceCriterion.equivalent_up_to_global_phase (import: 4.04ms, transpile: 1105.28ms, gates: {'CNOTGate': 4, 'measurement': 1, 'U3Gate': 7}, verification: 6.8359375ms )
Running 5 transpilation tests on hhl_04...
  Run 1/5: EquivalenceCriterion.not_equivalent (import: 4.36ms, transpile: 5158.02ms, gates: {'CNOTGate': 14, 'measurement': 1, 'U3Gate': 24}, verification: 24.989843368530273ms )
  Run 2/5: EquivalenceCriterion.not_equivalent (import: 5.13ms, transpile: 4357.59ms, gates: {'CNOTGate': 17, 'measurement': 1, 'U3Gate': 25}, verification: 32.64260292053223ms )
  Run 3/5: EquivalenceCriterion.not_equivalent (import: 18.77ms, transpile: 4504.53ms, gates: {'CNOTGate': 17, 'measurement': 1, 'U3Gate': 25}, verification: 16.73150062561035ms )
  Run 4/5: EquivalenceCriterion.not_equivalent (import: 5.48ms, transpile: 4248.91ms, gates: {'CNOTGate': 17, 'measurement': 1, 'U3Gate': 25}, verification: 15.605449676513672ms )
  Run 5/5: EquivalenceCriterion.not_equivalent (import: 5.27ms, transpile: 4640.83ms, gates: {'CNOTGate': 17, 'measurement': 1, 'U3Gate': 25}, verification: 18.9211368560791ms )
Running 5 transpilation tests on hhl_05...
  Run 1/5: EquivalenceCriterion.not_equivalent (import: 5.54ms, transpile: 5915.48ms, gates: {'CNOTGate': 32, 'measurement': 1, 'U3Gate': 46}, verification: 72.12519645690918ms )
  Run 2/5: EquivalenceCriterion.not_equivalent (import: 6.31ms, transpile: 5907.02ms, gates: {'CNOTGate': 32, 'measurement': 1, 'U3Gate': 46}, verification: 78.44328880310059ms )
  Run 3/5: EquivalenceCriterion.not_equivalent (import: 9.33ms, transpile: 5588.00ms, gates: {'CNOTGate': 32, 'measurement': 1, 'U3Gate': 46}, verification: 68.28927993774414ms )
  Run 4/5: EquivalenceCriterion.not_equivalent (import: 6.32ms, transpile: 5654.48ms, gates: {'CNOTGate': 32, 'measurement': 1, 'U3Gate': 46}, verification: 99.40242767333984ms )
  Run 5/5: EquivalenceCriterion.not_equivalent (import: 6.31ms, transpile: 5809.49ms, gates: {'CNOTGate': 32, 'measurement': 1, 'U3Gate': 46}, verification: 86.24744415283203ms )
Running 5 transpilation tests on hhl_06...
  Run 1/5: EquivalenceCriterion.not_equivalent (import: 6.10ms, transpile: 10690.06ms, gates: {'CNOTGate': 55, 'measurement': 1, 'U3Gate': 83}, verification: 482.3319911956787ms )
  Run 2/5: EquivalenceCriterion.not_equivalent (import: 13.46ms, transpile: 10597.75ms, gates: {'CNOTGate': 55, 'measurement': 1, 'U3Gate': 83}, verification: 485.22424697875977ms )
  Run 3/5: EquivalenceCriterion.not_equivalent (import: 10.42ms, transpile: 10718.86ms, gates: {'CNOTGate': 55, 'measurement': 1, 'U3Gate': 82}, verification: 783.6863994598389ms )
  Run 4/5: EquivalenceCriterion.not_equivalent (import: 8.07ms, transpile: 10782.24ms, gates: {'CNOTGate': 55, 'measurement': 1, 'U3Gate': 83}, verification: 701.2815475463867ms )
  Run 5/5: EquivalenceCriterion.not_equivalent (import: 8.14ms, transpile: 10649.04ms, gates: {'CNOTGate': 55, 'measurement': 1, 'U3Gate': 83}, verification: 552.344799041748ms )
Running 5 transpilation tests on hhl_07...
  Run 1/5: EquivalenceCriterion.not_equivalent (import: 9.11ms, transpile: 12235.92ms, gates: {'CNOTGate': 78, 'measurement': 1, 'U3Gate': 111}, verification: 12776.442050933838ms )
  Run 2/5: EquivalenceCriterion.not_equivalent (import: 12.31ms, transpile: 11150.06ms, gates: {'CNOTGate': 78, 'measurement': 1, 'U3Gate': 117}, verification: 12574.703931808472ms )
  Run 3/5: EquivalenceCriterion.not_equivalent (import: 10.19ms, transpile: 10448.17ms, gates: {'CNOTGate': 78, 'measurement': 1, 'U3Gate': 117}, verification: 11833.762645721436ms )
  Run 4/5: EquivalenceCriterion.not_equivalent (import: 9.94ms, transpile: 12736.12ms, gates: {'CNOTGate': 78, 'measurement': 1, 'U3Gate': 113}, verification: 20833.08172225952ms )
  Run 5/5: EquivalenceCriterion.not_equivalent (import: 9.63ms, transpile: 11473.87ms, gates: {'CNOTGate': 78, 'measurement': 1, 'U3Gate': 117}, verification: 12625.58889389038ms )
Running 5 transpilation tests on hhl_08...
  Run 1/5: EquivalenceCriterion.not_equivalent (import: 10.90ms, transpile: 17654.68ms, gates: {'CNOTGate': 107, 'measurement': 1, 'U3Gate': 155}, verification: 478995.89490890503ms )
  Run 2/5: EquivalenceCriterion.not_equivalent (import: 12.77ms, transpile: 19117.97ms, gates: {'CNOTGate': 107, 'measurement': 1, 'U3Gate': 163}, verification: 827559.3791007996ms )
  Run 3/5: EquivalenceCriterion.not_equivalent (import: 12.04ms, transpile: 18176.09ms, gates: {'CNOTGate': 109, 'measurement': 1, 'U3Gate': 154}, verification: 936856.9185733795ms )
  Run 4/5: EquivalenceCriterion.not_equivalent (import: 14.09ms, transpile: 18519.22ms, gates: {'CNOTGate': 107, 'measurement': 1, 'U3Gate': 155}, verification: 464552.5257587433ms )
  Run 5/5: EquivalenceCriterion.not_equivalent (import: 13.53ms, transpile: 18675.87ms, gates: {'CNOTGate': 107, 'measurement': 1, 'U3Gate': 155}, verification: 462990.24510383606ms )
Running 5 transpilation tests on randomcircuit_02...
Verification failed: "<input>:12,5: 'meas' is already defined"
  Run 1/5: EquivalenceCriterion.no_information (import: 3.32ms, transpile: 358.89ms, gates: {'CNOTGate': 2, 'barrier': 1, 'U3Gate': 6, 'measurement': 1}, verification: 2.777099609375ms )
Verification failed: "<input>:12,5: 'meas' is already defined"
  Run 2/5: EquivalenceCriterion.no_information (import: 5.53ms, transpile: 355.13ms, gates: {'CNOTGate': 2, 'barrier': 1, 'U3Gate': 6, 'measurement': 1}, verification: 1.2166500091552734ms )
Verification failed: "<input>:12,5: 'meas' is already defined"
  Run 3/5: EquivalenceCriterion.no_information (import: 4.17ms, transpile: 363.36ms, gates: {'CNOTGate': 2, 'barrier': 1, 'U3Gate': 6, 'measurement': 1}, verification: 1.2526512145996094ms )
Verification failed: "<input>:12,5: 'meas' is already defined"
  Run 4/5: EquivalenceCriterion.no_information (import: 4.50ms, transpile: 361.83ms, gates: {'CNOTGate': 2, 'barrier': 1, 'U3Gate': 6, 'measurement': 1}, verification: 1.2691020965576172ms )
Verification failed: "<input>:12,5: 'meas' is already defined"
  Run 5/5: EquivalenceCriterion.no_information (import: 4.34ms, transpile: 362.47ms, gates: {'CNOTGate': 2, 'barrier': 1, 'U3Gate': 6, 'measurement': 1}, verification: 0.8866786956787109ms )
Running 5 transpilation tests on randomcircuit_03...
/u/halle/wraf/home_at/qml-env/lib/python3.12/site-packages/bqskit/passes/synthesis/leap.py:358: SmallSampleWarning: One or more sample arguments is too small; all returned values will be NaN. See documentation for sample size requirements.
  m, y_int, _, _, _ = linregress(best_layers, best_dists)
Verification failed: 'DaggerGate' object has no attribute '_qasm_name'
  Run 1/5: EquivalenceCriterion.no_information (import: 4.55ms, transpile: 4191.96ms, gates: {'CNOTGate': 5, 'barrier': 1, 'U3Gate': 12, 'measurement': 1}, verification: 0.46372413635253906ms )
Verification failed: 'DaggerGate' object has no attribute '_qasm_name'
  Run 2/5: EquivalenceCriterion.no_information (import: 4.97ms, transpile: 4410.55ms, gates: {'CNOTGate': 5, 'barrier': 1, 'U3Gate': 12, 'measurement': 1}, verification: 0.38695335388183594ms )
Verification failed: 'DaggerGate' object has no attribute '_qasm_name'
  Run 3/5: EquivalenceCriterion.no_information (import: 4.21ms, transpile: 4241.09ms, gates: {'CNOTGate': 5, 'barrier': 1, 'U3Gate': 12, 'measurement': 1}, verification: 0.6704330444335938ms )
Verification failed: 'DaggerGate' object has no attribute '_qasm_name'
  Run 4/5: EquivalenceCriterion.no_information (import: 5.82ms, transpile: 4205.98ms, gates: {'CNOTGate': 5, 'barrier': 1, 'U3Gate': 12, 'measurement': 1}, verification: 0.39505958557128906ms )
Verification failed: 'DaggerGate' object has no attribute '_qasm_name'
  Run 5/5: EquivalenceCriterion.no_information (import: 4.55ms, transpile: 4260.45ms, gates: {'CNOTGate': 5, 'barrier': 1, 'U3Gate': 12, 'measurement': 1}, verification: 0.4093647003173828ms )
Running 5 transpilation tests on randomcircuit_04...
  Run 1/5: FAILED - Transpilation failed: Server connection unexpectedly closed.
  Run 2/5: FAILED - Transpilation failed: Connection unexpectedly none.
  Run 3/5: FAILED - Transpilation failed: Connection unexpectedly none.
  Run 4/5: FAILED - Transpilation failed: Connection unexpectedly none.
  Run 5/5: FAILED - Transpilation failed: Connection unexpectedly none.
Running 5 transpilation tests on randomcircuit_05...
  Run 1/5: FAILED - Transpilation failed: Connection unexpectedly none.
  Run 2/5: FAILED - Transpilation failed: Connection unexpectedly none.
  Run 3/5: FAILED - Transpilation failed: Connection unexpectedly none.
  Run 4/5: FAILED - Transpilation failed: Connection unexpectedly none.
  Run 5/5: FAILED - Transpilation failed: Connection unexpectedly none.
Running 5 transpilation tests on randomcircuit_06...
  Run 1/5: FAILED - Transpilation failed: Connection unexpectedly none.
  Run 2/5: FAILED - Transpilation failed: Connection unexpectedly none.
  Run 3/5: FAILED - Transpilation failed: Connection unexpectedly none.
  Run 4/5: FAILED - Transpilation failed: Connection unexpectedly none.
  Run 5/5: FAILED - Transpilation failed: Connection unexpectedly none.
Running 5 transpilation tests on randomcircuit_07...
  Run 1/5: FAILED - Transpilation failed: Connection unexpectedly none.
  Run 2/5: FAILED - Transpilation failed: Connection unexpectedly none.
  Run 3/5: FAILED - Transpilation failed: Connection unexpectedly none.
  Run 4/5: FAILED - Transpilation failed: Connection unexpectedly none.
  Run 5/5: FAILED - Transpilation failed: Connection unexpectedly none.
Running 5 transpilation tests on randomcircuit_08...
  Run 1/5: FAILED - Transpilation failed: Connection unexpectedly none.
  Run 2/5: FAILED - Transpilation failed: Connection unexpectedly none.
  Run 3/5: FAILED - Transpilation failed: Connection unexpectedly none.
  Run 4/5: FAILED - Transpilation failed: Connection unexpectedly none.
  Run 5/5: FAILED - Transpilation failed: Connection unexpectedly none.
Running 5 transpilation tests on grover_02...
  Run 1/5: FAILED - Transpilation failed: Connection unexpectedly none.
  Run 2/5: FAILED - Transpilation failed: Connection unexpectedly none.
  Run 3/5: FAILED - Transpilation failed: Connection unexpectedly none.
  Run 4/5: FAILED - Transpilation failed: Connection unexpectedly none.
  Run 5/5: FAILED - Transpilation failed: Connection unexpectedly none.
Running 5 transpilation tests on grover_03...
  Run 1/5: FAILED - Transpilation failed: Connection unexpectedly none.
  Run 2/5: FAILED - Transpilation failed: Connection unexpectedly none.
  Run 3/5: FAILED - Transpilation failed: Connection unexpectedly none.
  Run 4/5: FAILED - Transpilation failed: Connection unexpectedly none.
  Run 5/5: FAILED - Transpilation failed: Connection unexpectedly none.
Running 5 transpilation tests on grover_04...
  Run 1/5: FAILED - Transpilation failed: Connection unexpectedly none.
  Run 2/5: FAILED - Transpilation failed: Connection unexpectedly none.
  Run 3/5: FAILED - Transpilation failed: Connection unexpectedly none.
  Run 4/5: FAILED - Transpilation failed: Connection unexpectedly none.
  Run 5/5: FAILED - Transpilation failed: Connection unexpectedly none.
Running 5 transpilation tests on grover_05...
  Run 1/5: FAILED - Transpilation failed: Connection unexpectedly none.
  Run 2/5: FAILED - Transpilation failed: Connection unexpectedly none.
  Run 3/5: FAILED - Transpilation failed: Connection unexpectedly none.
  Run 4/5: FAILED - Transpilation failed: Connection unexpectedly none.
  Run 5/5: FAILED - Transpilation failed: Connection unexpectedly none.
Running 5 transpilation tests on grover_06...
  Run 1/5: FAILED - Transpilation failed: Connection unexpectedly none.
  Run 2/5: FAILED - Transpilation failed: Connection unexpectedly none.
  Run 3/5: FAILED - Transpilation failed: Connection unexpectedly none.
  Run 4/5: FAILED - Transpilation failed: Connection unexpectedly none.
  Run 5/5: FAILED - Transpilation failed: Connection unexpectedly none.
Running 5 transpilation tests on grover_07...
  Run 1/5: FAILED - Transpilation failed: Connection unexpectedly none.
  Run 2/5: FAILED - Transpilation failed: Connection unexpectedly none.
  Run 3/5: FAILED - Transpilation failed: Connection unexpectedly none.
  Run 4/5: FAILED - Transpilation failed: Connection unexpectedly none.
  Run 5/5: FAILED - Transpilation failed: Connection unexpectedly none.
Running 5 transpilation tests on grover_08...
  Run 1/5: FAILED - Transpilation failed: Connection unexpectedly none.
  Run 2/5: FAILED - Transpilation failed: Connection unexpectedly none.
  Run 3/5: FAILED - Transpilation failed: Connection unexpectedly none.
  Run 4/5: FAILED - Transpilation failed: Connection unexpectedly none.
  Run 5/5: FAILED - Transpilation failed: Connection unexpectedly none.
Running 5 transpilation tests on vqe_real_amp_02...
  Run 1/5: FAILED - Transpilation failed: Connection unexpectedly none.
  Run 2/5: FAILED - Transpilation failed: Connection unexpectedly none.
  Run 3/5: FAILED - Transpilation failed: Connection unexpectedly none.
  Run 4/5: FAILED - Transpilation failed: Connection unexpectedly none.
  Run 5/5: FAILED - Transpilation failed: Connection unexpectedly none.
Running 5 transpilation tests on vqe_real_amp_03...
  Run 1/5: FAILED - Transpilation failed: Connection unexpectedly none.
  Run 2/5: FAILED - Transpilation failed: Connection unexpectedly none.
  Run 3/5: FAILED - Transpilation failed: Connection unexpectedly none.
  Run 4/5: FAILED - Transpilation failed: Connection unexpectedly none.
  Run 5/5: FAILED - Transpilation failed: Connection unexpectedly none.
Running 5 transpilation tests on vqe_real_amp_04...
  Run 1/5: FAILED - Transpilation failed: Connection unexpectedly none.
  Run 2/5: FAILED - Transpilation failed: Connection unexpectedly none.
  Run 3/5: FAILED - Transpilation failed: Connection unexpectedly none.
  Run 4/5: FAILED - Transpilation failed: Connection unexpectedly none.
  Run 5/5: FAILED - Transpilation failed: Connection unexpectedly none.
Running 5 transpilation tests on vqe_real_amp_05...
  Run 1/5: FAILED - Transpilation failed: Connection unexpectedly none.
  Run 2/5: FAILED - Transpilation failed: Connection unexpectedly none.
  Run 3/5: FAILED - Transpilation failed: Connection unexpectedly none.
  Run 4/5: FAILED - Transpilation failed: Connection unexpectedly none.
  Run 5/5: FAILED - Transpilation failed: Connection unexpectedly none.
Running 5 transpilation tests on vqe_real_amp_06...
  Run 1/5: FAILED - Transpilation failed: Connection unexpectedly none.
  Run 2/5: FAILED - Transpilation failed: Connection unexpectedly none.
  Run 3/5: FAILED - Transpilation failed: Connection unexpectedly none.
  Run 4/5: FAILED - Transpilation failed: Connection unexpectedly none.
  Run 5/5: FAILED - Transpilation failed: Connection unexpectedly none.
Running 5 transpilation tests on vqe_real_amp_07...
  Run 1/5: FAILED - Transpilation failed: Connection unexpectedly none.
  Run 2/5: FAILED - Transpilation failed: Connection unexpectedly none.
  Run 3/5: FAILED - Transpilation failed: Connection unexpectedly none.
  Run 4/5: FAILED - Transpilation failed: Connection unexpectedly none.
  Run 5/5: FAILED - Transpilation failed: Connection unexpectedly none.
Running 5 transpilation tests on vqe_real_amp_08...
  Run 1/5: FAILED - Transpilation failed: Connection unexpectedly none.
  Run 2/5: FAILED - Transpilation failed: Connection unexpectedly none.
  Run 3/5: FAILED - Transpilation failed: Connection unexpectedly none.
  Run 4/5: FAILED - Transpilation failed: Connection unexpectedly none.
  Run 5/5: FAILED - Transpilation failed: Connection unexpectedly none.
Results saved to final/transpiler_result_20260704_165106_BQSkit_independent.json
Processing SDK: BQSkit_Targeted_IBM_gateset
Running 5 transpilation tests on qaoa_02...
  Run 1/5: EquivalenceCriterion.equivalent_up_to_global_phase (import: 3.04ms, transpile: 3485.89ms, gates: {'CNOTGate': 2, 'RZGate': 10, 'SqrtXGate': 12}, verification: 19.12522315979004ms )
The ZX checker suggests that the circuits are not equivalent, but the simulation checker suggests that they are probably equivalent. Thus, no conclusion can be drawn.
  Run 2/5: EquivalenceCriterion.no_information (import: 4.20ms, transpile: 1039.00ms, gates: {'CNOTGate': 2, 'RZGate': 10, 'SqrtXGate': 12}, verification: 7.727861404418945ms )
  Run 3/5: EquivalenceCriterion.equivalent_up_to_global_phase (import: 3.39ms, transpile: 1054.21ms, gates: {'CNOTGate': 2, 'RZGate': 10, 'SqrtXGate': 12}, verification: 7.455110549926758ms )
The ZX checker suggests that the circuits are not equivalent, but the simulation checker suggests that they are probably equivalent. Thus, no conclusion can be drawn.
  Run 4/5: EquivalenceCriterion.no_information (import: 3.67ms, transpile: 1059.90ms, gates: {'CNOTGate': 2, 'RZGate': 10, 'SqrtXGate': 12}, verification: 9.083271026611328ms )
The ZX checker suggests that the circuits are not equivalent, but the simulation checker suggests that they are probably equivalent. Thus, no conclusion can be drawn.
  Run 5/5: EquivalenceCriterion.no_information (import: 5.35ms, transpile: 1071.22ms, gates: {'CNOTGate': 2, 'RZGate': 10, 'SqrtXGate': 12}, verification: 7.5664520263671875ms )
Running 5 transpilation tests on qaoa_03...
  Run 1/5: EquivalenceCriterion.equivalent_up_to_global_phase (import: 3.14ms, transpile: 10538.12ms, gates: {'CNOTGate': 6, 'RZGate': 22, 'SqrtXGate': 30}, verification: 25.664806365966797ms )
  Run 2/5: EquivalenceCriterion.equivalent_up_to_global_phase (import: 5.48ms, transpile: 14550.40ms, gates: {'CNOTGate': 6, 'RZGate': 30, 'SqrtXGate': 30}, verification: 15.429973602294922ms )
  Run 3/5: EquivalenceCriterion.equivalent_up_to_global_phase (import: 3.09ms, transpile: 14817.07ms, gates: {'CNOTGate': 6, 'RZGate': 30, 'SqrtXGate': 30}, verification: 9.15217399597168ms )
The ZX checker suggests that the circuits are not equivalent, but the simulation checker suggests that they are probably equivalent. Thus, no conclusion can be drawn.
  Run 4/5: EquivalenceCriterion.no_information (import: 4.13ms, transpile: 14536.55ms, gates: {'CNOTGate': 6, 'RZGate': 30, 'SqrtXGate': 30}, verification: 11.024236679077148ms )
The ZX checker suggests that the circuits are not equivalent, but the simulation checker suggests that they are probably equivalent. Thus, no conclusion can be drawn.
  Run 5/5: EquivalenceCriterion.no_information (import: 4.30ms, transpile: 10798.86ms, gates: {'CNOTGate': 6, 'RZGate': 22, 'SqrtXGate': 30}, verification: 10.146141052246094ms )
Running 5 transpilation tests on qaoa_04...
  Run 1/5: EquivalenceCriterion.equivalent_up_to_global_phase (import: 3.86ms, transpile: 10313.13ms, gates: {'CNOTGate': 6, 'RZGate': 23, 'SqrtXGate': 32}, verification: 20.83301544189453ms )
  Run 2/5: EquivalenceCriterion.equivalent_up_to_global_phase (import: 4.37ms, transpile: 10372.70ms, gates: {'CNOTGate': 6, 'RZGate': 23, 'SqrtXGate': 32}, verification: 18.017053604125977ms )
  Run 3/5: EquivalenceCriterion.equivalent_up_to_global_phase (import: 4.94ms, transpile: 10547.83ms, gates: {'CNOTGate': 6, 'RZGate': 23, 'SqrtXGate': 32}, verification: 12.034893035888672ms )
  Run 4/5: EquivalenceCriterion.equivalent_up_to_global_phase (import: 5.14ms, transpile: 10475.91ms, gates: {'CNOTGate': 6, 'RZGate': 23, 'SqrtXGate': 32}, verification: 29.07085418701172ms )
  Run 5/5: EquivalenceCriterion.equivalent_up_to_global_phase (import: 6.49ms, transpile: 9703.42ms, gates: {'CNOTGate': 6, 'RZGate': 23, 'SqrtXGate': 32}, verification: 19.239425659179688ms )
Running 5 transpilation tests on qaoa_05...
The ZX checker suggests that the circuits are not equivalent, but the simulation checker suggests that they are probably equivalent. Thus, no conclusion can be drawn.
  Run 1/5: EquivalenceCriterion.no_information (import: 3.80ms, transpile: 12725.68ms, gates: {'CNOTGate': 24, 'RZGate': 76, 'SqrtXGate': 106}, verification: 45.11713981628418ms )
The ZX checker suggests that the circuits are not equivalent, but the simulation checker suggests that they are probably equivalent. Thus, no conclusion can be drawn.
  Run 2/5: EquivalenceCriterion.no_information (import: 4.98ms, transpile: 10053.65ms, gates: {'CNOTGate': 24, 'RZGate': 77, 'SqrtXGate': 106}, verification: 80.52921295166016ms )
The ZX checker suggests that the circuits are not equivalent, but the simulation checker suggests that they are probably equivalent. Thus, no conclusion can be drawn.
  Run 3/5: EquivalenceCriterion.no_information (import: 5.14ms, transpile: 11088.64ms, gates: {'CNOTGate': 24, 'RZGate': 77, 'SqrtXGate': 106}, verification: 42.70339012145996ms )
The ZX checker suggests that the circuits are not equivalent, but the simulation checker suggests that they are probably equivalent. Thus, no conclusion can be drawn.
  Run 4/5: EquivalenceCriterion.no_information (import: 5.10ms, transpile: 9604.06ms, gates: {'CNOTGate': 24, 'RZGate': 79, 'SqrtXGate': 106}, verification: 45.20678520202637ms )
The ZX checker suggests that the circuits are not equivalent, but the simulation checker suggests that they are probably equivalent. Thus, no conclusion can be drawn.
  Run 5/5: EquivalenceCriterion.no_information (import: 3.99ms, transpile: 12339.55ms, gates: {'CNOTGate': 24, 'RZGate': 76, 'SqrtXGate': 106}, verification: 30.367374420166016ms )
Running 5 transpilation tests on qaoa_06...
The ZX checker suggests that the circuits are not equivalent, but the simulation checker suggests that they are probably equivalent. Thus, no conclusion can be drawn.
  Run 1/5: EquivalenceCriterion.no_information (import: 4.63ms, transpile: 21829.86ms, gates: {'CNOTGate': 29, 'RZGate': 71, 'SqrtXGate': 128}, verification: 209.8228931427002ms )
The ZX checker suggests that the circuits are not equivalent, but the simulation checker suggests that they are probably equivalent. Thus, no conclusion can be drawn.
  Run 2/5: EquivalenceCriterion.no_information (import: 5.64ms, transpile: 22996.24ms, gates: {'CNOTGate': 29, 'RZGate': 73, 'SqrtXGate': 128}, verification: 130.18345832824707ms )
The ZX checker suggests that the circuits are not equivalent, but the simulation checker suggests that they are probably equivalent. Thus, no conclusion can be drawn.
  Run 3/5: EquivalenceCriterion.no_information (import: 4.33ms, transpile: 22214.83ms, gates: {'CNOTGate': 29, 'RZGate': 71, 'SqrtXGate': 128}, verification: 139.34922218322754ms )
The ZX checker suggests that the circuits are not equivalent, but the simulation checker suggests that they are probably equivalent. Thus, no conclusion can be drawn.
  Run 4/5: EquivalenceCriterion.no_information (import: 4.74ms, transpile: 21545.94ms, gates: {'CNOTGate': 29, 'RZGate': 71, 'SqrtXGate': 128}, verification: 218.28246116638184ms )
The ZX checker suggests that the circuits are not equivalent, but the simulation checker suggests that they are probably equivalent. Thus, no conclusion can be drawn.
  Run 5/5: EquivalenceCriterion.no_information (import: 5.39ms, transpile: 21784.87ms, gates: {'CNOTGate': 29, 'RZGate': 71, 'SqrtXGate': 128}, verification: 60.37259101867676ms )
Running 5 transpilation tests on qaoa_07...
The ZX checker suggests that the circuits are not equivalent, but the simulation checker suggests that they are probably equivalent. Thus, no conclusion can be drawn.
  Run 1/5: EquivalenceCriterion.no_information (import: 5.84ms, transpile: 28232.50ms, gates: {'CNOTGate': 48, 'RZGate': 148, 'SqrtXGate': 206}, verification: 2047.729253768921ms )
The ZX checker suggests that the circuits are not equivalent, but the simulation checker suggests that they are probably equivalent. Thus, no conclusion can be drawn.
  Run 2/5: EquivalenceCriterion.no_information (import: 7.27ms, transpile: 31332.53ms, gates: {'CNOTGate': 50, 'RZGate': 152, 'SqrtXGate': 214}, verification: 306.5619468688965ms )
The ZX checker suggests that the circuits are not equivalent, but the simulation checker suggests that they are probably equivalent. Thus, no conclusion can be drawn.
  Run 3/5: EquivalenceCriterion.no_information (import: 6.78ms, transpile: 31460.77ms, gates: {'CNOTGate': 50, 'RZGate': 152, 'SqrtXGate': 214}, verification: 325.8252143859863ms )
The ZX checker suggests that the circuits are not equivalent, but the simulation checker suggests that they are probably equivalent. Thus, no conclusion can be drawn.
  Run 4/5: EquivalenceCriterion.no_information (import: 6.28ms, transpile: 31042.58ms, gates: {'CNOTGate': 50, 'RZGate': 152, 'SqrtXGate': 214}, verification: 331.99024200439453ms )
The ZX checker suggests that the circuits are not equivalent, but the simulation checker suggests that they are probably equivalent. Thus, no conclusion can be drawn.
  Run 5/5: EquivalenceCriterion.no_information (import: 6.60ms, transpile: 31941.94ms, gates: {'CNOTGate': 50, 'RZGate': 152, 'SqrtXGate': 214}, verification: 295.9740161895752ms )
Running 5 transpilation tests on qaoa_08...
The ZX checker suggests that the circuits are not equivalent, but the simulation checker suggests that they are probably equivalent. Thus, no conclusion can be drawn.
  Run 1/5: EquivalenceCriterion.no_information (import: 7.16ms, transpile: 30671.91ms, gates: {'CNOTGate': 56, 'RZGate': 166, 'SqrtXGate': 240}, verification: 5664.774179458618ms )
The ZX checker suggests that the circuits are not equivalent, but the simulation checker suggests that they are probably equivalent. Thus, no conclusion can be drawn.
  Run 2/5: EquivalenceCriterion.no_information (import: 8.33ms, transpile: 29392.78ms, gates: {'CNOTGate': 56, 'RZGate': 166, 'SqrtXGate': 240}, verification: 2640.8135890960693ms )
The ZX checker suggests that the circuits are not equivalent, but the simulation checker suggests that they are probably equivalent. Thus, no conclusion can be drawn.
  Run 3/5: EquivalenceCriterion.no_information (import: 8.46ms, transpile: 28684.53ms, gates: {'CNOTGate': 56, 'RZGate': 174, 'SqrtXGate': 240}, verification: 18861.926317214966ms )
The ZX checker suggests that the circuits are not equivalent, but the simulation checker suggests that they are probably equivalent. Thus, no conclusion can be drawn.
  Run 4/5: EquivalenceCriterion.no_information (import: 7.32ms, transpile: 29261.89ms, gates: {'CNOTGate': 56, 'RZGate': 172, 'SqrtXGate': 240}, verification: 9056.143999099731ms )
The ZX checker suggests that the circuits are not equivalent, but the simulation checker suggests that they are probably equivalent. Thus, no conclusion can be drawn.
  Run 5/5: EquivalenceCriterion.no_information (import: 7.18ms, transpile: 29116.46ms, gates: {'CNOTGate': 56, 'RZGate': 172, 'SqrtXGate': 240}, verification: 9719.38943862915ms )
Running 5 transpilation tests on qft_02...
Verification failed: "<input>:11,5: 'meas' is already defined"
  Run 1/5: EquivalenceCriterion.no_information (import: 3.29ms, transpile: 1445.98ms, gates: {'RZGate': 11, 'barrier': 1, 'CNOTGate': 3, 'measurement': 1, 'SqrtXGate': 16}, verification: 0.8997917175292969ms )
Verification failed: "<input>:11,5: 'meas' is already defined"
  Run 2/5: EquivalenceCriterion.no_information (import: 5.94ms, transpile: 1407.39ms, gates: {'RZGate': 9, 'barrier': 1, 'CNOTGate': 3, 'measurement': 1, 'SqrtXGate': 16}, verification: 0.7648468017578125ms )
Verification failed: "<input>:11,5: 'meas' is already defined"
  Run 3/5: EquivalenceCriterion.no_information (import: 4.81ms, transpile: 1426.14ms, gates: {'RZGate': 11, 'barrier': 1, 'CNOTGate': 3, 'measurement': 1, 'SqrtXGate': 16}, verification: 0.8344650268554688ms )
Verification failed: "<input>:11,5: 'meas' is already defined"
  Run 4/5: EquivalenceCriterion.no_information (import: 5.47ms, transpile: 1432.69ms, gates: {'RZGate': 11, 'barrier': 1, 'CNOTGate': 3, 'measurement': 1, 'SqrtXGate': 16}, verification: 0.8761882781982422ms )
Verification failed: "<input>:11,5: 'meas' is already defined"
  Run 5/5: EquivalenceCriterion.no_information (import: 4.90ms, transpile: 1377.96ms, gates: {'RZGate': 11, 'barrier': 1, 'CNOTGate': 3, 'measurement': 1, 'SqrtXGate': 16}, verification: 1.7597675323486328ms )
Running 5 transpilation tests on qft_03...
Verification failed: "<input>:14,5: 'meas' is already defined"
  Run 1/5: EquivalenceCriterion.no_information (import: 4.23ms, transpile: 9950.11ms, gates: {'RZGate': 18, 'barrier': 1, 'measurement': 1, 'CNOTGate': 7, 'SqrtXGate': 34}, verification: 1.3816356658935547ms )
Verification failed: "<input>:14,5: 'meas' is already defined"
  Run 2/5: EquivalenceCriterion.no_information (import: 10.20ms, transpile: 9840.60ms, gates: {'RZGate': 18, 'barrier': 1, 'measurement': 1, 'CNOTGate': 7, 'SqrtXGate': 34}, verification: 0.8859634399414062ms )
Verification failed: "<input>:14,5: 'meas' is already defined"
  Run 3/5: EquivalenceCriterion.no_information (import: 4.77ms, transpile: 10041.01ms, gates: {'RZGate': 18, 'barrier': 1, 'measurement': 1, 'CNOTGate': 7, 'SqrtXGate': 34}, verification: 0.9295940399169922ms )
Verification failed: "<input>:14,5: 'meas' is already defined"
  Run 4/5: EquivalenceCriterion.no_information (import: 7.26ms, transpile: 10105.81ms, gates: {'RZGate': 18, 'barrier': 1, 'measurement': 1, 'CNOTGate': 7, 'SqrtXGate': 34}, verification: 1.3973712921142578ms )
Verification failed: "<input>:14,5: 'meas' is already defined"
  Run 5/5: EquivalenceCriterion.no_information (import: 4.64ms, transpile: 9908.65ms, gates: {'RZGate': 18, 'barrier': 1, 'measurement': 1, 'CNOTGate': 7, 'SqrtXGate': 34}, verification: 2.4704933166503906ms )
Running 5 transpilation tests on qft_04...
Verification failed: "<input>:19,5: 'meas' is already defined"
  Run 1/5: EquivalenceCriterion.no_information (import: 4.08ms, transpile: 16283.29ms, gates: {'RZGate': 50, 'measurement': 1, 'barrier': 1, 'CNOTGate': 19, 'SqrtXGate': 84}, verification: 1.0952949523925781ms )
Verification failed: "<input>:19,5: 'meas' is already defined"
  Run 2/5: EquivalenceCriterion.no_information (import: 6.20ms, transpile: 16725.02ms, gates: {'RZGate': 50, 'measurement': 1, 'barrier': 1, 'CNOTGate': 19, 'SqrtXGate': 84}, verification: 1.24359130859375ms )
Verification failed: "<input>:19,5: 'meas' is already defined"
  Run 3/5: EquivalenceCriterion.no_information (import: 6.57ms, transpile: 16615.59ms, gates: {'RZGate': 50, 'measurement': 1, 'barrier': 1, 'CNOTGate': 19, 'SqrtXGate': 84}, verification: 1.2798309326171875ms )
Verification failed: "<input>:19,5: 'meas' is already defined"
  Run 4/5: EquivalenceCriterion.no_information (import: 7.20ms, transpile: 16653.74ms, gates: {'RZGate': 50, 'measurement': 1, 'barrier': 1, 'CNOTGate': 19, 'SqrtXGate': 84}, verification: 2.6214122772216797ms )
Verification failed: "<input>:19,5: 'meas' is already defined"
  Run 5/5: EquivalenceCriterion.no_information (import: 5.05ms, transpile: 16526.14ms, gates: {'RZGate': 50, 'measurement': 1, 'barrier': 1, 'CNOTGate': 19, 'SqrtXGate': 84}, verification: 1.0764598846435547ms )
Running 5 transpilation tests on qft_05...
Verification failed: "<input>:5,5: 'meas' is already defined"
  Run 1/5: EquivalenceCriterion.no_information (import: 5.01ms, transpile: 24355.64ms, gates: {'RZGate': 75, 'measurement': 1, 'CNOTGate': 29, 'barrier': 1, 'SqrtXGate': 126}, verification: 1.973867416381836ms )
Verification failed: "<input>:5,5: 'meas' is already defined"
  Run 2/5: EquivalenceCriterion.no_information (import: 5.67ms, transpile: 19900.95ms, gates: {'RZGate': 80, 'measurement': 1, 'CNOTGate': 29, 'barrier': 1, 'SqrtXGate': 126}, verification: 2.994060516357422ms )
Verification failed: "<input>:5,5: 'meas' is already defined"
  Run 3/5: EquivalenceCriterion.no_information (import: 6.10ms, transpile: 20194.89ms, gates: {'RZGate': 80, 'measurement': 1, 'CNOTGate': 29, 'barrier': 1, 'SqrtXGate': 126}, verification: 1.1963844299316406ms )
Verification failed: "<input>:5,5: 'meas' is already defined"
  Run 4/5: EquivalenceCriterion.no_information (import: 5.67ms, transpile: 23121.75ms, gates: {'RZGate': 73, 'measurement': 1, 'CNOTGate': 27, 'barrier': 1, 'SqrtXGate': 118}, verification: 3.936290740966797ms )
Verification failed: "<input>:5,5: 'meas' is already defined"
  Run 5/5: EquivalenceCriterion.no_information (import: 7.27ms, transpile: 22577.50ms, gates: {'RZGate': 82, 'measurement': 1, 'CNOTGate': 29, 'barrier': 1, 'SqrtXGate': 126}, verification: 2.7823448181152344ms )
Running 5 transpilation tests on qft_06...
Verification failed: "<input>:5,5: 'meas' is already defined"
  Run 1/5: EquivalenceCriterion.no_information (import: 6.22ms, transpile: 31156.66ms, gates: {'measurement': 1, 'RZGate': 107, 'barrier': 1, 'CNOTGate': 42, 'SqrtXGate': 180}, verification: 1.5006065368652344ms )
Verification failed: "<input>:5,5: 'meas' is already defined"
  Run 2/5: EquivalenceCriterion.no_information (import: 6.73ms, transpile: 26682.56ms, gates: {'measurement': 1, 'RZGate': 119, 'barrier': 1, 'CNOTGate': 42, 'SqrtXGate': 180}, verification: 1.645803451538086ms )
Verification failed: "<input>:5,5: 'meas' is already defined"
  Run 3/5: EquivalenceCriterion.no_information (import: 8.07ms, transpile: 36549.47ms, gates: {'measurement': 1, 'RZGate': 118, 'barrier': 1, 'CNOTGate': 42, 'SqrtXGate': 180}, verification: 2.7985572814941406ms )
Verification failed: "<input>:5,5: 'meas' is already defined"
  Run 4/5: EquivalenceCriterion.no_information (import: 6.51ms, transpile: 31653.28ms, gates: {'measurement': 1, 'RZGate': 107, 'barrier': 1, 'CNOTGate': 42, 'SqrtXGate': 180}, verification: 1.4896392822265625ms )
Verification failed: "<input>:5,5: 'meas' is already defined"
  Run 5/5: EquivalenceCriterion.no_information (import: 6.46ms, transpile: 27397.93ms, gates: {'measurement': 1, 'RZGate': 119, 'barrier': 1, 'CNOTGate': 42, 'SqrtXGate': 180}, verification: 1.7931461334228516ms )
Running 5 transpilation tests on qft_07...
Verification failed: "<input>:38,5: 'meas' is already defined"
  Run 1/5: EquivalenceCriterion.no_information (import: 6.83ms, transpile: 41313.61ms, gates: {'RZGate': 155, 'measurement': 1, 'CNOTGate': 54, 'barrier': 1, 'SqrtXGate': 230}, verification: 4.242897033691406ms )
Verification failed: "<input>:38,5: 'meas' is already defined"
  Run 2/5: EquivalenceCriterion.no_information (import: 8.85ms, transpile: 33769.10ms, gates: {'RZGate': 143, 'measurement': 1, 'CNOTGate': 54, 'barrier': 1, 'SqrtXGate': 230}, verification: 2.244710922241211ms )
Verification failed: "<input>:38,5: 'meas' is already defined"
  Run 3/5: EquivalenceCriterion.no_information (import: 8.03ms, transpile: 32959.61ms, gates: {'RZGate': 150, 'measurement': 1, 'CNOTGate': 54, 'barrier': 1, 'SqrtXGate': 230}, verification: 4.829168319702148ms )
Verification failed: "<input>:38,5: 'meas' is already defined"
  Run 4/5: EquivalenceCriterion.no_information (import: 8.22ms, transpile: 41450.64ms, gates: {'RZGate': 159, 'measurement': 1, 'CNOTGate': 54, 'barrier': 1, 'SqrtXGate': 230}, verification: 2.2323131561279297ms )
Verification failed: "<input>:38,5: 'meas' is already defined"
  Run 5/5: EquivalenceCriterion.no_information (import: 7.89ms, transpile: 38248.53ms, gates: {'RZGate': 130, 'measurement': 1, 'CNOTGate': 54, 'barrier': 1, 'SqrtXGate': 230}, verification: 3.039836883544922ms )
Running 5 transpilation tests on qft_08...
Verification failed: "<input>:5,5: 'meas' is already defined"
  Run 1/5: EquivalenceCriterion.no_information (import: 8.18ms, transpile: 40715.90ms, gates: {'barrier': 1, 'RZGate': 203, 'CNOTGate': 73, 'measurement': 1, 'SqrtXGate': 308}, verification: 2.549409866333008ms )
Verification failed: "<input>:5,5: 'meas' is already defined"
  Run 2/5: EquivalenceCriterion.no_information (import: 9.40ms, transpile: 46741.67ms, gates: {'barrier': 1, 'RZGate': 187, 'CNOTGate': 71, 'measurement': 1, 'SqrtXGate': 300}, verification: 4.92095947265625ms )
Verification failed: "<input>:5,5: 'meas' is already defined"
  Run 3/5: EquivalenceCriterion.no_information (import: 6.72ms, transpile: 45592.39ms, gates: {'barrier': 1, 'RZGate': 198, 'CNOTGate': 73, 'measurement': 1, 'SqrtXGate': 308}, verification: 3.5767555236816406ms )
Verification failed: "<input>:5,5: 'meas' is already defined"
  Run 4/5: EquivalenceCriterion.no_information (import: 8.53ms, transpile: 53528.04ms, gates: {'barrier': 1, 'RZGate': 189, 'CNOTGate': 71, 'measurement': 1, 'SqrtXGate': 300}, verification: 3.527402877807617ms )
Verification failed: "<input>:5,5: 'meas' is already defined"
  Run 5/5: EquivalenceCriterion.no_information (import: 10.09ms, transpile: 47138.03ms, gates: {'barrier': 1, 'RZGate': 187, 'CNOTGate': 71, 'measurement': 1, 'SqrtXGate': 300}, verification: 2.9294490814208984ms )
Failed to extract qubits: Unexpected token Token('ID', 'Traceback') at line 1, column 1.
Expected one of:
        * OPENQASM
Previous tokens: [None]

Running 5 transpilation tests on hhl_02...
  Run 1/5: FAILED - Import failed: Unexpected token Token('ID', 'Traceback') at line 1, column 1.
Expected one of:
        * OPENQASM
Previous tokens: [None]

  Run 2/5: FAILED - Import failed: Unexpected token Token('ID', 'Traceback') at line 1, column 1.
Expected one of:
        * OPENQASM
Previous tokens: [None]

  Run 3/5: FAILED - Import failed: Unexpected token Token('ID', 'Traceback') at line 1, column 1.
Expected one of:
        * OPENQASM
Previous tokens: [None]

  Run 4/5: FAILED - Import failed: Unexpected token Token('ID', 'Traceback') at line 1, column 1.
Expected one of:
        * OPENQASM
Previous tokens: [None]

  Run 5/5: FAILED - Import failed: Unexpected token Token('ID', 'Traceback') at line 1, column 1.
Expected one of:
        * OPENQASM
Previous tokens: [None]

Running 5 transpilation tests on hhl_03...
  Run 1/5: EquivalenceCriterion.equivalent_up_to_global_phase (import: 3.84ms, transpile: 4576.46ms, gates: {'CNOTGate': 4, 'RZGate': 10, 'measurement': 1, 'SqrtXGate': 22}, verification: 38.169145584106445ms )
  Run 2/5: EquivalenceCriterion.not_equivalent (import: 4.32ms, transpile: 4505.81ms, gates: {'CNOTGate': 4, 'RZGate': 11, 'measurement': 1, 'SqrtXGate': 22}, verification: 16.649723052978516ms )
  Run 3/5: EquivalenceCriterion.equivalent_up_to_global_phase (import: 4.10ms, transpile: 4571.14ms, gates: {'CNOTGate': 4, 'RZGate': 10, 'measurement': 1, 'SqrtXGate': 22}, verification: 12.410879135131836ms )
  Run 4/5: EquivalenceCriterion.equivalent_up_to_global_phase (import: 4.54ms, transpile: 4697.07ms, gates: {'CNOTGate': 4, 'RZGate': 10, 'measurement': 1, 'SqrtXGate': 22}, verification: 9.293794631958008ms )
  Run 5/5: EquivalenceCriterion.equivalent_up_to_global_phase (import: 4.48ms, transpile: 4543.63ms, gates: {'CNOTGate': 4, 'RZGate': 10, 'measurement': 1, 'SqrtXGate': 22}, verification: 11.44552230834961ms )
Running 5 transpilation tests on hhl_04...
  Run 1/5: EquivalenceCriterion.not_equivalent (import: 5.39ms, transpile: 19612.27ms, gates: {'CNOTGate': 18, 'RZGate': 42, 'measurement': 1, 'SqrtXGate': 80}, verification: 20.767927169799805ms )
  Run 2/5: EquivalenceCriterion.not_equivalent (import: 5.54ms, transpile: 17982.89ms, gates: {'CNOTGate': 18, 'RZGate': 42, 'measurement': 1, 'SqrtXGate': 80}, verification: 38.3608341217041ms )
  Run 3/5: EquivalenceCriterion.not_equivalent (import: 6.60ms, transpile: 18888.18ms, gates: {'CNOTGate': 18, 'RZGate': 42, 'measurement': 1, 'SqrtXGate': 80}, verification: 34.43193435668945ms )
  Run 4/5: EquivalenceCriterion.not_equivalent (import: 29.99ms, transpile: 16917.47ms, gates: {'CNOTGate': 18, 'RZGate': 40, 'measurement': 1, 'SqrtXGate': 80}, verification: 17.571449279785156ms )
  Run 5/5: EquivalenceCriterion.not_equivalent (import: 5.98ms, transpile: 18223.29ms, gates: {'CNOTGate': 18, 'RZGate': 42, 'measurement': 1, 'SqrtXGate': 80}, verification: 17.215251922607422ms )
Running 5 transpilation tests on hhl_05...
  Run 1/5: EquivalenceCriterion.not_equivalent (import: 6.65ms, transpile: 24444.90ms, gates: {'CNOTGate': 33, 'RZGate': 94, 'measurement': 1, 'SqrtXGate': 142}, verification: 100.51870346069336ms )
  Run 2/5: EquivalenceCriterion.not_equivalent (import: 7.68ms, transpile: 23895.58ms, gates: {'CNOTGate': 33, 'RZGate': 95, 'measurement': 1, 'SqrtXGate': 142}, verification: 86.95507049560547ms )
  Run 3/5: EquivalenceCriterion.not_equivalent (import: 6.78ms, transpile: 23986.58ms, gates: {'CNOTGate': 33, 'RZGate': 94, 'measurement': 1, 'SqrtXGate': 142}, verification: 116.11628532409668ms )
  Run 4/5: EquivalenceCriterion.not_equivalent (import: 7.01ms, transpile: 20125.05ms, gates: {'CNOTGate': 30, 'RZGate': 90, 'measurement': 1, 'SqrtXGate': 130}, verification: 97.60499000549316ms )
  Run 5/5: EquivalenceCriterion.not_equivalent (import: 8.83ms, transpile: 29277.88ms, gates: {'CNOTGate': 33, 'RZGate': 94, 'measurement': 1, 'SqrtXGate': 142}, verification: 132.1585178375244ms )
Running 5 transpilation tests on hhl_06...
  Run 1/5: EquivalenceCriterion.not_equivalent (import: 7.92ms, transpile: 40410.46ms, gates: {'CNOTGate': 58, 'RZGate': 152, 'measurement': 1, 'SqrtXGate': 244}, verification: 448.1685161590576ms )
  Run 2/5: EquivalenceCriterion.not_equivalent (import: 9.40ms, transpile: 37077.89ms, gates: {'CNOTGate': 58, 'RZGate': 151, 'measurement': 1, 'SqrtXGate': 244}, verification: 790.2631759643555ms )
  Run 3/5: EquivalenceCriterion.not_equivalent (import: 8.57ms, transpile: 38445.96ms, gates: {'CNOTGate': 58, 'RZGate': 147, 'measurement': 1, 'SqrtXGate': 244}, verification: 453.5510540008545ms )
  Run 4/5: EquivalenceCriterion.not_equivalent (import: 8.43ms, transpile: 39070.56ms, gates: {'CNOTGate': 58, 'RZGate': 145, 'measurement': 1, 'SqrtXGate': 244}, verification: 838.6099338531494ms )
  Run 5/5: EquivalenceCriterion.not_equivalent (import: 8.00ms, transpile: 38577.46ms, gates: {'CNOTGate': 58, 'RZGate': 147, 'measurement': 1, 'SqrtXGate': 244}, verification: 605.0605773925781ms )
Running 5 transpilation tests on hhl_07...
  Run 1/5: EquivalenceCriterion.not_equivalent (import: 8.74ms, transpile: 52321.46ms, gates: {'CNOTGate': 81, 'RZGate': 216, 'measurement': 1, 'SqrtXGate': 338}, verification: 11201.408624649048ms )
  Run 2/5: EquivalenceCriterion.not_equivalent (import: 10.20ms, transpile: 52832.00ms, gates: {'CNOTGate': 81, 'RZGate': 214, 'measurement': 1, 'SqrtXGate': 338}, verification: 14518.765687942505ms )
  Run 3/5: EquivalenceCriterion.not_equivalent (import: 10.23ms, transpile: 51718.95ms, gates: {'CNOTGate': 81, 'RZGate': 218, 'measurement': 1, 'SqrtXGate': 338}, verification: 12243.551969528198ms )
  Run 4/5: EquivalenceCriterion.not_equivalent (import: 12.12ms, transpile: 52895.28ms, gates: {'CNOTGate': 81, 'RZGate': 214, 'measurement': 1, 'SqrtXGate': 338}, verification: 15263.138055801392ms )
  Run 5/5: EquivalenceCriterion.not_equivalent (import: 10.44ms, transpile: 51777.09ms, gates: {'CNOTGate': 81, 'RZGate': 218, 'measurement': 1, 'SqrtXGate': 338}, verification: 11910.529851913452ms )
Running 5 transpilation tests on hhl_08...
  Run 1/5: EquivalenceCriterion.not_equivalent (import: 11.14ms, transpile: 88386.04ms, gates: {'CNOTGate': 113, 'RZGate': 300, 'measurement': 1, 'SqrtXGate': 468}, verification: 896789.7317409515ms )
  Run 2/5: EquivalenceCriterion.not_equivalent (import: 18.73ms, transpile: 80946.37ms, gates: {'CNOTGate': 113, 'RZGate': 293, 'measurement': 1, 'SqrtXGate': 468}, verification: 516406.30292892456ms )
  Run 3/5: EquivalenceCriterion.not_equivalent (import: 10.69ms, transpile: 79174.87ms, gates: {'CNOTGate': 113, 'RZGate': 293, 'measurement': 1, 'SqrtXGate': 468}, verification: 432783.60652923584ms )
  Run 4/5: EquivalenceCriterion.not_equivalent (import: 12.82ms, transpile: 78951.02ms, gates: {'CNOTGate': 113, 'RZGate': 291, 'measurement': 1, 'SqrtXGate': 468}, verification: 420401.03220939636ms )
  Run 5/5: EquivalenceCriterion.not_equivalent (import: 9.19ms, transpile: 69244.70ms, gates: {'CNOTGate': 113, 'RZGate': 288, 'measurement': 1, 'SqrtXGate': 468}, verification: 346550.03547668457ms )
Running 5 transpilation tests on randomcircuit_02...
Verification failed: "<input>:12,5: 'meas' is already defined"
  Run 1/5: EquivalenceCriterion.no_information (import: 4.37ms, transpile: 1035.96ms, gates: {'RZGate': 11, 'barrier': 1, 'CNOTGate': 2, 'measurement': 1, 'SqrtXGate': 12}, verification: 7.157564163208008ms )
Verification failed: "<input>:12,5: 'meas' is already defined"
  Run 2/5: EquivalenceCriterion.no_information (import: 4.79ms, transpile: 1070.25ms, gates: {'RZGate': 11, 'barrier': 1, 'CNOTGate': 2, 'measurement': 1, 'SqrtXGate': 12}, verification: 0.8394718170166016ms )
Verification failed: "<input>:12,5: 'meas' is already defined"
  Run 3/5: EquivalenceCriterion.no_information (import: 4.38ms, transpile: 1048.91ms, gates: {'RZGate': 11, 'barrier': 1, 'CNOTGate': 2, 'measurement': 1, 'SqrtXGate': 12}, verification: 0.7991790771484375ms )
Verification failed: "<input>:12,5: 'meas' is already defined"
  Run 4/5: EquivalenceCriterion.no_information (import: 3.81ms, transpile: 998.22ms, gates: {'RZGate': 11, 'barrier': 1, 'CNOTGate': 2, 'measurement': 1, 'SqrtXGate': 12}, verification: 1.2466907501220703ms )
Verification failed: "<input>:12,5: 'meas' is already defined"
  Run 5/5: EquivalenceCriterion.no_information (import: 4.11ms, transpile: 1024.37ms, gates: {'RZGate': 11, 'barrier': 1, 'CNOTGate': 2, 'measurement': 1, 'SqrtXGate': 12}, verification: 0.698089599609375ms )
Running 5 transpilation tests on randomcircuit_03...
/u/halle/wraf/home_at/qml-env/lib/python3.12/site-packages/bqskit/passes/synthesis/leap.py:358: SmallSampleWarning: One or more sample arguments is too small; all returned values will be NaN. See documentation for sample size requirements.
  m, y_int, _, _, _ = linregress(best_layers, best_dists)
Verification failed: 'DaggerGate' object has no attribute '_qasm_name'
  Run 1/5: EquivalenceCriterion.no_information (import: 3.00ms, transpile: 8535.72ms, gates: {'RZGate': 21, 'barrier': 1, 'measurement': 1, 'CNOTGate': 5, 'SqrtXGate': 25}, verification: 0.3497600555419922ms )
Verification failed: 'DaggerGate' object has no attribute '_qasm_name'
  Run 2/5: EquivalenceCriterion.no_information (import: 4.17ms, transpile: 8341.50ms, gates: {'RZGate': 22, 'barrier': 1, 'measurement': 1, 'CNOTGate': 5, 'SqrtXGate': 19}, verification: 0.42748451232910156ms )
Verification failed: 'DaggerGate' object has no attribute '_qasm_name'
  Run 3/5: EquivalenceCriterion.no_information (import: 4.55ms, transpile: 8262.73ms, gates: {'RZGate': 22, 'barrier': 1, 'measurement': 1, 'CNOTGate': 5, 'SqrtXGate': 19}, verification: 0.6530284881591797ms )
Verification failed: 'DaggerGate' object has no attribute '_qasm_name'
  Run 4/5: EquivalenceCriterion.no_information (import: 4.34ms, transpile: 8302.49ms, gates: {'RZGate': 22, 'barrier': 1, 'measurement': 1, 'CNOTGate': 5, 'SqrtXGate': 19}, verification: 0.4322528839111328ms )
Verification failed: 'DaggerGate' object has no attribute '_qasm_name'
  Run 5/5: EquivalenceCriterion.no_information (import: 4.53ms, transpile: 8336.12ms, gates: {'RZGate': 22, 'barrier': 1, 'measurement': 1, 'CNOTGate': 5, 'SqrtXGate': 19}, verification: 0.537872314453125ms )
Running 5 transpilation tests on randomcircuit_04...
  Run 1/5: FAILED - Transpilation failed: Server connection unexpectedly closed.
  Run 2/5: FAILED - Transpilation failed: Connection unexpectedly none.
  Run 3/5: FAILED - Transpilation failed: Connection unexpectedly none.
  Run 4/5: FAILED - Transpilation failed: Connection unexpectedly none.
  Run 5/5: FAILED - Transpilation failed: Connection unexpectedly none.
Running 5 transpilation tests on randomcircuit_05...
  Run 1/5: FAILED - Transpilation failed: Connection unexpectedly none.
  Run 2/5: FAILED - Transpilation failed: Connection unexpectedly none.
  Run 3/5: FAILED - Transpilation failed: Connection unexpectedly none.
  Run 4/5: FAILED - Transpilation failed: Connection unexpectedly none.
  Run 5/5: FAILED - Transpilation failed: Connection unexpectedly none.
Running 5 transpilation tests on randomcircuit_06...
  Run 1/5: FAILED - Transpilation failed: Connection unexpectedly none.
  Run 2/5: FAILED - Transpilation failed: Connection unexpectedly none.
  Run 3/5: FAILED - Transpilation failed: Connection unexpectedly none.
  Run 4/5: FAILED - Transpilation failed: Connection unexpectedly none.
  Run 5/5: FAILED - Transpilation failed: Connection unexpectedly none.
Running 5 transpilation tests on randomcircuit_07...
  Run 1/5: FAILED - Transpilation failed: Connection unexpectedly none.
  Run 2/5: FAILED - Transpilation failed: Connection unexpectedly none.
  Run 3/5: FAILED - Transpilation failed: Connection unexpectedly none.
  Run 4/5: FAILED - Transpilation failed: Connection unexpectedly none.
  Run 5/5: FAILED - Transpilation failed: Connection unexpectedly none.
Running 5 transpilation tests on randomcircuit_08...
  Run 1/5: FAILED - Transpilation failed: Connection unexpectedly none.
  Run 2/5: FAILED - Transpilation failed: Connection unexpectedly none.
  Run 3/5: FAILED - Transpilation failed: Connection unexpectedly none.
  Run 4/5: FAILED - Transpilation failed: Connection unexpectedly none.
  Run 5/5: FAILED - Transpilation failed: Connection unexpectedly none.
Running 5 transpilation tests on grover_02...
  Run 1/5: FAILED - Transpilation failed: Connection unexpectedly none.
  Run 2/5: FAILED - Transpilation failed: Connection unexpectedly none.
  Run 3/5: FAILED - Transpilation failed: Connection unexpectedly none.
  Run 4/5: FAILED - Transpilation failed: Connection unexpectedly none.
  Run 5/5: FAILED - Transpilation failed: Connection unexpectedly none.
Running 5 transpilation tests on grover_03...
  Run 1/5: FAILED - Transpilation failed: Connection unexpectedly none.
  Run 2/5: FAILED - Transpilation failed: Connection unexpectedly none.
  Run 3/5: FAILED - Transpilation failed: Connection unexpectedly none.
  Run 4/5: FAILED - Transpilation failed: Connection unexpectedly none.
  Run 5/5: FAILED - Transpilation failed: Connection unexpectedly none.
Running 5 transpilation tests on grover_04...
  Run 1/5: FAILED - Transpilation failed: Connection unexpectedly none.
  Run 2/5: FAILED - Transpilation failed: Connection unexpectedly none.
  Run 3/5: FAILED - Transpilation failed: Connection unexpectedly none.
  Run 4/5: FAILED - Transpilation failed: Connection unexpectedly none.
  Run 5/5: FAILED - Transpilation failed: Connection unexpectedly none.
Running 5 transpilation tests on grover_05...
  Run 1/5: FAILED - Transpilation failed: Connection unexpectedly none.
  Run 2/5: FAILED - Transpilation failed: Connection unexpectedly none.
  Run 3/5: FAILED - Transpilation failed: Connection unexpectedly none.
  Run 4/5: FAILED - Transpilation failed: Connection unexpectedly none.
  Run 5/5: FAILED - Transpilation failed: Connection unexpectedly none.
Running 5 transpilation tests on grover_06...
  Run 1/5: FAILED - Transpilation failed: Connection unexpectedly none.
  Run 2/5: FAILED - Transpilation failed: Connection unexpectedly none.
  Run 3/5: FAILED - Transpilation failed: Connection unexpectedly none.
  Run 4/5: FAILED - Transpilation failed: Connection unexpectedly none.
  Run 5/5: FAILED - Transpilation failed: Connection unexpectedly none.
Running 5 transpilation tests on grover_07...
  Run 1/5: FAILED - Transpilation failed: Connection unexpectedly none.
  Run 2/5: FAILED - Transpilation failed: Connection unexpectedly none.
  Run 3/5: FAILED - Transpilation failed: Connection unexpectedly none.
  Run 4/5: FAILED - Transpilation failed: Connection unexpectedly none.
  Run 5/5: FAILED - Transpilation failed: Connection unexpectedly none.
Running 5 transpilation tests on grover_08...
  Run 1/5: FAILED - Transpilation failed: Connection unexpectedly none.
  Run 2/5: FAILED - Transpilation failed: Connection unexpectedly none.
  Run 3/5: FAILED - Transpilation failed: Connection unexpectedly none.
  Run 4/5: FAILED - Transpilation failed: Connection unexpectedly none.
  Run 5/5: FAILED - Transpilation failed: Connection unexpectedly none.
Running 5 transpilation tests on vqe_real_amp_02...
  Run 1/5: FAILED - Transpilation failed: Connection unexpectedly none.
  Run 2/5: FAILED - Transpilation failed: Connection unexpectedly none.
  Run 3/5: FAILED - Transpilation failed: Connection unexpectedly none.
  Run 4/5: FAILED - Transpilation failed: Connection unexpectedly none.
  Run 5/5: FAILED - Transpilation failed: Connection unexpectedly none.
Running 5 transpilation tests on vqe_real_amp_03...
  Run 1/5: FAILED - Transpilation failed: Connection unexpectedly none.
  Run 2/5: FAILED - Transpilation failed: Connection unexpectedly none.
  Run 3/5: FAILED - Transpilation failed: Connection unexpectedly none.
  Run 4/5: FAILED - Transpilation failed: Connection unexpectedly none.
  Run 5/5: FAILED - Transpilation failed: Connection unexpectedly none.
Running 5 transpilation tests on vqe_real_amp_04...
  Run 1/5: FAILED - Transpilation failed: Connection unexpectedly none.
  Run 2/5: FAILED - Transpilation failed: Connection unexpectedly none.
  Run 3/5: FAILED - Transpilation failed: Connection unexpectedly none.
  Run 4/5: FAILED - Transpilation failed: Connection unexpectedly none.
  Run 5/5: FAILED - Transpilation failed: Connection unexpectedly none.
Running 5 transpilation tests on vqe_real_amp_05...
  Run 1/5: FAILED - Transpilation failed: Connection unexpectedly none.
  Run 2/5: FAILED - Transpilation failed: Connection unexpectedly none.
  Run 3/5: FAILED - Transpilation failed: Connection unexpectedly none.
  Run 4/5: FAILED - Transpilation failed: Connection unexpectedly none.
  Run 5/5: FAILED - Transpilation failed: Connection unexpectedly none.
Running 5 transpilation tests on vqe_real_amp_06...
  Run 1/5: FAILED - Transpilation failed: Connection unexpectedly none.
  Run 2/5: FAILED - Transpilation failed: Connection unexpectedly none.
  Run 3/5: FAILED - Transpilation failed: Connection unexpectedly none.
  Run 4/5: FAILED - Transpilation failed: Connection unexpectedly none.
  Run 5/5: FAILED - Transpilation failed: Connection unexpectedly none.
Running 5 transpilation tests on vqe_real_amp_07...
  Run 1/5: FAILED - Transpilation failed: Connection unexpectedly none.
  Run 2/5: FAILED - Transpilation failed: Connection unexpectedly none.
  Run 3/5: FAILED - Transpilation failed: Connection unexpectedly none.
  Run 4/5: FAILED - Transpilation failed: Connection unexpectedly none.
  Run 5/5: FAILED - Transpilation failed: Connection unexpectedly none.
Running 5 transpilation tests on vqe_real_amp_08...
  Run 1/5: FAILED - Transpilation failed: Connection unexpectedly none.
  Run 2/5: FAILED - Transpilation failed: Connection unexpectedly none.
  Run 3/5: FAILED - Transpilation failed: Connection unexpectedly none.
  Run 4/5: FAILED - Transpilation failed: Connection unexpectedly none.
  Run 5/5: FAILED - Transpilation failed: Connection unexpectedly none.
Results saved to final/transpiler_result_20260704_191942_BQSkit_Targeted_IBM_gateset.json
Processing SDK: BQSkit_mapped_line_IBM_gateset
Running 5 transpilation tests on qaoa_02...
  Run 1/5: EquivalenceCriterion.not_equivalent (import: 2.70ms, transpile: 3333.10ms, gates: {'CNOTGate': 2, 'RZGate': 10, 'SqrtXGate': 12}, verification: 13.684511184692383ms )
  Run 2/5: EquivalenceCriterion.not_equivalent (import: 3.67ms, transpile: 1109.08ms, gates: {'CNOTGate': 2, 'RZGate': 10, 'SqrtXGate': 12}, verification: 2.658843994140625ms )
  Run 3/5: EquivalenceCriterion.not_equivalent (import: 3.96ms, transpile: 1102.63ms, gates: {'CNOTGate': 2, 'RZGate': 10, 'SqrtXGate': 12}, verification: 2.663850784301758ms )
  Run 4/5: EquivalenceCriterion.not_equivalent (import: 3.41ms, transpile: 1113.15ms, gates: {'CNOTGate': 2, 'RZGate': 10, 'SqrtXGate': 12}, verification: 2.9931068420410156ms )
  Run 5/5: EquivalenceCriterion.not_equivalent (import: 4.87ms, transpile: 1089.96ms, gates: {'CNOTGate': 2, 'RZGate': 10, 'SqrtXGate': 12}, verification: 2.9129981994628906ms )
Running 5 transpilation tests on qaoa_03...
  Run 1/5: EquivalenceCriterion.not_equivalent (import: 2.93ms, transpile: 14225.43ms, gates: {'CNOTGate': 6, 'RZGate': 30, 'SqrtXGate': 30}, verification: 15.798091888427734ms )
  Run 2/5: EquivalenceCriterion.not_equivalent (import: 4.13ms, transpile: 14038.05ms, gates: {'CNOTGate': 6, 'RZGate': 30, 'SqrtXGate': 30}, verification: 10.117292404174805ms )
  Run 3/5: EquivalenceCriterion.not_equivalent (import: 6.53ms, transpile: 10067.90ms, gates: {'CNOTGate': 6, 'RZGate': 21, 'SqrtXGate': 30}, verification: 11.267662048339844ms )
  Run 4/5: EquivalenceCriterion.not_equivalent (import: 3.60ms, transpile: 10069.84ms, gates: {'CNOTGate': 6, 'RZGate': 22, 'SqrtXGate': 30}, verification: 12.792110443115234ms )
  Run 5/5: EquivalenceCriterion.not_equivalent (import: 4.23ms, transpile: 12420.28ms, gates: {'CNOTGate': 6, 'RZGate': 30, 'SqrtXGate': 30}, verification: 14.218807220458984ms )
Running 5 transpilation tests on qaoa_04...
  Run 1/5: EquivalenceCriterion.not_equivalent (import: 4.04ms, transpile: 14254.71ms, gates: {'CNOTGate': 6, 'RZGate': 32, 'SqrtXGate': 32}, verification: 24.770259857177734ms )
  Run 2/5: EquivalenceCriterion.not_equivalent (import: 5.94ms, transpile: 10135.81ms, gates: {'CNOTGate': 6, 'RZGate': 24, 'SqrtXGate': 32}, verification: 31.353473663330078ms )
  Run 3/5: EquivalenceCriterion.not_equivalent (import: 4.59ms, transpile: 14717.55ms, gates: {'CNOTGate': 6, 'RZGate': 32, 'SqrtXGate': 32}, verification: 21.108627319335938ms )
  Run 4/5: EquivalenceCriterion.not_equivalent (import: 5.03ms, transpile: 10540.98ms, gates: {'CNOTGate': 6, 'RZGate': 24, 'SqrtXGate': 32}, verification: 12.779712677001953ms )
  Run 5/5: EquivalenceCriterion.not_equivalent (import: 5.18ms, transpile: 12975.71ms, gates: {'CNOTGate': 6, 'RZGate': 32, 'SqrtXGate': 32}, verification: 16.896963119506836ms )
Running 5 transpilation tests on qaoa_05...
  Run 1/5: EquivalenceCriterion.not_equivalent (import: 3.37ms, transpile: 40091.58ms, gates: {'CNOTGate': 40, 'RZGate': 121, 'SqrtXGate': 170}, verification: 38.97714614868164ms )
  Run 2/5: EquivalenceCriterion.not_equivalent (import: 5.48ms, transpile: 36273.92ms, gates: {'CNOTGate': 39, 'RZGate': 133, 'SqrtXGate': 166}, verification: 41.97216033935547ms )
  Run 3/5: EquivalenceCriterion.not_equivalent (import: 5.26ms, transpile: 31914.19ms, gates: {'CNOTGate': 38, 'RZGate': 121, 'SqrtXGate': 162}, verification: 42.24514961242676ms )
  Run 4/5: EquivalenceCriterion.not_equivalent (import: 5.13ms, transpile: 37307.01ms, gates: {'CNOTGate': 39, 'RZGate': 129, 'SqrtXGate': 171}, verification: 21.103620529174805ms )
  Run 5/5: EquivalenceCriterion.not_equivalent (import: 5.21ms, transpile: 30026.73ms, gates: {'CNOTGate': 38, 'RZGate': 121, 'SqrtXGate': 162}, verification: 28.435707092285156ms )
Running 5 transpilation tests on qaoa_06...
  Run 1/5: EquivalenceCriterion.not_equivalent (import: 5.27ms, transpile: 48853.10ms, gates: {'CNOTGate': 42, 'RZGate': 101, 'SqrtXGate': 180}, verification: 35.41731834411621ms )
  Run 2/5: EquivalenceCriterion.not_equivalent (import: 6.98ms, transpile: 49429.99ms, gates: {'CNOTGate': 45, 'RZGate': 108, 'SqrtXGate': 192}, verification: 34.51347351074219ms )
  Run 3/5: EquivalenceCriterion.not_equivalent (import: 4.21ms, transpile: 39600.63ms, gates: {'CNOTGate': 38, 'RZGate': 100, 'SqrtXGate': 164}, verification: 106.68420791625977ms )
  Run 4/5: EquivalenceCriterion.not_equivalent (import: 7.39ms, transpile: 47954.58ms, gates: {'CNOTGate': 45, 'RZGate': 108, 'SqrtXGate': 192}, verification: 66.2686824798584ms )
  Run 5/5: EquivalenceCriterion.not_equivalent (import: 6.36ms, transpile: 37270.53ms, gates: {'CNOTGate': 38, 'RZGate': 100, 'SqrtXGate': 164}, verification: 388.7448310852051ms )
Running 5 transpilation tests on qaoa_07...
  Run 1/5: EquivalenceCriterion.not_equivalent (import: 4.42ms, transpile: 89175.94ms, gates: {'CNOTGate': 116, 'RZGate': 337, 'SqrtXGate': 478}, verification: 495.7287311553955ms )
  Run 2/5: EquivalenceCriterion.not_equivalent (import: 5.25ms, transpile: 83337.03ms, gates: {'CNOTGate': 124, 'RZGate': 383, 'SqrtXGate': 510}, verification: 271.09289169311523ms )
  Run 3/5: EquivalenceCriterion.not_equivalent (import: 7.56ms, transpile: 93202.80ms, gates: {'CNOTGate': 117, 'RZGate': 335, 'SqrtXGate': 482}, verification: 681.7684173583984ms )
  Run 4/5: EquivalenceCriterion.not_equivalent (import: 7.15ms, transpile: 83808.10ms, gates: {'CNOTGate': 124, 'RZGate': 383, 'SqrtXGate': 510}, verification: 85.98589897155762ms )
  Run 5/5: EquivalenceCriterion.not_equivalent (import: 7.23ms, transpile: 92138.32ms, gates: {'CNOTGate': 117, 'RZGate': 335, 'SqrtXGate': 482}, verification: 651.2405872344971ms )
Running 5 transpilation tests on qaoa_08...
  Run 1/5: EquivalenceCriterion.not_equivalent (import: 5.89ms, transpile: 107246.46ms, gates: {'CNOTGate': 157, 'RZGate': 464, 'SqrtXGate': 644}, verification: 764.3232345581055ms )
  Run 2/5: EquivalenceCriterion.not_equivalent (import: 6.72ms, transpile: 108320.57ms, gates: {'CNOTGate': 157, 'RZGate': 470, 'SqrtXGate': 644}, verification: 811.7225170135498ms )
  Run 3/5: EquivalenceCriterion.not_equivalent (import: 7.40ms, transpile: 111034.30ms, gates: {'CNOTGate': 156, 'RZGate': 463, 'SqrtXGate': 640}, verification: 1468.68896484375ms )
  Run 4/5: EquivalenceCriterion.not_equivalent (import: 11.40ms, transpile: 111963.57ms, gates: {'CNOTGate': 156, 'RZGate': 463, 'SqrtXGate': 640}, verification: 1268.7427997589111ms )
  Run 5/5: EquivalenceCriterion.not_equivalent (import: 8.80ms, transpile: 115418.68ms, gates: {'CNOTGate': 156, 'RZGate': 463, 'SqrtXGate': 640}, verification: 1341.472864151001ms )
Running 5 transpilation tests on qft_02...
Verification failed: "<input>:11,5: 'meas' is already defined"
  Run 1/5: EquivalenceCriterion.no_information (import: 3.19ms, transpile: 1383.08ms, gates: {'RZGate': 11, 'barrier': 1, 'CNOTGate': 3, 'measurement': 1, 'SqrtXGate': 16}, verification: 1.270294189453125ms )
Verification failed: "<input>:11,5: 'meas' is already defined"
  Run 2/5: EquivalenceCriterion.no_information (import: 3.91ms, transpile: 1403.28ms, gates: {'RZGate': 11, 'barrier': 1, 'CNOTGate': 3, 'measurement': 1, 'SqrtXGate': 16}, verification: 0.7128715515136719ms )
Verification failed: "<input>:11,5: 'meas' is already defined"
  Run 3/5: EquivalenceCriterion.no_information (import: 4.31ms, transpile: 1368.42ms, gates: {'RZGate': 11, 'barrier': 1, 'CNOTGate': 3, 'measurement': 1, 'SqrtXGate': 16}, verification: 0.7882118225097656ms )
Verification failed: "<input>:11,5: 'meas' is already defined"
  Run 4/5: EquivalenceCriterion.no_information (import: 4.50ms, transpile: 1390.75ms, gates: {'RZGate': 11, 'barrier': 1, 'CNOTGate': 3, 'measurement': 1, 'SqrtXGate': 16}, verification: 0.7443428039550781ms )
Verification failed: "<input>:11,5: 'meas' is already defined"
  Run 5/5: EquivalenceCriterion.no_information (import: 3.90ms, transpile: 1447.37ms, gates: {'RZGate': 11, 'barrier': 1, 'CNOTGate': 3, 'measurement': 1, 'SqrtXGate': 16}, verification: 0.7846355438232422ms )
Running 5 transpilation tests on qft_03...
Verification failed: "<input>:14,5: 'meas' is already defined"
  Run 1/5: EquivalenceCriterion.no_information (import: 4.25ms, transpile: 9884.03ms, gates: {'RZGate': 27, 'barrier': 1, 'measurement': 1, 'CNOTGate': 8, 'SqrtXGate': 38}, verification: 0.9782314300537109ms )
Verification failed: "<input>:14,5: 'meas' is already defined"
  Run 2/5: EquivalenceCriterion.no_information (import: 8.45ms, transpile: 10349.32ms, gates: {'RZGate': 23, 'barrier': 1, 'measurement': 1, 'CNOTGate': 8, 'SqrtXGate': 38}, verification: 1.0590553283691406ms )
Verification failed: "<input>:14,5: 'meas' is already defined"
  Run 3/5: EquivalenceCriterion.no_information (import: 5.57ms, transpile: 9820.98ms, gates: {'RZGate': 23, 'barrier': 1, 'measurement': 1, 'CNOTGate': 8, 'SqrtXGate': 38}, verification: 0.9407997131347656ms )
Verification failed: "<input>:14,5: 'meas' is already defined"
  Run 4/5: EquivalenceCriterion.no_information (import: 4.84ms, transpile: 10808.16ms, gates: {'RZGate': 23, 'barrier': 1, 'measurement': 1, 'CNOTGate': 8, 'SqrtXGate': 38}, verification: 0.7336139678955078ms )
Verification failed: "<input>:14,5: 'meas' is already defined"
  Run 5/5: EquivalenceCriterion.no_information (import: 3.45ms, transpile: 10003.99ms, gates: {'RZGate': 27, 'barrier': 1, 'measurement': 1, 'CNOTGate': 8, 'SqrtXGate': 38}, verification: 3.294706344604492ms )
Running 5 transpilation tests on qft_04...
Verification failed: "<input>:19,5: 'meas' is already defined"
  Run 1/5: EquivalenceCriterion.no_information (import: 3.91ms, transpile: 37834.44ms, gates: {'RZGate': 65, 'measurement': 1, 'barrier': 1, 'CNOTGate': 26, 'SqrtXGate': 112}, verification: 1.1696815490722656ms )
Verification failed: "<input>:19,5: 'meas' is already defined"
  Run 2/5: EquivalenceCriterion.no_information (import: 5.56ms, transpile: 30209.97ms, gates: {'RZGate': 60, 'measurement': 1, 'barrier': 1, 'CNOTGate': 26, 'SqrtXGate': 112}, verification: 2.761363983154297ms )
Verification failed: "<input>:19,5: 'meas' is already defined"
  Run 3/5: EquivalenceCriterion.no_information (import: 5.38ms, transpile: 22388.95ms, gates: {'RZGate': 55, 'measurement': 1, 'barrier': 1, 'CNOTGate': 21, 'SqrtXGate': 92}, verification: 1.1472702026367188ms )
Verification failed: "<input>:19,5: 'meas' is already defined"
  Run 4/5: EquivalenceCriterion.no_information (import: 4.49ms, transpile: 29606.32ms, gates: {'RZGate': 60, 'measurement': 1, 'barrier': 1, 'CNOTGate': 26, 'SqrtXGate': 112}, verification: 1.1947154998779297ms )
Verification failed: "<input>:19,5: 'meas' is already defined"
  Run 5/5: EquivalenceCriterion.no_information (import: 6.19ms, transpile: 22370.01ms, gates: {'RZGate': 55, 'measurement': 1, 'barrier': 1, 'CNOTGate': 21, 'SqrtXGate': 92}, verification: 2.2928714752197266ms )
Running 5 transpilation tests on qft_05...
Verification failed: "<input>:5,5: 'meas' is already defined"
  Run 1/5: EquivalenceCriterion.no_information (import: 4.66ms, transpile: 41351.85ms, gates: {'RZGate': 125, 'measurement': 1, 'CNOTGate': 41, 'barrier': 1, 'SqrtXGate': 174}, verification: 1.325845718383789ms )
Verification failed: "<input>:5,5: 'meas' is already defined"
  Run 2/5: EquivalenceCriterion.no_information (import: 24.42ms, transpile: 43068.78ms, gates: {'RZGate': 125, 'measurement': 1, 'CNOTGate': 41, 'barrier': 1, 'SqrtXGate': 174}, verification: 2.5267601013183594ms )
Verification failed: "<input>:5,5: 'meas' is already defined"
  Run 3/5: EquivalenceCriterion.no_information (import: 5.51ms, transpile: 40860.37ms, gates: {'RZGate': 125, 'measurement': 1, 'CNOTGate': 41, 'barrier': 1, 'SqrtXGate': 174}, verification: 1.306772232055664ms )
Verification failed: "<input>:5,5: 'meas' is already defined"
  Run 4/5: EquivalenceCriterion.no_information (import: 6.30ms, transpile: 42536.69ms, gates: {'RZGate': 125, 'measurement': 1, 'CNOTGate': 41, 'barrier': 1, 'SqrtXGate': 174}, verification: 3.1766891479492188ms )
Verification failed: "<input>:5,5: 'meas' is already defined"
  Run 5/5: EquivalenceCriterion.no_information (import: 6.14ms, transpile: 42383.99ms, gates: {'RZGate': 125, 'measurement': 1, 'CNOTGate': 41, 'barrier': 1, 'SqrtXGate': 174}, verification: 1.7223358154296875ms )
Running 5 transpilation tests on qft_06...
Verification failed: "<input>:5,5: 'meas' is already defined"
  Run 1/5: EquivalenceCriterion.no_information (import: 5.02ms, transpile: 68127.19ms, gates: {'measurement': 1, 'RZGate': 229, 'barrier': 1, 'CNOTGate': 83, 'SqrtXGate': 344}, verification: 350.677490234375ms )
Verification failed: "<input>:5,5: 'meas' is already defined"
  Run 2/5: EquivalenceCriterion.no_information (import: 5.49ms, transpile: 76492.96ms, gates: {'measurement': 1, 'RZGate': 218, 'barrier': 1, 'CNOTGate': 83, 'SqrtXGate': 344}, verification: 347.7334976196289ms )
Verification failed: "<input>:5,5: 'meas' is already defined"
  Run 3/5: EquivalenceCriterion.no_information (import: 5.92ms, transpile: 83559.71ms, gates: {'measurement': 1, 'RZGate': 221, 'barrier': 1, 'CNOTGate': 83, 'SqrtXGate': 344}, verification: 3.866910934448242ms )
Verification failed: "<input>:5,5: 'meas' is already defined"
  Run 4/5: EquivalenceCriterion.no_information (import: 5.42ms, transpile: 85139.68ms, gates: {'measurement': 1, 'RZGate': 215, 'barrier': 1, 'CNOTGate': 83, 'SqrtXGate': 344}, verification: 3.190279006958008ms )
Verification failed: "<input>:5,5: 'meas' is already defined"
  Run 5/5: EquivalenceCriterion.no_information (import: 6.40ms, transpile: 85503.78ms, gates: {'measurement': 1, 'RZGate': 221, 'barrier': 1, 'CNOTGate': 83, 'SqrtXGate': 344}, verification: 3.3957958221435547ms )
Running 5 transpilation tests on qft_07...
Verification failed: "<input>:38,5: 'meas' is already defined"
  Run 1/5: EquivalenceCriterion.no_information (import: 6.55ms, transpile: 115816.94ms, gates: {'RZGate': 322, 'measurement': 1, 'CNOTGate': 106, 'barrier': 1, 'SqrtXGate': 438}, verification: 4.329919815063477ms )
Verification failed: "<input>:38,5: 'meas' is already defined"
  Run 2/5: EquivalenceCriterion.no_information (import: 6.10ms, transpile: 117222.02ms, gates: {'RZGate': 322, 'measurement': 1, 'CNOTGate': 106, 'barrier': 1, 'SqrtXGate': 438}, verification: 3.3042430877685547ms )
Verification failed: "<input>:38,5: 'meas' is already defined"
  Run 3/5: EquivalenceCriterion.no_information (import: 7.59ms, transpile: 115838.06ms, gates: {'RZGate': 322, 'measurement': 1, 'CNOTGate': 106, 'barrier': 1, 'SqrtXGate': 438}, verification: 3.6039352416992188ms )
Verification failed: "<input>:38,5: 'meas' is already defined"
  Run 4/5: EquivalenceCriterion.no_information (import: 8.62ms, transpile: 116459.37ms, gates: {'RZGate': 322, 'measurement': 1, 'CNOTGate': 106, 'barrier': 1, 'SqrtXGate': 438}, verification: 3.7806034088134766ms )
Verification failed: "<input>:38,5: 'meas' is already defined"
  Run 5/5: EquivalenceCriterion.no_information (import: 5.77ms, transpile: 116460.39ms, gates: {'RZGate': 322, 'measurement': 1, 'CNOTGate': 106, 'barrier': 1, 'SqrtXGate': 438}, verification: 3.573894500732422ms )
Running 5 transpilation tests on qft_08...
Verification failed: "<input>:5,5: 'meas' is already defined"
  Run 1/5: EquivalenceCriterion.no_information (import: 9.02ms, transpile: 132563.85ms, gates: {'barrier': 1, 'RZGate': 400, 'CNOTGate': 139, 'measurement': 1, 'SqrtXGate': 572}, verification: 4.0760040283203125ms )
Verification failed: "<input>:5,5: 'meas' is already defined"
  Run 2/5: EquivalenceCriterion.no_information (import: 9.69ms, transpile: 166461.33ms, gates: {'barrier': 1, 'RZGate': 461, 'CNOTGate': 161, 'measurement': 1, 'SqrtXGate': 660}, verification: 4.472017288208008ms )
Verification failed: "<input>:5,5: 'meas' is already defined"
  Run 3/5: EquivalenceCriterion.no_information (import: 6.70ms, transpile: 170350.95ms, gates: {'barrier': 1, 'RZGate': 467, 'CNOTGate': 161, 'measurement': 1, 'SqrtXGate': 660}, verification: 9.75489616394043ms )
Verification failed: "<input>:5,5: 'meas' is already defined"
  Run 4/5: EquivalenceCriterion.no_information (import: 8.54ms, transpile: 166622.86ms, gates: {'barrier': 1, 'RZGate': 449, 'CNOTGate': 159, 'measurement': 1, 'SqrtXGate': 652}, verification: 356.9202423095703ms )
Verification failed: "<input>:5,5: 'meas' is already defined"
  Run 5/5: EquivalenceCriterion.no_information (import: 6.57ms, transpile: 164517.77ms, gates: {'barrier': 1, 'RZGate': 465, 'CNOTGate': 161, 'measurement': 1, 'SqrtXGate': 660}, verification: 15.796184539794922ms )
Failed to extract qubits: Unexpected token Token('ID', 'Traceback') at line 1, column 1.
Expected one of:
        * OPENQASM
Previous tokens: [None]

Running 5 transpilation tests on hhl_02...
  Run 1/5: FAILED - Import failed: Unexpected token Token('ID', 'Traceback') at line 1, column 1.
Expected one of:
        * OPENQASM
Previous tokens: [None]

  Run 2/5: FAILED - Import failed: Unexpected token Token('ID', 'Traceback') at line 1, column 1.
Expected one of:
        * OPENQASM
Previous tokens: [None]

  Run 3/5: FAILED - Import failed: Unexpected token Token('ID', 'Traceback') at line 1, column 1.
Expected one of:
        * OPENQASM
Previous tokens: [None]

  Run 4/5: FAILED - Import failed: Unexpected token Token('ID', 'Traceback') at line 1, column 1.
Expected one of:
        * OPENQASM
Previous tokens: [None]

  Run 5/5: FAILED - Import failed: Unexpected token Token('ID', 'Traceback') at line 1, column 1.
Expected one of:
        * OPENQASM
Previous tokens: [None]

Running 5 transpilation tests on hhl_03...
  Run 1/5: EquivalenceCriterion.not_equivalent (import: 3.08ms, transpile: 4780.81ms, gates: {'CNOTGate': 4, 'RZGate': 10, 'measurement': 1, 'SqrtXGate': 22}, verification: 8.925676345825195ms )
  Run 2/5: EquivalenceCriterion.not_equivalent (import: 4.21ms, transpile: 4627.40ms, gates: {'CNOTGate': 4, 'RZGate': 10, 'measurement': 1, 'SqrtXGate': 22}, verification: 7.928371429443359ms )
  Run 3/5: EquivalenceCriterion.not_equivalent (import: 3.33ms, transpile: 4651.12ms, gates: {'CNOTGate': 4, 'RZGate': 10, 'measurement': 1, 'SqrtXGate': 22}, verification: 10.346174240112305ms )
  Run 4/5: EquivalenceCriterion.not_equivalent (import: 6.44ms, transpile: 4802.52ms, gates: {'CNOTGate': 4, 'RZGate': 10, 'measurement': 1, 'SqrtXGate': 22}, verification: 12.256860733032227ms )
  Run 5/5: EquivalenceCriterion.not_equivalent (import: 3.87ms, transpile: 4541.95ms, gates: {'CNOTGate': 4, 'RZGate': 10, 'measurement': 1, 'SqrtXGate': 22}, verification: 9.86623764038086ms )
Running 5 transpilation tests on hhl_04...
  Run 1/5: EquivalenceCriterion.not_equivalent (import: 5.17ms, transpile: 30152.98ms, gates: {'CNOTGate': 23, 'RZGate': 58, 'measurement': 1, 'SqrtXGate': 100}, verification: 33.48231315612793ms )
  Run 2/5: EquivalenceCriterion.not_equivalent (import: 7.70ms, transpile: 32601.35ms, gates: {'CNOTGate': 23, 'RZGate': 58, 'measurement': 1, 'SqrtXGate': 100}, verification: 29.210567474365234ms )
  Run 3/5: EquivalenceCriterion.not_equivalent (import: 5.12ms, transpile: 30577.35ms, gates: {'CNOTGate': 23, 'RZGate': 58, 'measurement': 1, 'SqrtXGate': 100}, verification: 22.386789321899414ms )
  Run 4/5: EquivalenceCriterion.not_equivalent (import: 5.46ms, transpile: 32598.77ms, gates: {'CNOTGate': 23, 'RZGate': 58, 'measurement': 1, 'SqrtXGate': 100}, verification: 16.19744300842285ms )
  Run 5/5: EquivalenceCriterion.not_equivalent (import: 6.46ms, transpile: 31259.80ms, gates: {'CNOTGate': 23, 'RZGate': 58, 'measurement': 1, 'SqrtXGate': 100}, verification: 15.857934951782227ms )
Running 5 transpilation tests on hhl_05...
  Run 1/5: EquivalenceCriterion.not_equivalent (import: 6.40ms, transpile: 65951.90ms, gates: {'CNOTGate': 63, 'RZGate': 176, 'measurement': 1, 'SqrtXGate': 272}, verification: 50.78554153442383ms )
  Run 2/5: EquivalenceCriterion.not_equivalent (import: 5.13ms, transpile: 66701.54ms, gates: {'CNOTGate': 63, 'RZGate': 176, 'measurement': 1, 'SqrtXGate': 272}, verification: 42.24896430969238ms )
  Run 3/5: EquivalenceCriterion.not_equivalent (import: 5.10ms, transpile: 67120.18ms, gates: {'CNOTGate': 63, 'RZGate': 176, 'measurement': 1, 'SqrtXGate': 272}, verification: 37.37020492553711ms )
  Run 4/5: EquivalenceCriterion.not_equivalent (import: 7.03ms, transpile: 66741.84ms, gates: {'CNOTGate': 63, 'RZGate': 176, 'measurement': 1, 'SqrtXGate': 272}, verification: 38.85936737060547ms )
  Run 5/5: EquivalenceCriterion.not_equivalent (import: 7.18ms, transpile: 67989.83ms, gates: {'CNOTGate': 63, 'RZGate': 176, 'measurement': 1, 'SqrtXGate': 272}, verification: 25.49266815185547ms )
Running 5 transpilation tests on hhl_06...
  Run 1/5: EquivalenceCriterion.not_equivalent (import: 5.55ms, transpile: 117389.90ms, gates: {'CNOTGate': 93, 'RZGate': 218, 'measurement': 1, 'SqrtXGate': 378}, verification: 117.87724494934082ms )
  Run 2/5: EquivalenceCriterion.not_equivalent (import: 6.52ms, transpile: 116295.80ms, gates: {'CNOTGate': 93, 'RZGate': 218, 'measurement': 1, 'SqrtXGate': 378}, verification: 122.7872371673584ms )
  Run 3/5: EquivalenceCriterion.not_equivalent (import: 8.10ms, transpile: 125900.98ms, gates: {'CNOTGate': 94, 'RZGate': 229, 'measurement': 1, 'SqrtXGate': 380}, verification: 46.761512756347656ms )
  Run 4/5: EquivalenceCriterion.not_equivalent (import: 9.54ms, transpile: 158674.74ms, gates: {'CNOTGate': 93, 'RZGate': 226, 'measurement': 1, 'SqrtXGate': 379}, verification: 95.93439102172852ms )
  Run 5/5: EquivalenceCriterion.not_equivalent (import: 9.07ms, transpile: 117219.10ms, gates: {'CNOTGate': 93, 'RZGate': 218, 'measurement': 1, 'SqrtXGate': 378}, verification: 106.49442672729492ms )
Running 5 transpilation tests on hhl_07...
  Run 1/5: EquivalenceCriterion.not_equivalent (import: 7.20ms, transpile: 146699.79ms, gates: {'CNOTGate': 156, 'RZGate': 456, 'measurement': 1, 'SqrtXGate': 622}, verification: 1031.0697555541992ms )
  Run 2/5: EquivalenceCriterion.not_equivalent (import: 8.96ms, transpile: 168010.43ms, gates: {'CNOTGate': 188, 'RZGate': 518, 'measurement': 1, 'SqrtXGate': 766}, verification: 1225.2376079559326ms )
  Run 3/5: EquivalenceCriterion.not_equivalent (import: 11.03ms, transpile: 171550.23ms, gates: {'CNOTGate': 187, 'RZGate': 522, 'measurement': 1, 'SqrtXGate': 762}, verification: 854.0933132171631ms )
  Run 4/5: EquivalenceCriterion.not_equivalent (import: 9.81ms, transpile: 174584.35ms, gates: {'CNOTGate': 187, 'RZGate': 530, 'measurement': 1, 'SqrtXGate': 762}, verification: 809.7426891326904ms )
  Run 5/5: EquivalenceCriterion.not_equivalent (import: 8.13ms, transpile: 174858.70ms, gates: {'CNOTGate': 187, 'RZGate': 529, 'measurement': 1, 'SqrtXGate': 762}, verification: 351.40180587768555ms )
Running 5 transpilation tests on hhl_08...
  Run 1/5: EquivalenceCriterion.not_equivalent (import: 10.94ms, transpile: 287777.22ms, gates: {'CNOTGate': 241, 'RZGate': 649, 'measurement': 1, 'SqrtXGate': 983}, verification: 79005.82933425903ms )
  Run 2/5: EquivalenceCriterion.not_equivalent (import: 17.50ms, transpile: 280312.07ms, gates: {'CNOTGate': 237, 'RZGate': 675, 'measurement': 1, 'SqrtXGate': 964}, verification: 42971.53282165527ms )
  Run 3/5: EquivalenceCriterion.not_equivalent (import: 13.61ms, transpile: 173723.07ms, gates: {'CNOTGate': 223, 'RZGate': 674, 'measurement': 1, 'SqrtXGate': 908}, verification: 1954.4806480407715ms )
  Run 4/5: EquivalenceCriterion.not_equivalent (import: 11.14ms, transpile: 175861.66ms, gates: {'CNOTGate': 223, 'RZGate': 676, 'measurement': 1, 'SqrtXGate': 908}, verification: 2170.624256134033ms )
  Run 5/5: EquivalenceCriterion.not_equivalent (import: 12.46ms, transpile: 265512.42ms, gates: {'CNOTGate': 239, 'RZGate': 681, 'measurement': 1, 'SqrtXGate': 975}, verification: 80138.10706138611ms )
Running 5 transpilation tests on randomcircuit_02...
Verification failed: "<input>:12,5: 'meas' is already defined"
  Run 1/5: EquivalenceCriterion.no_information (import: 3.98ms, transpile: 1110.29ms, gates: {'RZGate': 11, 'barrier': 1, 'CNOTGate': 2, 'measurement': 1, 'SqrtXGate': 12}, verification: 14.742612838745117ms )
Verification failed: "<input>:12,5: 'meas' is already defined"
  Run 2/5: EquivalenceCriterion.no_information (import: 4.23ms, transpile: 1105.96ms, gates: {'RZGate': 11, 'barrier': 1, 'CNOTGate': 2, 'measurement': 1, 'SqrtXGate': 12}, verification: 0.8139610290527344ms )
Verification failed: "<input>:12,5: 'meas' is already defined"
  Run 3/5: EquivalenceCriterion.no_information (import: 4.13ms, transpile: 1060.74ms, gates: {'RZGate': 11, 'barrier': 1, 'CNOTGate': 2, 'measurement': 1, 'SqrtXGate': 12}, verification: 1.2586116790771484ms )
Verification failed: "<input>:12,5: 'meas' is already defined"
  Run 4/5: EquivalenceCriterion.no_information (import: 5.14ms, transpile: 1075.64ms, gates: {'RZGate': 11, 'barrier': 1, 'CNOTGate': 2, 'measurement': 1, 'SqrtXGate': 12}, verification: 0.8602142333984375ms )
Verification failed: "<input>:12,5: 'meas' is already defined"
  Run 5/5: EquivalenceCriterion.no_information (import: 10.23ms, transpile: 1121.93ms, gates: {'RZGate': 11, 'barrier': 1, 'CNOTGate': 2, 'measurement': 1, 'SqrtXGate': 12}, verification: 0.8556842803955078ms )
Running 5 transpilation tests on randomcircuit_03...
/u/halle/wraf/home_at/qml-env/lib/python3.12/site-packages/bqskit/passes/synthesis/leap.py:358: SmallSampleWarning: One or more sample arguments is too small; all returned values will be NaN. See documentation for sample size requirements.
  m, y_int, _, _, _ = linregress(best_layers, best_dists)
Verification failed: 'DaggerGate' object has no attribute '_qasm_name'
  Run 1/5: EquivalenceCriterion.no_information (import: 3.16ms, transpile: 11630.92ms, gates: {'RZGate': 21, 'barrier': 1, 'measurement': 1, 'CNOTGate': 6, 'SqrtXGate': 19}, verification: 0.4086494445800781ms )
Verification failed: 'DaggerGate' object has no attribute '_qasm_name'
  Run 2/5: EquivalenceCriterion.no_information (import: 5.05ms, transpile: 11815.43ms, gates: {'RZGate': 21, 'barrier': 1, 'measurement': 1, 'CNOTGate': 7, 'SqrtXGate': 33}, verification: 0.3437995910644531ms )
Verification failed: 'DaggerGate' object has no attribute '_qasm_name'
  Run 3/5: EquivalenceCriterion.no_information (import: 3.38ms, transpile: 10611.35ms, gates: {'RZGate': 21, 'barrier': 1, 'measurement': 1, 'CNOTGate': 6, 'SqrtXGate': 19}, verification: 0.4458427429199219ms )
Verification failed: 'DaggerGate' object has no attribute '_qasm_name'
  Run 4/5: EquivalenceCriterion.no_information (import: 4.79ms, transpile: 11955.22ms, gates: {'RZGate': 21, 'barrier': 1, 'measurement': 1, 'CNOTGate': 6, 'SqrtXGate': 19}, verification: 0.9179115295410156ms )
Verification failed: 'DaggerGate' object has no attribute '_qasm_name'
  Run 5/5: EquivalenceCriterion.no_information (import: 3.81ms, transpile: 13607.19ms, gates: {'RZGate': 23, 'barrier': 1, 'measurement': 1, 'CNOTGate': 7, 'SqrtXGate': 33}, verification: 0.3914833068847656ms )
Running 5 transpilation tests on randomcircuit_04...
  Run 1/5: FAILED - Transpilation failed: Server connection unexpectedly closed.
  Run 2/5: FAILED - Transpilation failed: Connection unexpectedly none.
  Run 3/5: FAILED - Transpilation failed: Connection unexpectedly none.
  Run 4/5: FAILED - Transpilation failed: Connection unexpectedly none.
  Run 5/5: FAILED - Transpilation failed: Connection unexpectedly none.
Running 5 transpilation tests on randomcircuit_05...
  Run 1/5: FAILED - Transpilation failed: Connection unexpectedly none.
  Run 2/5: FAILED - Transpilation failed: Connection unexpectedly none.
  Run 3/5: FAILED - Transpilation failed: Connection unexpectedly none.
  Run 4/5: FAILED - Transpilation failed: Connection unexpectedly none.
  Run 5/5: FAILED - Transpilation failed: Connection unexpectedly none.
Running 5 transpilation tests on randomcircuit_06...
  Run 1/5: FAILED - Transpilation failed: Connection unexpectedly none.
  Run 2/5: FAILED - Transpilation failed: Connection unexpectedly none.
  Run 3/5: FAILED - Transpilation failed: Connection unexpectedly none.
  Run 4/5: FAILED - Transpilation failed: Connection unexpectedly none.
  Run 5/5: FAILED - Transpilation failed: Connection unexpectedly none.
Running 5 transpilation tests on randomcircuit_07...
  Run 1/5: FAILED - Transpilation failed: Connection unexpectedly none.
  Run 2/5: FAILED - Transpilation failed: Connection unexpectedly none.
  Run 3/5: FAILED - Transpilation failed: Connection unexpectedly none.
  Run 4/5: FAILED - Transpilation failed: Connection unexpectedly none.
  Run 5/5: FAILED - Transpilation failed: Connection unexpectedly none.
Running 5 transpilation tests on randomcircuit_08...
  Run 1/5: FAILED - Transpilation failed: Connection unexpectedly none.
  Run 2/5: FAILED - Transpilation failed: Connection unexpectedly none.
  Run 3/5: FAILED - Transpilation failed: Connection unexpectedly none.
  Run 4/5: FAILED - Transpilation failed: Connection unexpectedly none.
  Run 5/5: FAILED - Transpilation failed: Connection unexpectedly none.
Running 5 transpilation tests on grover_02...
  Run 1/5: FAILED - Transpilation failed: Connection unexpectedly none.
  Run 2/5: FAILED - Transpilation failed: Connection unexpectedly none.
  Run 3/5: FAILED - Transpilation failed: Connection unexpectedly none.
  Run 4/5: FAILED - Transpilation failed: Connection unexpectedly none.
  Run 5/5: FAILED - Transpilation failed: Connection unexpectedly none.
Running 5 transpilation tests on grover_03...
  Run 1/5: FAILED - Transpilation failed: Connection unexpectedly none.
  Run 2/5: FAILED - Transpilation failed: Connection unexpectedly none.
  Run 3/5: FAILED - Transpilation failed: Connection unexpectedly none.
  Run 4/5: FAILED - Transpilation failed: Connection unexpectedly none.
  Run 5/5: FAILED - Transpilation failed: Connection unexpectedly none.
Running 5 transpilation tests on grover_04...
  Run 1/5: FAILED - Transpilation failed: Connection unexpectedly none.
  Run 2/5: FAILED - Transpilation failed: Connection unexpectedly none.
  Run 3/5: FAILED - Transpilation failed: Connection unexpectedly none.
  Run 4/5: FAILED - Transpilation failed: Connection unexpectedly none.
  Run 5/5: FAILED - Transpilation failed: Connection unexpectedly none.
Running 5 transpilation tests on grover_05...
  Run 1/5: FAILED - Transpilation failed: Connection unexpectedly none.
  Run 2/5: FAILED - Transpilation failed: Connection unexpectedly none.
  Run 3/5: FAILED - Transpilation failed: Connection unexpectedly none.
  Run 4/5: FAILED - Transpilation failed: Connection unexpectedly none.
  Run 5/5: FAILED - Transpilation failed: Connection unexpectedly none.
Running 5 transpilation tests on grover_06...
  Run 1/5: FAILED - Transpilation failed: Connection unexpectedly none.
  Run 2/5: FAILED - Transpilation failed: Connection unexpectedly none.
  Run 3/5: FAILED - Transpilation failed: Connection unexpectedly none.
  Run 4/5: FAILED - Transpilation failed: Connection unexpectedly none.
  Run 5/5: FAILED - Transpilation failed: Connection unexpectedly none.
Running 5 transpilation tests on grover_07...
  Run 1/5: FAILED - Transpilation failed: Connection unexpectedly none.
  Run 2/5: FAILED - Transpilation failed: Connection unexpectedly none.
  Run 3/5: FAILED - Transpilation failed: Connection unexpectedly none.
  Run 4/5: FAILED - Transpilation failed: Connection unexpectedly none.
  Run 5/5: FAILED - Transpilation failed: Connection unexpectedly none.
Running 5 transpilation tests on grover_08...
  Run 1/5: FAILED - Transpilation failed: Connection unexpectedly none.
  Run 2/5: FAILED - Transpilation failed: Connection unexpectedly none.
  Run 3/5: FAILED - Transpilation failed: Connection unexpectedly none.
  Run 4/5: FAILED - Transpilation failed: Connection unexpectedly none.
  Run 5/5: FAILED - Transpilation failed: Connection unexpectedly none.
Running 5 transpilation tests on vqe_real_amp_02...
  Run 1/5: FAILED - Transpilation failed: Connection unexpectedly none.
  Run 2/5: FAILED - Transpilation failed: Connection unexpectedly none.
  Run 3/5: FAILED - Transpilation failed: Connection unexpectedly none.
  Run 4/5: FAILED - Transpilation failed: Connection unexpectedly none.
  Run 5/5: FAILED - Transpilation failed: Connection unexpectedly none.
Running 5 transpilation tests on vqe_real_amp_03...
  Run 1/5: FAILED - Transpilation failed: Connection unexpectedly none.
  Run 2/5: FAILED - Transpilation failed: Connection unexpectedly none.
  Run 3/5: FAILED - Transpilation failed: Connection unexpectedly none.
  Run 4/5: FAILED - Transpilation failed: Connection unexpectedly none.
  Run 5/5: FAILED - Transpilation failed: Connection unexpectedly none.
Running 5 transpilation tests on vqe_real_amp_04...
  Run 1/5: FAILED - Transpilation failed: Connection unexpectedly none.
  Run 2/5: FAILED - Transpilation failed: Connection unexpectedly none.
  Run 3/5: FAILED - Transpilation failed: Connection unexpectedly none.
  Run 4/5: FAILED - Transpilation failed: Connection unexpectedly none.
  Run 5/5: FAILED - Transpilation failed: Connection unexpectedly none.
Running 5 transpilation tests on vqe_real_amp_05...
  Run 1/5: FAILED - Transpilation failed: Connection unexpectedly none.
  Run 2/5: FAILED - Transpilation failed: Connection unexpectedly none.
  Run 3/5: FAILED - Transpilation failed: Connection unexpectedly none.
  Run 4/5: FAILED - Transpilation failed: Connection unexpectedly none.
  Run 5/5: FAILED - Transpilation failed: Connection unexpectedly none.
Running 5 transpilation tests on vqe_real_amp_06...
  Run 1/5: FAILED - Transpilation failed: Connection unexpectedly none.
  Run 2/5: FAILED - Transpilation failed: Connection unexpectedly none.
  Run 3/5: FAILED - Transpilation failed: Connection unexpectedly none.
  Run 4/5: FAILED - Transpilation failed: Connection unexpectedly none.
  Run 5/5: FAILED - Transpilation failed: Connection unexpectedly none.
Running 5 transpilation tests on vqe_real_amp_07...
  Run 1/5: FAILED - Transpilation failed: Connection unexpectedly none.
  Run 2/5: FAILED - Transpilation failed: Connection unexpectedly none.
  Run 3/5: FAILED - Transpilation failed: Connection unexpectedly none.
  Run 4/5: FAILED - Transpilation failed: Connection unexpectedly none.
  Run 5/5: FAILED - Transpilation failed: Connection unexpectedly none.
Running 5 transpilation tests on vqe_real_amp_08...
  Run 1/5: FAILED - Transpilation failed: Connection unexpectedly none.
  Run 2/5: FAILED - Transpilation failed: Connection unexpectedly none.
  Run 3/5: FAILED - Transpilation failed: Connection unexpectedly none.
  Run 4/5: FAILED - Transpilation failed: Connection unexpectedly none.
  Run 5/5: FAILED - Transpilation failed: Connection unexpectedly none.
Results saved to final/transpiler_result_20260704_221958_BQSkit_mapped_line_IBM_gateset.json
Processing SDK: Pennylane_independent
Running 5 transpilation tests on qaoa_02...
  Run 1/5: EquivalenceCriterion.equivalent_up_to_global_phase (import: 0.36ms, transpile: 1.69ms, gates: {'RZ': 6, 'RX': 6, 'CNOT': 4}, verification: 17.574787139892578ms )
  Run 2/5: EquivalenceCriterion.equivalent_up_to_global_phase (import: 0.64ms, transpile: 1.24ms, gates: {'RZ': 6, 'RX': 6, 'CNOT': 4}, verification: 17.241716384887695ms )
  Run 3/5: EquivalenceCriterion.equivalent_up_to_global_phase (import: 0.54ms, transpile: 1.22ms, gates: {'RZ': 6, 'RX': 6, 'CNOT': 4}, verification: 10.192394256591797ms )
  Run 4/5: EquivalenceCriterion.equivalent_up_to_global_phase (import: 0.47ms, transpile: 1.30ms, gates: {'RZ': 6, 'RX': 6, 'CNOT': 4}, verification: 7.300376892089844ms )
  Run 5/5: EquivalenceCriterion.equivalent_up_to_global_phase (import: 0.42ms, transpile: 1.15ms, gates: {'RZ': 6, 'RX': 6, 'CNOT': 4}, verification: 7.863521575927734ms )
Running 5 transpilation tests on qaoa_03...
  Run 1/5: EquivalenceCriterion.equivalent_up_to_global_phase (import: 0.38ms, transpile: 2.12ms, gates: {'RZ': 10, 'RX': 9, 'CNOT': 8}, verification: 18.8596248626709ms )
  Run 2/5: EquivalenceCriterion.equivalent_up_to_global_phase (import: 0.60ms, transpile: 2.35ms, gates: {'RZ': 10, 'RX': 9, 'CNOT': 8}, verification: 21.173954010009766ms )
  Run 3/5: EquivalenceCriterion.equivalent_up_to_global_phase (import: 0.63ms, transpile: 2.13ms, gates: {'RZ': 10, 'RX': 9, 'CNOT': 8}, verification: 11.965036392211914ms )
  Run 4/5: EquivalenceCriterion.equivalent_up_to_global_phase (import: 0.64ms, transpile: 2.18ms, gates: {'RZ': 10, 'RX': 9, 'CNOT': 8}, verification: 10.392189025878906ms )
  Run 5/5: EquivalenceCriterion.equivalent_up_to_global_phase (import: 0.49ms, transpile: 2.04ms, gates: {'RZ': 10, 'RX': 9, 'CNOT': 8}, verification: 12.338876724243164ms )
Running 5 transpilation tests on qaoa_04...
  Run 1/5: EquivalenceCriterion.equivalent_up_to_global_phase (import: 0.50ms, transpile: 3.31ms, gates: {'RZ': 12, 'RX': 11, 'CNOT': 8}, verification: 29.89482879638672ms )
  Run 2/5: EquivalenceCriterion.equivalent_up_to_global_phase (import: 0.86ms, transpile: 3.26ms, gates: {'RZ': 12, 'RX': 11, 'CNOT': 8}, verification: 38.92064094543457ms )
  Run 3/5: EquivalenceCriterion.equivalent_up_to_global_phase (import: 0.71ms, transpile: 3.34ms, gates: {'RZ': 12, 'RX': 11, 'CNOT': 8}, verification: 15.335559844970703ms )
  Run 4/5: EquivalenceCriterion.equivalent_up_to_global_phase (import: 0.60ms, transpile: 3.00ms, gates: {'RZ': 12, 'RX': 11, 'CNOT': 8}, verification: 17.75836944580078ms )
  Run 5/5: EquivalenceCriterion.equivalent_up_to_global_phase (import: 0.85ms, transpile: 3.37ms, gates: {'RZ': 12, 'RX': 11, 'CNOT': 8}, verification: 18.34726333618164ms )
Running 5 transpilation tests on qaoa_05...
  Run 1/5: EquivalenceCriterion.equivalent_up_to_global_phase (import: 0.60ms, transpile: 6.40ms, gates: {'RZ': 22, 'RX': 15, 'CNOT': 24}, verification: 45.395851135253906ms )
  Run 2/5: EquivalenceCriterion.equivalent_up_to_global_phase (import: 0.81ms, transpile: 8.28ms, gates: {'RZ': 22, 'RX': 15, 'CNOT': 24}, verification: 28.965234756469727ms )
  Run 3/5: EquivalenceCriterion.equivalent_up_to_global_phase (import: 0.85ms, transpile: 5.84ms, gates: {'RZ': 22, 'RX': 15, 'CNOT': 24}, verification: 31.929492950439453ms )
  Run 4/5: EquivalenceCriterion.equivalent_up_to_global_phase (import: 0.97ms, transpile: 7.47ms, gates: {'RZ': 22, 'RX': 15, 'CNOT': 24}, verification: 82.71217346191406ms )
  Run 5/5: EquivalenceCriterion.equivalent_up_to_global_phase (import: 0.86ms, transpile: 5.81ms, gates: {'RZ': 22, 'RX': 15, 'CNOT': 24}, verification: 41.451454162597656ms )
Running 5 transpilation tests on qaoa_06...
  Run 1/5: EquivalenceCriterion.equivalent_up_to_global_phase (import: 0.59ms, transpile: 6.97ms, gates: {'RZ': 26, 'RX': 18, 'CNOT': 28}, verification: 90.8956527709961ms )
  Run 2/5: EquivalenceCriterion.equivalent_up_to_global_phase (import: 0.91ms, transpile: 7.33ms, gates: {'RZ': 26, 'RX': 18, 'CNOT': 28}, verification: 58.57515335083008ms )
  Run 3/5: EquivalenceCriterion.equivalent_up_to_global_phase (import: 1.13ms, transpile: 7.36ms, gates: {'RZ': 26, 'RX': 18, 'CNOT': 28}, verification: 58.26735496520996ms )
  Run 4/5: EquivalenceCriterion.equivalent_up_to_global_phase (import: 0.95ms, transpile: 7.46ms, gates: {'RZ': 26, 'RX': 18, 'CNOT': 28}, verification: 81.74777030944824ms )
  Run 5/5: EquivalenceCriterion.equivalent_up_to_global_phase (import: 0.94ms, transpile: 7.75ms, gates: {'RZ': 26, 'RX': 18, 'CNOT': 28}, verification: 84.9618911743164ms )
Running 5 transpilation tests on qaoa_07...
  Run 1/5: EquivalenceCriterion.equivalent_up_to_global_phase (import: 0.72ms, transpile: 10.80ms, gates: {'RZ': 38, 'RX': 21, 'CNOT': 48}, verification: 176.49412155151367ms )
  Run 2/5: EquivalenceCriterion.equivalent_up_to_global_phase (import: 1.11ms, transpile: 11.61ms, gates: {'RZ': 38, 'RX': 21, 'CNOT': 48}, verification: 132.6596736907959ms )
  Run 3/5: EquivalenceCriterion.equivalent_up_to_global_phase (import: 1.31ms, transpile: 13.77ms, gates: {'RZ': 38, 'RX': 21, 'CNOT': 48}, verification: 167.76037216186523ms )
  Run 4/5: EquivalenceCriterion.equivalent_up_to_global_phase (import: 1.12ms, transpile: 11.42ms, gates: {'RZ': 38, 'RX': 21, 'CNOT': 48}, verification: 176.92947387695312ms )
  Run 5/5: EquivalenceCriterion.equivalent_up_to_global_phase (import: 1.00ms, transpile: 10.38ms, gates: {'RZ': 38, 'RX': 21, 'CNOT': 48}, verification: 209.24925804138184ms )
Running 5 transpilation tests on qaoa_08...
  Run 1/5: EquivalenceCriterion.equivalent (import: 0.84ms, transpile: 13.36ms, gates: {'RZ': 44, 'RX': 24, 'CNOT': 56}, verification: 202.82697677612305ms )
  Run 2/5: EquivalenceCriterion.equivalent (import: 1.23ms, transpile: 13.58ms, gates: {'RZ': 44, 'RX': 24, 'CNOT': 56}, verification: 173.27547073364258ms )
  Run 3/5: EquivalenceCriterion.equivalent (import: 1.23ms, transpile: 14.80ms, gates: {'RZ': 44, 'RX': 24, 'CNOT': 56}, verification: 155.15470504760742ms )
  Run 4/5: EquivalenceCriterion.equivalent (import: 1.35ms, transpile: 15.02ms, gates: {'RZ': 44, 'RX': 24, 'CNOT': 56}, verification: 169.05808448791504ms )
  Run 5/5: EquivalenceCriterion.equivalent (import: 1.19ms, transpile: 13.39ms, gates: {'RZ': 44, 'RX': 24, 'CNOT': 56}, verification: 175.25315284729004ms )
Running 5 transpilation tests on qft_02...
Verification failed: "<input>:9,0: 'gphase' is not defined in this scope"
  Run 1/5: EquivalenceCriterion.no_information (import: 0.66ms, transpile: 6.50ms, gates: {'RZ': 9, 'RY': 6, 'CNOT': 3, 'MidMeasureMP': 2}, verification: 2.986907958984375ms )
Verification failed: "<input>:9,0: 'gphase' is not defined in this scope"
  Run 2/5: EquivalenceCriterion.no_information (import: 0.68ms, transpile: 3.32ms, gates: {'RZ': 9, 'RY': 6, 'CNOT': 3, 'MidMeasureMP': 2}, verification: 2.785921096801758ms )
Verification failed: "<input>:9,0: 'gphase' is not defined in this scope"
  Run 3/5: EquivalenceCriterion.no_information (import: 0.62ms, transpile: 3.33ms, gates: {'RZ': 9, 'RY': 6, 'CNOT': 3, 'MidMeasureMP': 2}, verification: 2.6464462280273438ms )
Verification failed: "<input>:9,0: 'gphase' is not defined in this scope"
  Run 4/5: EquivalenceCriterion.no_information (import: 0.64ms, transpile: 3.32ms, gates: {'RZ': 9, 'RY': 6, 'CNOT': 3, 'MidMeasureMP': 2}, verification: 2.7685165405273438ms )
Verification failed: "<input>:9,0: 'gphase' is not defined in this scope"
  Run 5/5: EquivalenceCriterion.no_information (import: 0.62ms, transpile: 3.29ms, gates: {'RZ': 9, 'RY': 6, 'CNOT': 3, 'MidMeasureMP': 2}, verification: 2.764463424682617ms )
Running 5 transpilation tests on qft_03...
Verification failed: "<input>:9,0: 'gphase' is not defined in this scope"
  Run 1/5: EquivalenceCriterion.no_information (import: 1.08ms, transpile: 31.65ms, gates: {'RZ': 40, 'RY': 20, 'CNOT': 22, 'RX': 4, 'MidMeasureMP': 3}, verification: 15.166997909545898ms )
Verification failed: "<input>:9,0: 'gphase' is not defined in this scope"
  Run 2/5: EquivalenceCriterion.no_information (import: 1.22ms, transpile: 20.22ms, gates: {'RZ': 40, 'RY': 20, 'CNOT': 22, 'RX': 4, 'MidMeasureMP': 3}, verification: 14.484643936157227ms )
Verification failed: "<input>:9,0: 'gphase' is not defined in this scope"
  Run 3/5: EquivalenceCriterion.no_information (import: 1.13ms, transpile: 20.19ms, gates: {'RZ': 40, 'RY': 20, 'CNOT': 22, 'RX': 4, 'MidMeasureMP': 3}, verification: 14.492034912109375ms )
Verification failed: "<input>:9,0: 'gphase' is not defined in this scope"
  Run 4/5: EquivalenceCriterion.no_information (import: 1.05ms, transpile: 35.69ms, gates: {'RZ': 40, 'RY': 20, 'CNOT': 22, 'RX': 4, 'MidMeasureMP': 3}, verification: 14.712810516357422ms )
Verification failed: "<input>:9,0: 'gphase' is not defined in this scope"
  Run 5/5: EquivalenceCriterion.no_information (import: 1.15ms, transpile: 20.17ms, gates: {'RZ': 40, 'RY': 20, 'CNOT': 22, 'RX': 4, 'MidMeasureMP': 3}, verification: 14.53399658203125ms )
Running 5 transpilation tests on qft_04...
Verification failed: "<input>:9,0: 'gphase' is not defined in this scope"
  Run 1/5: EquivalenceCriterion.no_information (import: 1.32ms, transpile: 86.35ms, gates: {'RZ': 178, 'RY': 88, 'CNOT': 116, 'RX': 14, 'MidMeasureMP': 4}, verification: 57.87158012390137ms )
Verification failed: "<input>:9,0: 'gphase' is not defined in this scope"
  Run 2/5: EquivalenceCriterion.no_information (import: 1.45ms, transpile: 85.58ms, gates: {'RZ': 178, 'RY': 88, 'CNOT': 116, 'RX': 14, 'MidMeasureMP': 4}, verification: 56.55860900878906ms )
Verification failed: "<input>:9,0: 'gphase' is not defined in this scope"
  Run 3/5: EquivalenceCriterion.no_information (import: 1.50ms, transpile: 85.36ms, gates: {'RZ': 178, 'RY': 88, 'CNOT': 116, 'RX': 14, 'MidMeasureMP': 4}, verification: 56.652069091796875ms )
Verification failed: "<input>:9,0: 'gphase' is not defined in this scope"
  Run 4/5: EquivalenceCriterion.no_information (import: 1.44ms, transpile: 84.78ms, gates: {'RZ': 178, 'RY': 88, 'CNOT': 116, 'RX': 14, 'MidMeasureMP': 4}, verification: 56.53238296508789ms )
Verification failed: "<input>:9,0: 'gphase' is not defined in this scope"
  Run 5/5: EquivalenceCriterion.no_information (import: 1.46ms, transpile: 85.07ms, gates: {'RZ': 178, 'RY': 88, 'CNOT': 116, 'RX': 14, 'MidMeasureMP': 4}, verification: 57.62004852294922ms )
Running 5 transpilation tests on qft_05...
Verification failed: "<input>:9,0: 'gphase' is not defined in this scope"
  Run 1/5: EquivalenceCriterion.no_information (import: 1.66ms, transpile: 339.46ms, gates: {'RZ': 790, 'RY': 384, 'CNOT': 528, 'RX': 42, 'MidMeasureMP': 5}, verification: 218.98818016052246ms )
Verification failed: "<input>:9,0: 'gphase' is not defined in this scope"
  Run 2/5: EquivalenceCriterion.no_information (import: 2.22ms, transpile: 533.59ms, gates: {'RZ': 790, 'RY': 384, 'CNOT': 528, 'RX': 42, 'MidMeasureMP': 5}, verification: 218.0800437927246ms )
Verification failed: "<input>:9,0: 'gphase' is not defined in this scope"
  Run 3/5: EquivalenceCriterion.no_information (import: 2.16ms, transpile: 361.58ms, gates: {'RZ': 790, 'RY': 384, 'CNOT': 528, 'RX': 42, 'MidMeasureMP': 5}, verification: 220.77417373657227ms )
Verification failed: "<input>:9,0: 'gphase' is not defined in this scope"
  Run 4/5: EquivalenceCriterion.no_information (import: 2.25ms, transpile: 362.39ms, gates: {'RZ': 790, 'RY': 384, 'CNOT': 528, 'RX': 42, 'MidMeasureMP': 5}, verification: 219.91205215454102ms )
Verification failed: "<input>:9,0: 'gphase' is not defined in this scope"
  Run 5/5: EquivalenceCriterion.no_information (import: 2.22ms, transpile: 361.82ms, gates: {'RZ': 790, 'RY': 384, 'CNOT': 528, 'RX': 42, 'MidMeasureMP': 5}, verification: 218.80626678466797ms )
Running 5 transpilation tests on qft_06...
Verification failed: "<input>:9,0: 'gphase' is not defined in this scope"
  Run 1/5: EquivalenceCriterion.no_information (import: 3.08ms, transpile: 1824.01ms, gates: {'RZ': 3291, 'RY': 1536, 'CNOT': 2208, 'RX': 170, 'MidMeasureMP': 6}, verification: 917.827844619751ms )
Verification failed: "<input>:9,0: 'gphase' is not defined in this scope"
  Run 2/5: EquivalenceCriterion.no_information (import: 3.69ms, transpile: 1649.45ms, gates: {'RZ': 3291, 'RY': 1536, 'CNOT': 2208, 'RX': 170, 'MidMeasureMP': 6}, verification: 1085.49165725708ms )
Verification failed: "<input>:9,0: 'gphase' is not defined in this scope"
  Run 3/5: EquivalenceCriterion.no_information (import: 3.81ms, transpile: 1667.94ms, gates: {'RZ': 3291, 'RY': 1536, 'CNOT': 2208, 'RX': 170, 'MidMeasureMP': 6}, verification: 1112.8792762756348ms )
Verification failed: "<input>:9,0: 'gphase' is not defined in this scope"
  Run 4/5: EquivalenceCriterion.no_information (import: 3.73ms, transpile: 1663.00ms, gates: {'RZ': 3291, 'RY': 1536, 'CNOT': 2208, 'RX': 170, 'MidMeasureMP': 6}, verification: 1095.5898761749268ms )
Verification failed: "<input>:9,0: 'gphase' is not defined in this scope"
  Run 5/5: EquivalenceCriterion.no_information (import: 3.76ms, transpile: 1762.63ms, gates: {'RZ': 3291, 'RY': 1536, 'CNOT': 2208, 'RX': 170, 'MidMeasureMP': 6}, verification: 1194.209098815918ms )
Running 5 transpilation tests on qft_07...
Verification failed: "<input>:9,0: 'gphase' is not defined in this scope"
  Run 1/5: EquivalenceCriterion.no_information (import: 9.07ms, transpile: 10016.11ms, gates: {'RZ': 13402, 'RY': 6144, 'CNOT': 9024, 'RX': 682, 'MidMeasureMP': 7}, verification: 4281.544208526611ms )
Verification failed: "<input>:9,0: 'gphase' is not defined in this scope"
  Run 2/5: EquivalenceCriterion.no_information (import: 8.98ms, transpile: 9832.95ms, gates: {'RZ': 13402, 'RY': 6144, 'CNOT': 9024, 'RX': 682, 'MidMeasureMP': 7}, verification: 3933.3643913269043ms )
Verification failed: "<input>:9,0: 'gphase' is not defined in this scope"
  Run 3/5: EquivalenceCriterion.no_information (import: 8.87ms, transpile: 9581.47ms, gates: {'RZ': 13402, 'RY': 6144, 'CNOT': 9024, 'RX': 682, 'MidMeasureMP': 7}, verification: 4184.1065883636475ms )
Verification failed: "<input>:9,0: 'gphase' is not defined in this scope"
  Run 4/5: EquivalenceCriterion.no_information (import: 9.45ms, transpile: 10512.45ms, gates: {'RZ': 13402, 'RY': 6144, 'CNOT': 9024, 'RX': 682, 'MidMeasureMP': 7}, verification: 3989.4988536834717ms )
Verification failed: "<input>:9,0: 'gphase' is not defined in this scope"
  Run 5/5: EquivalenceCriterion.no_information (import: 9.49ms, transpile: 10222.41ms, gates: {'RZ': 13402, 'RY': 6144, 'CNOT': 9024, 'RX': 682, 'MidMeasureMP': 7}, verification: 4011.234998703003ms )
Running 5 transpilation tests on qft_08...
Verification failed: "<input>:9,0: 'gphase' is not defined in this scope"
  Run 1/5: EquivalenceCriterion.no_information (import: 34.09ms, transpile: 91968.50ms, gates: {'RZ': 54075, 'RY': 24576, 'CNOT': 36480, 'RX': 2730, 'MidMeasureMP': 8}, verification: 20924.787282943726ms )
Verification failed: "<input>:9,0: 'gphase' is not defined in this scope"
  Run 2/5: EquivalenceCriterion.no_information (import: 32.86ms, transpile: 88858.16ms, gates: {'RZ': 54075, 'RY': 24576, 'CNOT': 36480, 'RX': 2730, 'MidMeasureMP': 8}, verification: 25274.730682373047ms )
Verification failed: "<input>:9,0: 'gphase' is not defined in this scope"
  Run 3/5: EquivalenceCriterion.no_information (import: 33.57ms, transpile: 96458.05ms, gates: {'RZ': 54075, 'RY': 24576, 'CNOT': 36480, 'RX': 2730, 'MidMeasureMP': 8}, verification: 21673.26045036316ms )
Verification failed: "<input>:9,0: 'gphase' is not defined in this scope"
  Run 4/5: EquivalenceCriterion.no_information (import: 31.43ms, transpile: 84545.94ms, gates: {'RZ': 54075, 'RY': 24576, 'CNOT': 36480, 'RX': 2730, 'MidMeasureMP': 8}, verification: 17066.40338897705ms )
Verification failed: "<input>:9,0: 'gphase' is not defined in this scope"
  Run 5/5: EquivalenceCriterion.no_information (import: 33.37ms, transpile: 87816.27ms, gates: {'RZ': 54075, 'RY': 24576, 'CNOT': 36480, 'RX': 2730, 'MidMeasureMP': 8}, verification: 22183.273315429688ms )
Failed to extract qubits: "<input>:1,0: identifiers cannot start with capital letters except for the builtins 'U' and 'CX'"
Running 5 transpilation tests on hhl_02...
  Run 1/5: FAILED - Import failed: "<input>:1,0: identifiers cannot start with capital letters except for the builtins 'U' and 'CX'"
  Run 2/5: FAILED - Import failed: "<input>:1,0: identifiers cannot start with capital letters except for the builtins 'U' and 'CX'"
  Run 3/5: FAILED - Import failed: "<input>:1,0: identifiers cannot start with capital letters except for the builtins 'U' and 'CX'"
  Run 4/5: FAILED - Import failed: "<input>:1,0: identifiers cannot start with capital letters except for the builtins 'U' and 'CX'"
  Run 5/5: FAILED - Import failed: "<input>:1,0: identifiers cannot start with capital letters except for the builtins 'U' and 'CX'"
Running 5 transpilation tests on hhl_03...
Verification failed: "<input>:16,0: 'gphase' is not defined in this scope"
  Run 1/5: EquivalenceCriterion.no_information (import: 0.87ms, transpile: 3.12ms, gates: {'RZ': 9, 'RX': 3, 'CNOT': 6, 'RY': 4, 'MidMeasureMP': 1}, verification: 2.7647018432617188ms )
Verification failed: "<input>:16,0: 'gphase' is not defined in this scope"
  Run 2/5: EquivalenceCriterion.no_information (import: 0.92ms, transpile: 2.89ms, gates: {'RZ': 9, 'RX': 3, 'CNOT': 6, 'RY': 4, 'MidMeasureMP': 1}, verification: 1.1129379272460938ms )
Verification failed: "<input>:16,0: 'gphase' is not defined in this scope"
  Run 3/5: EquivalenceCriterion.no_information (import: 0.86ms, transpile: 2.82ms, gates: {'RZ': 9, 'RX': 3, 'CNOT': 6, 'RY': 4, 'MidMeasureMP': 1}, verification: 1.127004623413086ms )
Verification failed: "<input>:16,0: 'gphase' is not defined in this scope"
  Run 4/5: EquivalenceCriterion.no_information (import: 0.86ms, transpile: 2.82ms, gates: {'RZ': 9, 'RX': 3, 'CNOT': 6, 'RY': 4, 'MidMeasureMP': 1}, verification: 1.1317729949951172ms )
Verification failed: "<input>:16,0: 'gphase' is not defined in this scope"
  Run 5/5: EquivalenceCriterion.no_information (import: 0.87ms, transpile: 2.78ms, gates: {'RZ': 9, 'RX': 3, 'CNOT': 6, 'RY': 4, 'MidMeasureMP': 1}, verification: 1.1129379272460938ms )
Running 5 transpilation tests on hhl_04...
Verification failed: "<input>:22,0: 'gphase' is not defined in this scope"
  Run 1/5: EquivalenceCriterion.no_information (import: 1.30ms, transpile: 12.54ms, gates: {'RZ': 28, 'RX': 5, 'CNOT': 18, 'RY': 16, 'MidMeasureMP': 1}, verification: 6.492853164672852ms )
Verification failed: "<input>:22,0: 'gphase' is not defined in this scope"
  Run 2/5: EquivalenceCriterion.no_information (import: 1.56ms, transpile: 12.24ms, gates: {'RZ': 28, 'RX': 5, 'CNOT': 18, 'RY': 16, 'MidMeasureMP': 1}, verification: 6.551265716552734ms )
Verification failed: "<input>:22,0: 'gphase' is not defined in this scope"
  Run 3/5: EquivalenceCriterion.no_information (import: 1.57ms, transpile: 12.09ms, gates: {'RZ': 28, 'RX': 5, 'CNOT': 18, 'RY': 16, 'MidMeasureMP': 1}, verification: 6.379365921020508ms )
Verification failed: "<input>:22,0: 'gphase' is not defined in this scope"
  Run 4/5: EquivalenceCriterion.no_information (import: 1.51ms, transpile: 12.26ms, gates: {'RZ': 28, 'RX': 5, 'CNOT': 18, 'RY': 16, 'MidMeasureMP': 1}, verification: 6.7081451416015625ms )
Verification failed: "<input>:22,0: 'gphase' is not defined in this scope"
  Run 5/5: EquivalenceCriterion.no_information (import: 1.56ms, transpile: 12.06ms, gates: {'RZ': 28, 'RX': 5, 'CNOT': 18, 'RY': 16, 'MidMeasureMP': 1}, verification: 6.324529647827148ms )
Running 5 transpilation tests on hhl_05...
Verification failed: "<input>:28,0: 'gphase' is not defined in this scope"
  Run 1/5: EquivalenceCriterion.no_information (import: 1.83ms, transpile: 52.63ms, gates: {'RZ': 97, 'RX': 17, 'CNOT': 60, 'RY': 42, 'MidMeasureMP': 1}, verification: 31.580686569213867ms )
Verification failed: "<input>:28,0: 'gphase' is not defined in this scope"
  Run 2/5: EquivalenceCriterion.no_information (import: 2.18ms, transpile: 51.52ms, gates: {'RZ': 97, 'RX': 17, 'CNOT': 60, 'RY': 42, 'MidMeasureMP': 1}, verification: 31.412124633789062ms )
Verification failed: "<input>:28,0: 'gphase' is not defined in this scope"
  Run 3/5: EquivalenceCriterion.no_information (import: 2.13ms, transpile: 50.86ms, gates: {'RZ': 97, 'RX': 17, 'CNOT': 60, 'RY': 42, 'MidMeasureMP': 1}, verification: 31.392335891723633ms )
Verification failed: "<input>:28,0: 'gphase' is not defined in this scope"
  Run 4/5: EquivalenceCriterion.no_information (import: 2.16ms, transpile: 51.86ms, gates: {'RZ': 97, 'RX': 17, 'CNOT': 60, 'RY': 42, 'MidMeasureMP': 1}, verification: 31.870365142822266ms )
Verification failed: "<input>:28,0: 'gphase' is not defined in this scope"
  Run 5/5: EquivalenceCriterion.no_information (import: 2.18ms, transpile: 51.82ms, gates: {'RZ': 97, 'RX': 17, 'CNOT': 60, 'RY': 42, 'MidMeasureMP': 1}, verification: 31.341075897216797ms )
Running 5 transpilation tests on hhl_06...
Verification failed: "<input>:34,0: 'gphase' is not defined in this scope"
  Run 1/5: EquivalenceCriterion.no_information (import: 2.60ms, transpile: 208.28ms, gates: {'RZ': 388, 'RX': 36, 'CNOT': 257, 'RY': 186, 'MidMeasureMP': 1}, verification: 117.02632904052734ms )
Verification failed: "<input>:34,0: 'gphase' is not defined in this scope"
  Run 2/5: EquivalenceCriterion.no_information (import: 3.18ms, transpile: 202.88ms, gates: {'RZ': 388, 'RX': 36, 'CNOT': 257, 'RY': 186, 'MidMeasureMP': 1}, verification: 120.56398391723633ms )
Verification failed: "<input>:34,0: 'gphase' is not defined in this scope"
  Run 3/5: EquivalenceCriterion.no_information (import: 3.35ms, transpile: 241.85ms, gates: {'RZ': 388, 'RX': 36, 'CNOT': 257, 'RY': 186, 'MidMeasureMP': 1}, verification: 131.24346733093262ms )
Verification failed: "<input>:34,0: 'gphase' is not defined in this scope"
  Run 4/5: EquivalenceCriterion.no_information (import: 2.95ms, transpile: 203.59ms, gates: {'RZ': 388, 'RX': 36, 'CNOT': 257, 'RY': 186, 'MidMeasureMP': 1}, verification: 117.29621887207031ms )
Verification failed: "<input>:34,0: 'gphase' is not defined in this scope"
  Run 5/5: EquivalenceCriterion.no_information (import: 3.11ms, transpile: 201.54ms, gates: {'RZ': 388, 'RX': 36, 'CNOT': 257, 'RY': 186, 'MidMeasureMP': 1}, verification: 115.3874397277832ms )
Running 5 transpilation tests on hhl_07...
Verification failed: "<input>:40,0: 'gphase' is not defined in this scope"
  Run 1/5: EquivalenceCriterion.no_information (import: 3.86ms, transpile: 850.31ms, gates: {'RZ': 1614, 'RX': 97, 'CNOT': 1084, 'RY': 774, 'MidMeasureMP': 1}, verification: 492.68388748168945ms )
Verification failed: "<input>:40,0: 'gphase' is not defined in this scope"
  Run 2/5: EquivalenceCriterion.no_information (import: 4.77ms, transpile: 851.99ms, gates: {'RZ': 1614, 'RX': 97, 'CNOT': 1084, 'RY': 774, 'MidMeasureMP': 1}, verification: 451.1299133300781ms )
Verification failed: "<input>:40,0: 'gphase' is not defined in this scope"
  Run 3/5: EquivalenceCriterion.no_information (import: 4.52ms, transpile: 887.02ms, gates: {'RZ': 1614, 'RX': 97, 'CNOT': 1084, 'RY': 774, 'MidMeasureMP': 1}, verification: 497.41339683532715ms )
Verification failed: "<input>:40,0: 'gphase' is not defined in this scope"
  Run 4/5: EquivalenceCriterion.no_information (import: 3.65ms, transpile: 737.20ms, gates: {'RZ': 1614, 'RX': 97, 'CNOT': 1084, 'RY': 774, 'MidMeasureMP': 1}, verification: 456.06136322021484ms )
Verification failed: "<input>:40,0: 'gphase' is not defined in this scope"
  Run 5/5: EquivalenceCriterion.no_information (import: 4.38ms, transpile: 854.06ms, gates: {'RZ': 1614, 'RX': 97, 'CNOT': 1084, 'RY': 774, 'MidMeasureMP': 1}, verification: 454.6668529510498ms )
Running 5 transpilation tests on hhl_08...
Verification failed: "<input>:46,0: 'gphase' is not defined in this scope"
  Run 1/5: EquivalenceCriterion.no_information (import: 6.71ms, transpile: 4321.79ms, gates: {'RZ': 6619, 'RX': 353, 'CNOT': 4452, 'RY': 3084, 'MidMeasureMP': 1}, verification: 2102.4134159088135ms )
Verification failed: "<input>:46,0: 'gphase' is not defined in this scope"
  Run 2/5: EquivalenceCriterion.no_information (import: 7.53ms, transpile: 4164.85ms, gates: {'RZ': 6619, 'RX': 353, 'CNOT': 4452, 'RY': 3084, 'MidMeasureMP': 1}, verification: 2033.3609580993652ms )
Verification failed: "<input>:46,0: 'gphase' is not defined in this scope"
  Run 3/5: EquivalenceCriterion.no_information (import: 8.08ms, transpile: 4061.98ms, gates: {'RZ': 6619, 'RX': 353, 'CNOT': 4452, 'RY': 3084, 'MidMeasureMP': 1}, verification: 2023.3049392700195ms )
Verification failed: "<input>:46,0: 'gphase' is not defined in this scope"
  Run 4/5: EquivalenceCriterion.no_information (import: 7.52ms, transpile: 4122.16ms, gates: {'RZ': 6619, 'RX': 353, 'CNOT': 4452, 'RY': 3084, 'MidMeasureMP': 1}, verification: 2043.074607849121ms )
Verification failed: "<input>:46,0: 'gphase' is not defined in this scope"
  Run 5/5: EquivalenceCriterion.no_information (import: 8.78ms, transpile: 4155.70ms, gates: {'RZ': 6619, 'RX': 353, 'CNOT': 4452, 'RY': 3084, 'MidMeasureMP': 1}, verification: 2039.9668216705322ms )
Running 5 transpilation tests on randomcircuit_02...
Verification failed: "<input>:13,0: 'gphase' is not defined in this scope"
  Run 1/5: EquivalenceCriterion.no_information (import: 0.86ms, transpile: 5.90ms, gates: {'CNOT': 6, 'RX': 2, 'RZ': 10, 'RY': 7, 'MidMeasureMP': 2}, verification: 4.399776458740234ms )
Verification failed: "<input>:13,0: 'gphase' is not defined in this scope"
  Run 2/5: EquivalenceCriterion.no_information (import: 0.93ms, transpile: 5.45ms, gates: {'CNOT': 6, 'RX': 2, 'RZ': 10, 'RY': 7, 'MidMeasureMP': 2}, verification: 4.406929016113281ms )
Verification failed: "<input>:13,0: 'gphase' is not defined in this scope"
  Run 3/5: EquivalenceCriterion.no_information (import: 0.93ms, transpile: 5.45ms, gates: {'CNOT': 6, 'RX': 2, 'RZ': 10, 'RY': 7, 'MidMeasureMP': 2}, verification: 4.20069694519043ms )
Verification failed: "<input>:13,0: 'gphase' is not defined in this scope"
  Run 4/5: EquivalenceCriterion.no_information (import: 0.93ms, transpile: 5.44ms, gates: {'CNOT': 6, 'RX': 2, 'RZ': 10, 'RY': 7, 'MidMeasureMP': 2}, verification: 4.190921783447266ms )
Verification failed: "<input>:13,0: 'gphase' is not defined in this scope"
  Run 5/5: EquivalenceCriterion.no_information (import: 0.90ms, transpile: 5.39ms, gates: {'CNOT': 6, 'RX': 2, 'RZ': 10, 'RY': 7, 'MidMeasureMP': 2}, verification: 4.271030426025391ms )
Running 5 transpilation tests on randomcircuit_03...
Verification failed: "<input>:10,0: 'gphase' is not defined in this scope"
  Run 1/5: EquivalenceCriterion.no_information (import: 0.96ms, transpile: 43.55ms, gates: {'RZ': 71, 'RY': 31, 'CNOT': 42, 'RX': 11, 'MidMeasureMP': 3}, verification: 30.018329620361328ms )
Verification failed: "<input>:10,0: 'gphase' is not defined in this scope"
  Run 2/5: EquivalenceCriterion.no_information (import: 1.39ms, transpile: 44.31ms, gates: {'RZ': 71, 'RY': 31, 'CNOT': 42, 'RX': 11, 'MidMeasureMP': 3}, verification: 29.85525131225586ms )
Verification failed: "<input>:10,0: 'gphase' is not defined in this scope"
  Run 3/5: EquivalenceCriterion.no_information (import: 1.26ms, transpile: 43.99ms, gates: {'RZ': 71, 'RY': 31, 'CNOT': 42, 'RX': 11, 'MidMeasureMP': 3}, verification: 30.024290084838867ms )
Verification failed: "<input>:10,0: 'gphase' is not defined in this scope"
  Run 4/5: EquivalenceCriterion.no_information (import: 1.20ms, transpile: 43.84ms, gates: {'RZ': 71, 'RY': 31, 'CNOT': 42, 'RX': 11, 'MidMeasureMP': 3}, verification: 29.834270477294922ms )
Verification failed: "<input>:10,0: 'gphase' is not defined in this scope"
  Run 5/5: EquivalenceCriterion.no_information (import: 1.33ms, transpile: 43.97ms, gates: {'RZ': 71, 'RY': 31, 'CNOT': 42, 'RX': 11, 'MidMeasureMP': 3}, verification: 30.246257781982422ms )
Running 5 transpilation tests on randomcircuit_04...
Verification failed: "<input>:11,0: 'gphase' is not defined in this scope"
  Run 1/5: EquivalenceCriterion.no_information (import: 1.58ms, transpile: 132.95ms, gates: {'CNOT': 152, 'RZ': 166, 'RX': 29, 'RY': 84, 'MidMeasureMP': 4}, verification: 79.18953895568848ms )
Verification failed: "<input>:11,0: 'gphase' is not defined in this scope"
  Run 2/5: EquivalenceCriterion.no_information (import: 1.88ms, transpile: 128.35ms, gates: {'CNOT': 152, 'RZ': 166, 'RX': 29, 'RY': 84, 'MidMeasureMP': 4}, verification: 78.38773727416992ms )
Verification failed: "<input>:11,0: 'gphase' is not defined in this scope"
  Run 3/5: EquivalenceCriterion.no_information (import: 1.77ms, transpile: 127.30ms, gates: {'CNOT': 152, 'RZ': 166, 'RX': 29, 'RY': 84, 'MidMeasureMP': 4}, verification: 77.28457450866699ms )
Verification failed: "<input>:11,0: 'gphase' is not defined in this scope"
  Run 4/5: EquivalenceCriterion.no_information (import: 1.76ms, transpile: 127.31ms, gates: {'CNOT': 152, 'RZ': 166, 'RX': 29, 'RY': 84, 'MidMeasureMP': 4}, verification: 77.30364799499512ms )
Verification failed: "<input>:11,0: 'gphase' is not defined in this scope"
  Run 5/5: EquivalenceCriterion.no_information (import: 1.87ms, transpile: 126.95ms, gates: {'CNOT': 152, 'RZ': 166, 'RX': 29, 'RY': 84, 'MidMeasureMP': 4}, verification: 77.50988006591797ms )
Running 5 transpilation tests on randomcircuit_05...
Verification failed: "<input>:14,0: 'gphase' is not defined in this scope"
  Run 1/5: EquivalenceCriterion.no_information (import: 1.90ms, transpile: 118.21ms, gates: {'CNOT': 145, 'RZ': 175, 'RX': 28, 'RY': 80, 'MidMeasureMP': 5}, verification: 66.99919700622559ms )
Verification failed: "<input>:14,0: 'gphase' is not defined in this scope"
  Run 2/5: EquivalenceCriterion.no_information (import: 2.30ms, transpile: 117.99ms, gates: {'CNOT': 145, 'RZ': 175, 'RX': 28, 'RY': 80, 'MidMeasureMP': 5}, verification: 62.06631660461426ms )
Verification failed: "<input>:14,0: 'gphase' is not defined in this scope"
  Run 3/5: EquivalenceCriterion.no_information (import: 2.11ms, transpile: 104.08ms, gates: {'CNOT': 145, 'RZ': 175, 'RX': 28, 'RY': 80, 'MidMeasureMP': 5}, verification: 58.60638618469238ms )
Verification failed: "<input>:14,0: 'gphase' is not defined in this scope"
  Run 4/5: EquivalenceCriterion.no_information (import: 1.96ms, transpile: 105.82ms, gates: {'CNOT': 145, 'RZ': 175, 'RX': 28, 'RY': 80, 'MidMeasureMP': 5}, verification: 65.54007530212402ms )
Verification failed: "<input>:14,0: 'gphase' is not defined in this scope"
  Run 5/5: EquivalenceCriterion.no_information (import: 2.21ms, transpile: 117.02ms, gates: {'CNOT': 145, 'RZ': 175, 'RX': 28, 'RY': 80, 'MidMeasureMP': 5}, verification: 66.7729377746582ms )
Running 5 transpilation tests on randomcircuit_06...
Verification failed: "<input>:12,0: 'gphase' is not defined in this scope"
  Run 1/5: EquivalenceCriterion.no_information (import: 2.44ms, transpile: 207.94ms, gates: {'CNOT': 233, 'RZ': 301, 'RX': 51, 'RY': 129, 'MidMeasureMP': 6}, verification: 108.14166069030762ms )
Verification failed: "<input>:12,0: 'gphase' is not defined in this scope"
  Run 2/5: EquivalenceCriterion.no_information (import: 2.67ms, transpile: 207.51ms, gates: {'CNOT': 233, 'RZ': 301, 'RX': 51, 'RY': 129, 'MidMeasureMP': 6}, verification: 108.3974838256836ms )
Verification failed: "<input>:12,0: 'gphase' is not defined in this scope"
  Run 3/5: EquivalenceCriterion.no_information (import: 2.56ms, transpile: 208.02ms, gates: {'CNOT': 233, 'RZ': 301, 'RX': 51, 'RY': 129, 'MidMeasureMP': 6}, verification: 107.55014419555664ms )
Verification failed: "<input>:12,0: 'gphase' is not defined in this scope"
  Run 4/5: EquivalenceCriterion.no_information (import: 2.50ms, transpile: 207.52ms, gates: {'CNOT': 233, 'RZ': 301, 'RX': 51, 'RY': 129, 'MidMeasureMP': 6}, verification: 108.42323303222656ms )
Verification failed: "<input>:12,0: 'gphase' is not defined in this scope"
  Run 5/5: EquivalenceCriterion.no_information (import: 2.64ms, transpile: 186.99ms, gates: {'CNOT': 233, 'RZ': 301, 'RX': 51, 'RY': 129, 'MidMeasureMP': 6}, verification: 103.9738655090332ms )
Running 5 transpilation tests on randomcircuit_07...
Verification failed: "<input>:11,0: 'gphase' is not defined in this scope"
  Run 1/5: EquivalenceCriterion.no_information (import: 5.65ms, transpile: 425.46ms, gates: {'CNOT': 447, 'RZ': 535, 'RX': 93, 'RY': 237, 'MidMeasureMP': 7}, verification: 208.6622714996338ms )
Verification failed: "<input>:11,0: 'gphase' is not defined in this scope"
  Run 2/5: EquivalenceCriterion.no_information (import: 6.44ms, transpile: 427.84ms, gates: {'CNOT': 447, 'RZ': 535, 'RX': 93, 'RY': 237, 'MidMeasureMP': 7}, verification: 208.3432674407959ms )
Verification failed: "<input>:11,0: 'gphase' is not defined in this scope"
  Run 3/5: EquivalenceCriterion.no_information (import: 6.41ms, transpile: 429.80ms, gates: {'CNOT': 447, 'RZ': 535, 'RX': 93, 'RY': 237, 'MidMeasureMP': 7}, verification: 377.42042541503906ms )
Verification failed: "<input>:11,0: 'gphase' is not defined in this scope"
  Run 4/5: EquivalenceCriterion.no_information (import: 6.33ms, transpile: 423.73ms, gates: {'CNOT': 447, 'RZ': 535, 'RX': 93, 'RY': 237, 'MidMeasureMP': 7}, verification: 211.3819122314453ms )
Verification failed: "<input>:11,0: 'gphase' is not defined in this scope"
  Run 5/5: EquivalenceCriterion.no_information (import: 6.36ms, transpile: 405.27ms, gates: {'CNOT': 447, 'RZ': 535, 'RX': 93, 'RY': 237, 'MidMeasureMP': 7}, verification: 207.07106590270996ms )
Running 5 transpilation tests on randomcircuit_08...
Verification failed: "<input>:11,0: 'gphase' is not defined in this scope"
  Run 1/5: EquivalenceCriterion.no_information (import: 5.15ms, transpile: 561.79ms, gates: {'CNOT': 611, 'RZ': 651, 'RX': 119, 'RY': 284, 'MidMeasureMP': 8}, verification: 248.38566780090332ms )
Verification failed: "<input>:11,0: 'gphase' is not defined in this scope"
  Run 2/5: EquivalenceCriterion.no_information (import: 5.64ms, transpile: 558.17ms, gates: {'CNOT': 611, 'RZ': 651, 'RX': 119, 'RY': 284, 'MidMeasureMP': 8}, verification: 247.97749519348145ms )
Verification failed: "<input>:11,0: 'gphase' is not defined in this scope"
  Run 3/5: EquivalenceCriterion.no_information (import: 5.75ms, transpile: 724.90ms, gates: {'CNOT': 611, 'RZ': 651, 'RX': 119, 'RY': 284, 'MidMeasureMP': 8}, verification: 248.37851524353027ms )
Verification failed: "<input>:11,0: 'gphase' is not defined in this scope"
  Run 4/5: EquivalenceCriterion.no_information (import: 5.82ms, transpile: 555.45ms, gates: {'CNOT': 611, 'RZ': 651, 'RX': 119, 'RY': 284, 'MidMeasureMP': 8}, verification: 249.82929229736328ms )
Verification failed: "<input>:11,0: 'gphase' is not defined in this scope"
  Run 5/5: EquivalenceCriterion.no_information (import: 5.89ms, transpile: 558.72ms, gates: {'CNOT': 611, 'RZ': 651, 'RX': 119, 'RY': 284, 'MidMeasureMP': 8}, verification: 249.96614456176758ms )
Running 5 transpilation tests on grover_02...
Verification failed: "<input>:11,0: 'gphase' is not defined in this scope"
  Run 1/5: EquivalenceCriterion.no_information (import: 0.94ms, transpile: 3.41ms, gates: {'RZ': 8, 'RX': 2, 'RY': 4, 'CNOT': 1, 'MidMeasureMP': 2}, verification: 2.330780029296875ms )
Verification failed: "<input>:11,0: 'gphase' is not defined in this scope"
  Run 2/5: EquivalenceCriterion.no_information (import: 0.96ms, transpile: 3.16ms, gates: {'RZ': 8, 'RX': 2, 'RY': 4, 'CNOT': 1, 'MidMeasureMP': 2}, verification: 2.429485321044922ms )
Verification failed: "<input>:11,0: 'gphase' is not defined in this scope"
  Run 3/5: EquivalenceCriterion.no_information (import: 0.97ms, transpile: 3.10ms, gates: {'RZ': 8, 'RX': 2, 'RY': 4, 'CNOT': 1, 'MidMeasureMP': 2}, verification: 2.478361129760742ms )
Verification failed: "<input>:11,0: 'gphase' is not defined in this scope"
  Run 4/5: EquivalenceCriterion.no_information (import: 0.96ms, transpile: 3.10ms, gates: {'RZ': 8, 'RX': 2, 'RY': 4, 'CNOT': 1, 'MidMeasureMP': 2}, verification: 2.2809505462646484ms )
Verification failed: "<input>:11,0: 'gphase' is not defined in this scope"
  Run 5/5: EquivalenceCriterion.no_information (import: 0.94ms, transpile: 3.08ms, gates: {'RZ': 8, 'RX': 2, 'RY': 4, 'CNOT': 1, 'MidMeasureMP': 2}, verification: 2.2683143615722656ms )
Running 5 transpilation tests on grover_03...
Verification failed: "<input>:12,0: 'gphase' is not defined in this scope"
  Run 1/5: EquivalenceCriterion.no_information (import: 1.54ms, transpile: 19.32ms, gates: {'RZ': 41, 'RX': 5, 'RY': 24, 'CNOT': 24, 'MidMeasureMP': 3}, verification: 13.427019119262695ms )
Verification failed: "<input>:12,0: 'gphase' is not defined in this scope"
  Run 2/5: EquivalenceCriterion.no_information (import: 2.53ms, transpile: 19.73ms, gates: {'RZ': 41, 'RX': 5, 'RY': 24, 'CNOT': 24, 'MidMeasureMP': 3}, verification: 10.712862014770508ms )
Verification failed: "<input>:12,0: 'gphase' is not defined in this scope"
  Run 3/5: EquivalenceCriterion.no_information (import: 1.46ms, transpile: 16.27ms, gates: {'RZ': 41, 'RX': 5, 'RY': 24, 'CNOT': 24, 'MidMeasureMP': 3}, verification: 12.98069953918457ms )
Verification failed: "<input>:12,0: 'gphase' is not defined in this scope"
  Run 4/5: EquivalenceCriterion.no_information (import: 1.75ms, transpile: 19.64ms, gates: {'RZ': 41, 'RX': 5, 'RY': 24, 'CNOT': 24, 'MidMeasureMP': 3}, verification: 13.150691986083984ms )
Verification failed: "<input>:12,0: 'gphase' is not defined in this scope"
  Run 5/5: EquivalenceCriterion.no_information (import: 1.77ms, transpile: 19.14ms, gates: {'RZ': 41, 'RX': 5, 'RY': 24, 'CNOT': 24, 'MidMeasureMP': 3}, verification: 13.263702392578125ms )
Running 5 transpilation tests on grover_04...
Verification failed: "<input>:13,0: 'gphase' is not defined in this scope"
  Run 1/5: EquivalenceCriterion.no_information (import: 6.25ms, transpile: 171.05ms, gates: {'RZ': 369, 'RX': 24, 'RY': 192, 'CNOT': 240, 'MidMeasureMP': 4}, verification: 108.27207565307617ms )
Verification failed: "<input>:13,0: 'gphase' is not defined in this scope"
  Run 2/5: EquivalenceCriterion.no_information (import: 6.35ms, transpile: 171.73ms, gates: {'RZ': 369, 'RX': 24, 'RY': 192, 'CNOT': 240, 'MidMeasureMP': 4}, verification: 108.94560813903809ms )
Verification failed: "<input>:13,0: 'gphase' is not defined in this scope"
  Run 3/5: EquivalenceCriterion.no_information (import: 6.18ms, transpile: 172.14ms, gates: {'RZ': 369, 'RX': 24, 'RY': 192, 'CNOT': 240, 'MidMeasureMP': 4}, verification: 107.63430595397949ms )
Verification failed: "<input>:13,0: 'gphase' is not defined in this scope"
  Run 4/5: EquivalenceCriterion.no_information (import: 6.52ms, transpile: 170.67ms, gates: {'RZ': 369, 'RX': 24, 'RY': 192, 'CNOT': 240, 'MidMeasureMP': 4}, verification: 107.4984073638916ms )
Verification failed: "<input>:13,0: 'gphase' is not defined in this scope"
  Run 5/5: EquivalenceCriterion.no_information (import: 7.84ms, transpile: 147.44ms, gates: {'RZ': 369, 'RX': 24, 'RY': 192, 'CNOT': 240, 'MidMeasureMP': 4}, verification: 108.53934288024902ms )
Running 5 transpilation tests on grover_05...
Verification failed: "<input>:14,0: 'gphase' is not defined in this scope"
  Run 1/5: EquivalenceCriterion.no_information (import: 23.33ms, transpile: 1170.92ms, gates: {'RZ': 2376, 'RX': 131, 'RY': 1152, 'CNOT': 1584, 'MidMeasureMP': 5}, verification: 670.407772064209ms )
Verification failed: "<input>:14,0: 'gphase' is not defined in this scope"
  Run 2/5: EquivalenceCriterion.no_information (import: 23.95ms, transpile: 1415.00ms, gates: {'RZ': 2376, 'RX': 131, 'RY': 1152, 'CNOT': 1584, 'MidMeasureMP': 5}, verification: 631.1995983123779ms )
Verification failed: "<input>:14,0: 'gphase' is not defined in this scope"
  Run 3/5: EquivalenceCriterion.no_information (import: 25.78ms, transpile: 1461.73ms, gates: {'RZ': 2376, 'RX': 131, 'RY': 1152, 'CNOT': 1584, 'MidMeasureMP': 5}, verification: 758.8708400726318ms )
Verification failed: "<input>:14,0: 'gphase' is not defined in this scope"
  Run 4/5: EquivalenceCriterion.no_information (import: 23.84ms, transpile: 1348.56ms, gates: {'RZ': 2376, 'RX': 131, 'RY': 1152, 'CNOT': 1584, 'MidMeasureMP': 5}, verification: 670.6738471984863ms )
Verification failed: "<input>:14,0: 'gphase' is not defined in this scope"
  Run 5/5: EquivalenceCriterion.no_information (import: 23.81ms, transpile: 1188.89ms, gates: {'RZ': 2376, 'RX': 131, 'RY': 1152, 'CNOT': 1584, 'MidMeasureMP': 5}, verification: 855.9584617614746ms )
Running 5 transpilation tests on grover_06...
Verification failed: "<input>:15,0: 'gphase' is not defined in this scope"
  Run 1/5: EquivalenceCriterion.no_information (import: 87.97ms, transpile: 9468.42ms, gates: {'RZ': 13151, 'RX': 686, 'RY': 6144, 'CNOT': 8832, 'MidMeasureMP': 6}, verification: 4217.844486236572ms )
Verification failed: "<input>:15,0: 'gphase' is not defined in this scope"
  Run 2/5: EquivalenceCriterion.no_information (import: 87.90ms, transpile: 9585.23ms, gates: {'RZ': 13151, 'RX': 686, 'RY': 6144, 'CNOT': 8832, 'MidMeasureMP': 6}, verification: 3928.560972213745ms )
Verification failed: "<input>:15,0: 'gphase' is not defined in this scope"
  Run 3/5: EquivalenceCriterion.no_information (import: 87.88ms, transpile: 10027.54ms, gates: {'RZ': 13151, 'RX': 686, 'RY': 6144, 'CNOT': 8832, 'MidMeasureMP': 6}, verification: 3997.8041648864746ms )
Verification failed: "<input>:15,0: 'gphase' is not defined in this scope"
  Run 4/5: EquivalenceCriterion.no_information (import: 87.22ms, transpile: 9757.53ms, gates: {'RZ': 13151, 'RX': 686, 'RY': 6144, 'CNOT': 8832, 'MidMeasureMP': 6}, verification: 3878.3023357391357ms )
Verification failed: "<input>:15,0: 'gphase' is not defined in this scope"
  Run 5/5: EquivalenceCriterion.no_information (import: 83.52ms, transpile: 9754.96ms, gates: {'RZ': 13151, 'RX': 686, 'RY': 6144, 'CNOT': 8832, 'MidMeasureMP': 6}, verification: 3896.077871322632ms )
Running 5 transpilation tests on grover_07...
Verification failed: "<input>:16,0: 'gphase' is not defined in this scope"
  Run 1/5: EquivalenceCriterion.no_information (import: 546.47ms, transpile: 191904.80ms, gates: {'RZ': 80396, 'RX': 4099, 'RY': 36864, 'CNOT': 54144, 'MidMeasureMP': 7}, verification: 24936.92183494568ms )
Verification failed: "<input>:16,0: 'gphase' is not defined in this scope"
  Run 2/5: EquivalenceCriterion.no_information (import: 554.64ms, transpile: 198083.84ms, gates: {'RZ': 80396, 'RX': 4099, 'RY': 36864, 'CNOT': 54144, 'MidMeasureMP': 7}, verification: 25034.812688827515ms )
Verification failed: "<input>:16,0: 'gphase' is not defined in this scope"
  Run 3/5: EquivalenceCriterion.no_information (import: 551.15ms, transpile: 181639.36ms, gates: {'RZ': 80396, 'RX': 4099, 'RY': 36864, 'CNOT': 54144, 'MidMeasureMP': 7}, verification: 25566.792488098145ms )
Verification failed: "<input>:16,0: 'gphase' is not defined in this scope"
  Run 4/5: EquivalenceCriterion.no_information (import: 576.83ms, transpile: 178227.84ms, gates: {'RZ': 80396, 'RX': 4099, 'RY': 36864, 'CNOT': 54144, 'MidMeasureMP': 7}, verification: 26348.233699798584ms )
Verification failed: "<input>:16,0: 'gphase' is not defined in this scope"
  Run 5/5: EquivalenceCriterion.no_information (import: 543.40ms, transpile: 184570.33ms, gates: {'RZ': 80396, 'RX': 4099, 'RY': 36864, 'CNOT': 54144, 'MidMeasureMP': 7}, verification: 25574.801683425903ms )
Running 5 transpilation tests on grover_08...
  Run 1/5: FAILED - Transpilation timed out after 1 hours
