C:\Users\Administrator\AppData\Local\Programs\Python\Python313\python.exe C:\Users\Administrator\PycharmProjects\qrpa\main.py
Processing SDK: Qiskit_independent
Running 5 transpilation tests on qaoa_02...
  Run 1/5: EquivalenceCriterion.equivalent (import: 0.42ms, transpile: 236.13ms, gates: {'rx': 4, 'h': 2, 'rzz': 2})
  Run 2/5: EquivalenceCriterion.equivalent (import: 0.60ms, transpile: 10.08ms, gates: {'rx': 4, 'h': 2, 'rzz': 2})
  Run 3/5: EquivalenceCriterion.equivalent (import: 1.83ms, transpile: 10.27ms, gates: {'rx': 4, 'h': 2, 'rzz': 2})
  Run 4/5: EquivalenceCriterion.equivalent (import: 0.49ms, transpile: 10.10ms, gates: {'rx': 4, 'h': 2, 'rzz': 2})
  Run 5/5: EquivalenceCriterion.equivalent (import: 1.05ms, transpile: 12.05ms, gates: {'rx': 4, 'h': 2, 'rzz': 2})
Running 5 transpilation tests on qaoa_03...
  Run 1/5: EquivalenceCriterion.equivalent (import: 0.45ms, transpile: 9.97ms, gates: {'rx': 6, 'rzz': 4, 'h': 3})
  Run 2/5: EquivalenceCriterion.equivalent (import: 0.69ms, transpile: 12.67ms, gates: {'rx': 6, 'rzz': 4, 'h': 3})
  Run 3/5: EquivalenceCriterion.equivalent (import: 0.69ms, transpile: 9.47ms, gates: {'rx': 6, 'rzz': 4, 'h': 3})
  Run 4/5: EquivalenceCriterion.equivalent (import: 0.88ms, transpile: 10.68ms, gates: {'rx': 6, 'rzz': 4, 'h': 3})
  Run 5/5: EquivalenceCriterion.equivalent (import: 0.72ms, transpile: 9.66ms, gates: {'rx': 6, 'rzz': 4, 'h': 3})
Running 5 transpilation tests on qaoa_04...
  Run 1/5: EquivalenceCriterion.equivalent_up_to_global_phase (import: 0.68ms, transpile: 9.17ms, gates: {'rx': 6, 'rzz': 4, 'h': 3, 'u2': 1})
  Run 2/5: EquivalenceCriterion.equivalent_up_to_global_phase (import: 0.58ms, transpile: 8.83ms, gates: {'rx': 6, 'rzz': 4, 'h': 3, 'u2': 1})
  Run 3/5: EquivalenceCriterion.equivalent_up_to_global_phase (import: 0.65ms, transpile: 11.43ms, gates: {'rx': 6, 'rzz': 4, 'h': 3, 'u2': 1})
  Run 4/5: EquivalenceCriterion.equivalent_up_to_global_phase (import: 0.62ms, transpile: 10.08ms, gates: {'rx': 6, 'rzz': 4, 'h': 3, 'u2': 1})
  Run 5/5: EquivalenceCriterion.equivalent_up_to_global_phase (import: 0.57ms, transpile: 8.44ms, gates: {'rx': 6, 'rzz': 4, 'h': 3, 'u2': 1})
Running 5 transpilation tests on qaoa_05...
  Run 1/5: EquivalenceCriterion.equivalent (import: 0.51ms, transpile: 8.93ms, gates: {'rzz': 12, 'rx': 10, 'h': 5})
  Run 2/5: EquivalenceCriterion.equivalent (import: 0.98ms, transpile: 10.44ms, gates: {'rzz': 12, 'rx': 10, 'h': 5})
  Run 3/5: EquivalenceCriterion.equivalent (import: 0.74ms, transpile: 11.71ms, gates: {'rzz': 12, 'rx': 10, 'h': 5})
  Run 4/5: EquivalenceCriterion.equivalent (import: 0.81ms, transpile: 11.45ms, gates: {'rzz': 12, 'rx': 10, 'h': 5})
  Run 5/5: EquivalenceCriterion.equivalent (import: 0.74ms, transpile: 8.52ms, gates: {'rzz': 12, 'rx': 10, 'h': 5})
Running 5 transpilation tests on qaoa_06...
  Run 1/5: EquivalenceCriterion.equivalent (import: 0.99ms, transpile: 10.18ms, gates: {'rzz': 14, 'rx': 12, 'h': 6})
  Run 2/5: EquivalenceCriterion.equivalent (import: 0.69ms, transpile: 9.75ms, gates: {'rzz': 14, 'rx': 12, 'h': 6})
  Run 3/5: EquivalenceCriterion.equivalent (import: 0.75ms, transpile: 9.54ms, gates: {'rzz': 14, 'rx': 12, 'h': 6})
  Run 4/5: EquivalenceCriterion.equivalent (import: 1.01ms, transpile: 10.16ms, gates: {'rzz': 14, 'rx': 12, 'h': 6})
  Run 5/5: EquivalenceCriterion.equivalent (import: 1.04ms, transpile: 10.33ms, gates: {'rzz': 14, 'rx': 12, 'h': 6})
Running 5 transpilation tests on qaoa_07...
  Run 1/5: EquivalenceCriterion.equivalent (import: 0.66ms, transpile: 9.12ms, gates: {'rzz': 24, 'rx': 14, 'h': 7})
  Run 2/5: EquivalenceCriterion.equivalent (import: 1.07ms, transpile: 9.25ms, gates: {'rzz': 24, 'rx': 14, 'h': 7})
  Run 3/5: EquivalenceCriterion.equivalent (import: 0.86ms, transpile: 9.33ms, gates: {'rzz': 24, 'rx': 14, 'h': 7})
  Run 4/5: EquivalenceCriterion.equivalent (import: 0.82ms, transpile: 11.21ms, gates: {'rzz': 24, 'rx': 14, 'h': 7})
  Run 5/5: EquivalenceCriterion.equivalent (import: 1.04ms, transpile: 11.62ms, gates: {'rzz': 24, 'rx': 14, 'h': 7})
Running 5 transpilation tests on qaoa_08...
  Run 1/5: EquivalenceCriterion.equivalent (import: 0.76ms, transpile: 10.01ms, gates: {'rzz': 28, 'rx': 16, 'h': 8})
  Run 2/5: EquivalenceCriterion.equivalent (import: 0.90ms, transpile: 11.99ms, gates: {'rzz': 28, 'rx': 16, 'h': 8})
  Run 3/5: EquivalenceCriterion.equivalent (import: 1.45ms, transpile: 13.61ms, gates: {'rzz': 28, 'rx': 16, 'h': 8})
  Run 4/5: EquivalenceCriterion.equivalent (import: 1.19ms, transpile: 15.91ms, gates: {'rzz': 28, 'rx': 16, 'h': 8})
  Run 5/5: EquivalenceCriterion.equivalent (import: 1.10ms, transpile: 10.71ms, gates: {'rzz': 28, 'rx': 16, 'h': 8})
Running 5 transpilation tests on qft_02...
  Run 1/5: EquivalenceCriterion.equivalent (import: 0.37ms, transpile: 10.46ms, gates: {'h': 2, 'measure': 2, 'cp': 1, 'swap': 1, 'barrier': 1})
  Run 2/5: EquivalenceCriterion.equivalent (import: 0.54ms, transpile: 9.82ms, gates: {'h': 2, 'measure': 2, 'cp': 1, 'swap': 1, 'barrier': 1})
  Run 3/5: EquivalenceCriterion.equivalent (import: 0.77ms, transpile: 10.06ms, gates: {'h': 2, 'measure': 2, 'cp': 1, 'swap': 1, 'barrier': 1})
  Run 4/5: EquivalenceCriterion.equivalent (import: 0.57ms, transpile: 9.84ms, gates: {'h': 2, 'measure': 2, 'cp': 1, 'swap': 1, 'barrier': 1})
  Run 5/5: EquivalenceCriterion.equivalent (import: 0.70ms, transpile: 10.73ms, gates: {'h': 2, 'measure': 2, 'cp': 1, 'swap': 1, 'barrier': 1})
Running 5 transpilation tests on qft_03...
  Run 1/5: EquivalenceCriterion.equivalent (import: 0.79ms, transpile: 13.29ms, gates: {'h': 3, 'cp': 3, 'measure': 3, 'swap': 1, 'barrier': 1})
  Run 2/5: EquivalenceCriterion.equivalent (import: 0.73ms, transpile: 11.15ms, gates: {'h': 3, 'cp': 3, 'measure': 3, 'swap': 1, 'barrier': 1})
  Run 3/5: EquivalenceCriterion.equivalent (import: 0.57ms, transpile: 9.65ms, gates: {'h': 3, 'cp': 3, 'measure': 3, 'swap': 1, 'barrier': 1})
  Run 4/5: EquivalenceCriterion.equivalent (import: 0.56ms, transpile: 9.11ms, gates: {'h': 3, 'cp': 3, 'measure': 3, 'swap': 1, 'barrier': 1})
  Run 5/5: EquivalenceCriterion.equivalent (import: 0.60ms, transpile: 8.99ms, gates: {'h': 3, 'cp': 3, 'measure': 3, 'swap': 1, 'barrier': 1})
Running 5 transpilation tests on qft_04...
  Run 1/5: EquivalenceCriterion.equivalent (import: 0.58ms, transpile: 14.97ms, gates: {'cp': 6, 'h': 4, 'measure': 4, 'swap': 2, 'barrier': 1})
  Run 2/5: EquivalenceCriterion.equivalent (import: 0.59ms, transpile: 9.68ms, gates: {'cp': 6, 'h': 4, 'measure': 4, 'swap': 2, 'barrier': 1})
  Run 3/5: EquivalenceCriterion.equivalent (import: 0.56ms, transpile: 13.20ms, gates: {'cp': 6, 'h': 4, 'measure': 4, 'swap': 2, 'barrier': 1})
  Run 4/5: EquivalenceCriterion.equivalent (import: 0.89ms, transpile: 14.03ms, gates: {'cp': 6, 'h': 4, 'measure': 4, 'swap': 2, 'barrier': 1})
  Run 5/5: EquivalenceCriterion.equivalent (import: 0.63ms, transpile: 11.95ms, gates: {'cp': 6, 'h': 4, 'measure': 4, 'swap': 2, 'barrier': 1})
Running 5 transpilation tests on qft_05...
  Run 1/5: EquivalenceCriterion.equivalent (import: 0.82ms, transpile: 14.32ms, gates: {'cp': 10, 'h': 5, 'measure': 5, 'swap': 2, 'barrier': 1})
  Run 2/5: EquivalenceCriterion.equivalent (import: 0.54ms, transpile: 10.89ms, gates: {'cp': 10, 'h': 5, 'measure': 5, 'swap': 2, 'barrier': 1})
  Run 3/5: EquivalenceCriterion.equivalent (import: 0.59ms, transpile: 15.99ms, gates: {'cp': 10, 'h': 5, 'measure': 5, 'swap': 2, 'barrier': 1})
  Run 4/5: EquivalenceCriterion.equivalent (import: 0.79ms, transpile: 14.66ms, gates: {'cp': 10, 'h': 5, 'measure': 5, 'swap': 2, 'barrier': 1})
  Run 5/5: EquivalenceCriterion.equivalent (import: 0.90ms, transpile: 12.00ms, gates: {'cp': 10, 'h': 5, 'measure': 5, 'swap': 2, 'barrier': 1})
Running 5 transpilation tests on qft_06...
  Run 1/5: EquivalenceCriterion.equivalent (import: 0.72ms, transpile: 13.12ms, gates: {'cp': 15, 'h': 6, 'measure': 6, 'swap': 3, 'barrier': 1})
  Run 2/5: EquivalenceCriterion.equivalent (import: 0.60ms, transpile: 11.42ms, gates: {'cp': 15, 'h': 6, 'measure': 6, 'swap': 3, 'barrier': 1})
  Run 3/5: EquivalenceCriterion.equivalent (import: 0.87ms, transpile: 15.33ms, gates: {'cp': 15, 'h': 6, 'measure': 6, 'swap': 3, 'barrier': 1})
  Run 4/5: EquivalenceCriterion.equivalent (import: 1.02ms, transpile: 18.43ms, gates: {'cp': 15, 'h': 6, 'measure': 6, 'swap': 3, 'barrier': 1})
  Run 5/5: EquivalenceCriterion.equivalent (import: 0.86ms, transpile: 13.89ms, gates: {'cp': 15, 'h': 6, 'measure': 6, 'swap': 3, 'barrier': 1})
Running 5 transpilation tests on qft_07...
  Run 1/5: EquivalenceCriterion.equivalent (import: 0.82ms, transpile: 16.04ms, gates: {'cp': 21, 'h': 7, 'measure': 7, 'swap': 3, 'barrier': 1})
  Run 2/5: EquivalenceCriterion.equivalent (import: 0.56ms, transpile: 13.23ms, gates: {'cp': 21, 'h': 7, 'measure': 7, 'swap': 3, 'barrier': 1})
  Run 3/5: EquivalenceCriterion.equivalent (import: 0.72ms, transpile: 12.89ms, gates: {'cp': 21, 'h': 7, 'measure': 7, 'swap': 3, 'barrier': 1})
  Run 4/5: EquivalenceCriterion.equivalent (import: 0.80ms, transpile: 13.10ms, gates: {'cp': 21, 'h': 7, 'measure': 7, 'swap': 3, 'barrier': 1})
  Run 5/5: EquivalenceCriterion.equivalent (import: 0.76ms, transpile: 9.15ms, gates: {'cp': 21, 'h': 7, 'measure': 7, 'swap': 3, 'barrier': 1})
Running 5 transpilation tests on qft_08...
  Run 1/5: EquivalenceCriterion.equivalent (import: 0.53ms, transpile: 10.37ms, gates: {'cp': 28, 'h': 8, 'measure': 8, 'swap': 4, 'barrier': 1})
  Run 2/5: EquivalenceCriterion.equivalent (import: 0.59ms, transpile: 13.38ms, gates: {'cp': 28, 'h': 8, 'measure': 8, 'swap': 4, 'barrier': 1})
  Run 3/5: EquivalenceCriterion.equivalent (import: 0.72ms, transpile: 11.20ms, gates: {'cp': 28, 'h': 8, 'measure': 8, 'swap': 4, 'barrier': 1})
  Run 4/5: EquivalenceCriterion.equivalent (import: 0.73ms, transpile: 10.08ms, gates: {'cp': 28, 'h': 8, 'measure': 8, 'swap': 4, 'barrier': 1})
  Run 5/5: EquivalenceCriterion.equivalent (import: 0.75ms, transpile: 11.04ms, gates: {'cp': 28, 'h': 8, 'measure': 8, 'swap': 4, 'barrier': 1})
Running 5 transpilation tests on randomcircuit_02...
  Run 1/5: EquivalenceCriterion.equivalent (import: 0.48ms, transpile: 11.03ms, gates: {'measure': 2, 'rxx': 1, 'crx': 1, 'csdg': 1, 'p': 1, 'y': 1, 'barrier': 1})
  Run 2/5: EquivalenceCriterion.equivalent (import: 0.62ms, transpile: 10.07ms, gates: {'measure': 2, 'rxx': 1, 'crx': 1, 'csdg': 1, 'p': 1, 'y': 1, 'barrier': 1})
  Run 3/5: EquivalenceCriterion.equivalent (import: 0.56ms, transpile: 10.84ms, gates: {'measure': 2, 'rxx': 1, 'crx': 1, 'csdg': 1, 'p': 1, 'y': 1, 'barrier': 1})
  Run 4/5: EquivalenceCriterion.equivalent (import: 0.53ms, transpile: 9.74ms, gates: {'measure': 2, 'rxx': 1, 'crx': 1, 'csdg': 1, 'p': 1, 'y': 1, 'barrier': 1})
  Run 5/5: EquivalenceCriterion.equivalent (import: 0.75ms, transpile: 10.56ms, gates: {'measure': 2, 'rxx': 1, 'crx': 1, 'csdg': 1, 'p': 1, 'y': 1, 'barrier': 1})
Running 5 transpilation tests on randomcircuit_03...
  Run 1/5: EquivalenceCriterion.equivalent (import: 0.84ms, transpile: 10.91ms, gates: {'measure': 3, 'cu1': 2, 't': 1, 'rccx': 1, 'ccz': 1, 'sxdg': 1, 'cswap': 1, 'barrier': 1})
  Run 2/5: EquivalenceCriterion.equivalent (import: 1.15ms, transpile: 10.43ms, gates: {'measure': 3, 'cu1': 2, 't': 1, 'rccx': 1, 'ccz': 1, 'sxdg': 1, 'cswap': 1, 'barrier': 1})
  Run 3/5: EquivalenceCriterion.equivalent (import: 0.62ms, transpile: 8.62ms, gates: {'measure': 3, 'cu1': 2, 't': 1, 'rccx': 1, 'ccz': 1, 'sxdg': 1, 'cswap': 1, 'barrier': 1})
  Run 4/5: EquivalenceCriterion.equivalent (import: 1.16ms, transpile: 13.11ms, gates: {'measure': 3, 'cu1': 2, 't': 1, 'rccx': 1, 'ccz': 1, 'sxdg': 1, 'cswap': 1, 'barrier': 1})
  Run 5/5: EquivalenceCriterion.equivalent (import: 0.71ms, transpile: 9.78ms, gates: {'measure': 3, 'cu1': 2, 't': 1, 'rccx': 1, 'ccz': 1, 'sxdg': 1, 'cswap': 1, 'barrier': 1})
Running 5 transpilation tests on randomcircuit_04...
  Run 1/5: EquivalenceCriterion.equivalent (import: 0.54ms, transpile: 12.40ms, gates: {'measure': 4, 'rccx': 2, 'ccz': 2, 'ch': 2, 'cswap': 1, 't': 1, 'c3sx': 1, 'r': 1, 'u': 1, 'ccx': 1, 'barrier': 1})
  Run 2/5: EquivalenceCriterion.equivalent (import: 0.93ms, transpile: 14.12ms, gates: {'measure': 4, 'rccx': 2, 'ccz': 2, 'ch': 2, 'cswap': 1, 't': 1, 'c3sx': 1, 'r': 1, 'u': 1, 'ccx': 1, 'barrier': 1})
  Run 3/5: EquivalenceCriterion.equivalent (import: 1.14ms, transpile: 16.00ms, gates: {'measure': 4, 'rccx': 2, 'ccz': 2, 'ch': 2, 'cswap': 1, 't': 1, 'c3sx': 1, 'r': 1, 'u': 1, 'ccx': 1, 'barrier': 1})
  Run 4/5: EquivalenceCriterion.equivalent (import: 0.93ms, transpile: 13.05ms, gates: {'measure': 4, 'rccx': 2, 'ccz': 2, 'ch': 2, 'cswap': 1, 't': 1, 'c3sx': 1, 'r': 1, 'u': 1, 'ccx': 1, 'barrier': 1})
  Run 5/5: EquivalenceCriterion.equivalent (import: 0.84ms, transpile: 11.51ms, gates: {'measure': 4, 'rccx': 2, 'ccz': 2, 'ch': 2, 'cswap': 1, 't': 1, 'c3sx': 1, 'r': 1, 'u': 1, 'ccx': 1, 'barrier': 1})
Running 5 transpilation tests on randomcircuit_05...
  Run 1/5: EquivalenceCriterion.equivalent (import: 0.64ms, transpile: 16.54ms, gates: {'measure': 5, 't': 3, 'cswap': 2, 'ecr': 2, 'rccx': 2, 'swap': 1, 'c3sx': 1, 'cu': 1, 'cz': 1, 'tdg': 1, 'ccx': 1, 'cu1': 1, 'csdg': 1, 'u1': 1, 'cy': 1, 'rzz': 1, 'barrier': 1})
  Run 2/5: EquivalenceCriterion.equivalent (import: 0.86ms, transpile: 16.38ms, gates: {'measure': 5, 't': 3, 'cswap': 2, 'ecr': 2, 'rccx': 2, 'swap': 1, 'c3sx': 1, 'cu': 1, 'cz': 1, 'tdg': 1, 'ccx': 1, 'cu1': 1, 'csdg': 1, 'u1': 1, 'cy': 1, 'rzz': 1, 'barrier': 1})
  Run 3/5: EquivalenceCriterion.equivalent (import: 1.10ms, transpile: 23.51ms, gates: {'measure': 5, 't': 3, 'cswap': 2, 'ecr': 2, 'rccx': 2, 'swap': 1, 'c3sx': 1, 'cu': 1, 'cz': 1, 'tdg': 1, 'ccx': 1, 'cu1': 1, 'csdg': 1, 'u1': 1, 'cy': 1, 'rzz': 1, 'barrier': 1})
  Run 4/5: EquivalenceCriterion.equivalent (import: 1.05ms, transpile: 16.57ms, gates: {'measure': 5, 't': 3, 'cswap': 2, 'ecr': 2, 'rccx': 2, 'swap': 1, 'c3sx': 1, 'cu': 1, 'cz': 1, 'tdg': 1, 'ccx': 1, 'cu1': 1, 'csdg': 1, 'u1': 1, 'cy': 1, 'rzz': 1, 'barrier': 1})
  Run 5/5: EquivalenceCriterion.equivalent (import: 0.85ms, transpile: 15.96ms, gates: {'measure': 5, 't': 3, 'cswap': 2, 'ecr': 2, 'rccx': 2, 'swap': 1, 'c3sx': 1, 'cu': 1, 'cz': 1, 'tdg': 1, 'ccx': 1, 'cu1': 1, 'csdg': 1, 'u1': 1, 'cy': 1, 'rzz': 1, 'barrier': 1})
Running 5 transpilation tests on randomcircuit_06...
  Run 1/5: EquivalenceCriterion.equivalent (import: 0.71ms, transpile: 14.53ms, gates: {'measure': 6, 'ccx': 5, 'rccx': 5, 'cry': 2, 'ccz': 2, 'cswap': 1, 'c3sx': 1, 'tdg': 1, 'cz': 1, 't': 1, 'ecr': 1, 'cy': 1, 'rzz': 1, 'sx': 1, 'h': 1, 'csx': 1, 'barrier': 1})
  Run 2/5: EquivalenceCriterion.equivalent (import: 0.87ms, transpile: 15.81ms, gates: {'measure': 6, 'ccx': 5, 'rccx': 5, 'cry': 2, 'ccz': 2, 'cswap': 1, 'c3sx': 1, 'tdg': 1, 'cz': 1, 't': 1, 'ecr': 1, 'cy': 1, 'rzz': 1, 'sx': 1, 'h': 1, 'csx': 1, 'barrier': 1})
  Run 3/5: EquivalenceCriterion.equivalent (import: 1.27ms, transpile: 15.25ms, gates: {'measure': 6, 'ccx': 5, 'rccx': 5, 'cry': 2, 'ccz': 2, 'cswap': 1, 'c3sx': 1, 'tdg': 1, 'cz': 1, 't': 1, 'ecr': 1, 'cy': 1, 'rzz': 1, 'sx': 1, 'h': 1, 'csx': 1, 'barrier': 1})
  Run 4/5: EquivalenceCriterion.equivalent (import: 0.77ms, transpile: 12.62ms, gates: {'measure': 6, 'ccx': 5, 'rccx': 5, 'cry': 2, 'ccz': 2, 'cswap': 1, 'c3sx': 1, 'tdg': 1, 'cz': 1, 't': 1, 'ecr': 1, 'cy': 1, 'rzz': 1, 'sx': 1, 'h': 1, 'csx': 1, 'barrier': 1})
  Run 5/5: EquivalenceCriterion.equivalent (import: 0.82ms, transpile: 15.36ms, gates: {'measure': 6, 'ccx': 5, 'rccx': 5, 'cry': 2, 'ccz': 2, 'cswap': 1, 'c3sx': 1, 'tdg': 1, 'cz': 1, 't': 1, 'ecr': 1, 'cy': 1, 'rzz': 1, 'sx': 1, 'h': 1, 'csx': 1, 'barrier': 1})
Running 5 transpilation tests on randomcircuit_07...
  Run 1/5: EquivalenceCriterion.equivalent (import: 0.79ms, transpile: 38.08ms, gates: {'measure': 7, 'ccz': 5, 'ccx': 5, 'cswap': 4, 'rccx': 4, 'csdg': 2, 'rcccx': 2, 't': 1, 'ecr': 1, 'c3sx': 1, 'u1': 1, 'tdg': 1, 'cz': 1, 'cry': 1, 'ch': 1, 'cy': 1, 'h': 1, 'r': 1, 'crz': 1, 'x': 1, 'sdg': 1, 'ry': 1, 'cu3': 1, 'sx': 1, 'barrier': 1})
  Run 2/5: EquivalenceCriterion.equivalent (import: 1.03ms, transpile: 43.22ms, gates: {'measure': 7, 'ccz': 5, 'ccx': 5, 'cswap': 4, 'rccx': 4, 'csdg': 2, 'rcccx': 2, 't': 1, 'ecr': 1, 'c3sx': 1, 'u1': 1, 'tdg': 1, 'cz': 1, 'cry': 1, 'ch': 1, 'cy': 1, 'h': 1, 'r': 1, 'crz': 1, 'x': 1, 'sdg': 1, 'ry': 1, 'cu3': 1, 'sx': 1, 'barrier': 1})
  Run 3/5: EquivalenceCriterion.equivalent (import: 1.33ms, transpile: 45.63ms, gates: {'measure': 7, 'ccz': 5, 'ccx': 5, 'cswap': 4, 'rccx': 4, 'csdg': 2, 'rcccx': 2, 't': 1, 'ecr': 1, 'c3sx': 1, 'u1': 1, 'tdg': 1, 'cz': 1, 'cry': 1, 'ch': 1, 'cy': 1, 'h': 1, 'r': 1, 'crz': 1, 'x': 1, 'sdg': 1, 'ry': 1, 'cu3': 1, 'sx': 1, 'barrier': 1})
  Run 4/5: EquivalenceCriterion.equivalent (import: 1.19ms, transpile: 37.74ms, gates: {'measure': 7, 'ccz': 5, 'ccx': 5, 'cswap': 4, 'rccx': 4, 'csdg': 2, 'rcccx': 2, 't': 1, 'ecr': 1, 'c3sx': 1, 'u1': 1, 'tdg': 1, 'cz': 1, 'cry': 1, 'ch': 1, 'cy': 1, 'h': 1, 'r': 1, 'crz': 1, 'x': 1, 'sdg': 1, 'ry': 1, 'cu3': 1, 'sx': 1, 'barrier': 1})
  Run 5/5: EquivalenceCriterion.equivalent (import: 1.14ms, transpile: 42.23ms, gates: {'measure': 7, 'ccz': 5, 'ccx': 5, 'cswap': 4, 'rccx': 4, 'csdg': 2, 'rcccx': 2, 't': 1, 'ecr': 1, 'c3sx': 1, 'u1': 1, 'tdg': 1, 'cz': 1, 'cry': 1, 'ch': 1, 'cy': 1, 'h': 1, 'r': 1, 'crz': 1, 'x': 1, 'sdg': 1, 'ry': 1, 'cu3': 1, 'sx': 1, 'barrier': 1})
Running 5 transpilation tests on randomcircuit_08...
  Run 1/5: EquivalenceCriterion.equivalent (import: 0.95ms, transpile: 33.50ms, gates: {'cswap': 8, 'measure': 8, 'ccx': 7, 'rccx': 4, 'ccz': 3, 'c3sx': 3, 'tdg': 2, 'ch': 2, 'rcccx': 2, 't': 1, 'u1': 1, 'cry': 1, 'dcx': 1, 'cu': 1, 'ry': 1, 'u3': 1, 'cp': 1, 'cy': 1, 'u2': 1, 'z': 1, 'ryy': 1, 'sxdg': 1, 'cx': 1, 'barrier': 1})
  Run 2/5: EquivalenceCriterion.equivalent (import: 1.65ms, transpile: 36.25ms, gates: {'cswap': 8, 'measure': 8, 'ccx': 7, 'rccx': 4, 'ccz': 3, 'c3sx': 3, 'tdg': 2, 'ch': 2, 'rcccx': 2, 't': 1, 'u1': 1, 'cry': 1, 'dcx': 1, 'cu': 1, 'ry': 1, 'u3': 1, 'cp': 1, 'cy': 1, 'u2': 1, 'z': 1, 'ryy': 1, 'sxdg': 1, 'cx': 1, 'barrier': 1})
  Run 3/5: EquivalenceCriterion.equivalent (import: 1.05ms, transpile: 30.93ms, gates: {'cswap': 8, 'measure': 8, 'ccx': 7, 'rccx': 4, 'ccz': 3, 'c3sx': 3, 'tdg': 2, 'ch': 2, 'rcccx': 2, 't': 1, 'u1': 1, 'cry': 1, 'dcx': 1, 'cu': 1, 'ry': 1, 'u3': 1, 'cp': 1, 'cy': 1, 'u2': 1, 'z': 1, 'ryy': 1, 'sxdg': 1, 'cx': 1, 'barrier': 1})
  Run 4/5: EquivalenceCriterion.equivalent (import: 1.48ms, transpile: 30.39ms, gates: {'cswap': 8, 'measure': 8, 'ccx': 7, 'rccx': 4, 'ccz': 3, 'c3sx': 3, 'tdg': 2, 'ch': 2, 'rcccx': 2, 't': 1, 'u1': 1, 'cry': 1, 'dcx': 1, 'cu': 1, 'ry': 1, 'u3': 1, 'cp': 1, 'cy': 1, 'u2': 1, 'z': 1, 'ryy': 1, 'sxdg': 1, 'cx': 1, 'barrier': 1})
  Run 5/5: EquivalenceCriterion.equivalent (import: 1.41ms, transpile: 31.40ms, gates: {'cswap': 8, 'measure': 8, 'ccx': 7, 'rccx': 4, 'ccz': 3, 'c3sx': 3, 'tdg': 2, 'ch': 2, 'rcccx': 2, 't': 1, 'u1': 1, 'cry': 1, 'dcx': 1, 'cu': 1, 'ry': 1, 'u3': 1, 'cp': 1, 'cy': 1, 'u2': 1, 'z': 1, 'ryy': 1, 'sxdg': 1, 'cx': 1, 'barrier': 1})
Running 5 transpilation tests on vqe_real_amp_02...
  Run 1/5: EquivalenceCriterion.equivalent (import: 0.38ms, transpile: 10.72ms, gates: {'ry': 8, 'cx': 3, 'measure': 2, 'barrier': 1})
  Run 2/5: EquivalenceCriterion.equivalent (import: 0.94ms, transpile: 11.22ms, gates: {'ry': 8, 'cx': 3, 'measure': 2, 'barrier': 1})
  Run 3/5: EquivalenceCriterion.equivalent (import: 0.75ms, transpile: 10.08ms, gates: {'ry': 8, 'cx': 3, 'measure': 2, 'barrier': 1})
  Run 4/5: EquivalenceCriterion.equivalent (import: 0.61ms, transpile: 8.33ms, gates: {'ry': 8, 'cx': 3, 'measure': 2, 'barrier': 1})
  Run 5/5: EquivalenceCriterion.equivalent (import: 0.76ms, transpile: 8.93ms, gates: {'ry': 8, 'cx': 3, 'measure': 2, 'barrier': 1})
Running 5 transpilation tests on vqe_real_amp_03...
  Run 1/5: EquivalenceCriterion.equivalent (import: 0.56ms, transpile: 8.66ms, gates: {'ry': 12, 'cx': 6, 'measure': 3, 'barrier': 1})
  Run 2/5: EquivalenceCriterion.equivalent (import: 0.69ms, transpile: 9.21ms, gates: {'ry': 12, 'cx': 6, 'measure': 3, 'barrier': 1})
  Run 3/5: EquivalenceCriterion.equivalent (import: 0.58ms, transpile: 8.59ms, gates: {'ry': 12, 'cx': 6, 'measure': 3, 'barrier': 1})
  Run 4/5: EquivalenceCriterion.equivalent (import: 0.65ms, transpile: 26.52ms, gates: {'ry': 12, 'cx': 6, 'measure': 3, 'barrier': 1})
  Run 5/5: EquivalenceCriterion.equivalent (import: 0.77ms, transpile: 11.50ms, gates: {'ry': 12, 'cx': 6, 'measure': 3, 'barrier': 1})
Running 5 transpilation tests on vqe_real_amp_04...
  Run 1/5: EquivalenceCriterion.equivalent (import: 0.53ms, transpile: 9.27ms, gates: {'ry': 16, 'cx': 9, 'measure': 4, 'barrier': 1})
  Run 2/5: EquivalenceCriterion.equivalent (import: 0.64ms, transpile: 8.16ms, gates: {'ry': 16, 'cx': 9, 'measure': 4, 'barrier': 1})
  Run 3/5: EquivalenceCriterion.equivalent (import: 0.80ms, transpile: 10.90ms, gates: {'ry': 16, 'cx': 9, 'measure': 4, 'barrier': 1})
  Run 4/5: EquivalenceCriterion.equivalent (import: 1.01ms, transpile: 10.45ms, gates: {'ry': 16, 'cx': 9, 'measure': 4, 'barrier': 1})
  Run 5/5: EquivalenceCriterion.equivalent (import: 0.74ms, transpile: 9.38ms, gates: {'ry': 16, 'cx': 9, 'measure': 4, 'barrier': 1})
Running 5 transpilation tests on vqe_real_amp_05...
  Run 1/5: EquivalenceCriterion.equivalent (import: 0.67ms, transpile: 9.37ms, gates: {'ry': 20, 'cx': 12, 'measure': 5, 'barrier': 1})
  Run 2/5: EquivalenceCriterion.equivalent (import: 0.73ms, transpile: 8.23ms, gates: {'ry': 20, 'cx': 12, 'measure': 5, 'barrier': 1})
  Run 3/5: EquivalenceCriterion.equivalent (import: 0.80ms, transpile: 9.76ms, gates: {'ry': 20, 'cx': 12, 'measure': 5, 'barrier': 1})
  Run 4/5: EquivalenceCriterion.equivalent (import: 0.72ms, transpile: 8.80ms, gates: {'ry': 20, 'cx': 12, 'measure': 5, 'barrier': 1})
  Run 5/5: EquivalenceCriterion.equivalent (import: 0.69ms, transpile: 8.36ms, gates: {'ry': 20, 'cx': 12, 'measure': 5, 'barrier': 1})
Running 5 transpilation tests on vqe_real_amp_06...
  Run 1/5: EquivalenceCriterion.equivalent (import: 1.33ms, transpile: 17.29ms, gates: {'ry': 24, 'cx': 15, 'measure': 6, 'barrier': 1})
  Run 2/5: EquivalenceCriterion.equivalent (import: 0.95ms, transpile: 9.73ms, gates: {'ry': 24, 'cx': 15, 'measure': 6, 'barrier': 1})
  Run 3/5: EquivalenceCriterion.equivalent (import: 0.74ms, transpile: 8.10ms, gates: {'ry': 24, 'cx': 15, 'measure': 6, 'barrier': 1})
  Run 4/5: EquivalenceCriterion.equivalent (import: 0.69ms, transpile: 8.99ms, gates: {'ry': 24, 'cx': 15, 'measure': 6, 'barrier': 1})
  Run 5/5: EquivalenceCriterion.equivalent (import: 0.70ms, transpile: 9.09ms, gates: {'ry': 24, 'cx': 15, 'measure': 6, 'barrier': 1})
Running 5 transpilation tests on vqe_real_amp_07...
  Run 1/5: EquivalenceCriterion.equivalent (import: 1.11ms, transpile: 13.39ms, gates: {'ry': 28, 'cx': 18, 'measure': 7, 'barrier': 1})
  Run 2/5: EquivalenceCriterion.equivalent (import: 1.27ms, transpile: 12.68ms, gates: {'ry': 28, 'cx': 18, 'measure': 7, 'barrier': 1})
  Run 3/5: EquivalenceCriterion.equivalent (import: 0.97ms, transpile: 8.46ms, gates: {'ry': 28, 'cx': 18, 'measure': 7, 'barrier': 1})
  Run 4/5: EquivalenceCriterion.equivalent (import: 0.80ms, transpile: 12.20ms, gates: {'ry': 28, 'cx': 18, 'measure': 7, 'barrier': 1})
  Run 5/5: EquivalenceCriterion.equivalent (import: 1.26ms, transpile: 11.52ms, gates: {'ry': 28, 'cx': 18, 'measure': 7, 'barrier': 1})
Running 5 transpilation tests on vqe_real_amp_08...
  Run 1/5: EquivalenceCriterion.equivalent (import: 0.72ms, transpile: 11.44ms, gates: {'ry': 32, 'cx': 21, 'measure': 8, 'barrier': 1})
  Run 2/5: EquivalenceCriterion.equivalent (import: 1.66ms, transpile: 13.65ms, gates: {'ry': 32, 'cx': 21, 'measure': 8, 'barrier': 1})
  Run 3/5: EquivalenceCriterion.equivalent (import: 1.30ms, transpile: 13.10ms, gates: {'ry': 32, 'cx': 21, 'measure': 8, 'barrier': 1})
  Run 4/5: EquivalenceCriterion.equivalent (import: 1.71ms, transpile: 11.26ms, gates: {'ry': 32, 'cx': 21, 'measure': 8, 'barrier': 1})
  Run 5/5: EquivalenceCriterion.equivalent (import: 0.89ms, transpile: 9.88ms, gates: {'ry': 32, 'cx': 21, 'measure': 8, 'barrier': 1})
Failed to extract qubits: "<input>:1,0: identifiers cannot start with capital letters except for the builtins 'U' and 'CX'"
Running 5 transpilation tests on hhl_02...
  Run 1/5: FAILED - Import failed: "<input>:1,0: identifiers cannot start with capital letters except for the builtins 'U' and 'CX'"
  Run 2/5: FAILED - Import failed: "<input>:1,0: identifiers cannot start with capital letters except for the builtins 'U' and 'CX'"
  Run 3/5: FAILED - Import failed: "<input>:1,0: identifiers cannot start with capital letters except for the builtins 'U' and 'CX'"
  Run 4/5: FAILED - Import failed: "<input>:1,0: identifiers cannot start with capital letters except for the builtins 'U' and 'CX'"
  Run 5/5: FAILED - Import failed: "<input>:1,0: identifiers cannot start with capital letters except for the builtins 'U' and 'CX'"
Running 5 transpilation tests on hhl_03...
  Run 1/5: EquivalenceCriterion.equivalent (import: 0.65ms, transpile: 14.99ms, gates: {'h': 4, 'cp': 2, 'x': 1, 'cry': 1, 'measure': 1})
  Run 2/5: EquivalenceCriterion.equivalent (import: 1.20ms, transpile: 12.59ms, gates: {'h': 4, 'cp': 2, 'x': 1, 'cry': 1, 'measure': 1})
  Run 3/5: EquivalenceCriterion.equivalent (import: 0.66ms, transpile: 9.23ms, gates: {'h': 4, 'cp': 2, 'x': 1, 'cry': 1, 'measure': 1})
  Run 4/5: EquivalenceCriterion.equivalent (import: 0.73ms, transpile: 9.87ms, gates: {'h': 4, 'cp': 2, 'x': 1, 'cry': 1, 'measure': 1})
  Run 5/5: EquivalenceCriterion.equivalent (import: 0.69ms, transpile: 11.42ms, gates: {'h': 4, 'cp': 2, 'x': 1, 'cry': 1, 'measure': 1})
Running 5 transpilation tests on hhl_04...
  Run 1/5: EquivalenceCriterion.equivalent (import: 0.61ms, transpile: 22.11ms, gates: {'h': 8, 'cp': 6, 'swap': 2, 'cry': 2, 'x': 1, 'measure': 1})
  Run 2/5: EquivalenceCriterion.equivalent (import: 0.76ms, transpile: 10.43ms, gates: {'h': 8, 'cp': 6, 'swap': 2, 'cry': 2, 'x': 1, 'measure': 1})
  Run 3/5: EquivalenceCriterion.equivalent (import: 1.01ms, transpile: 13.73ms, gates: {'h': 8, 'cp': 6, 'swap': 2, 'cry': 2, 'x': 1, 'measure': 1})
  Run 4/5: EquivalenceCriterion.equivalent (import: 1.12ms, transpile: 12.68ms, gates: {'h': 8, 'cp': 6, 'swap': 2, 'cry': 2, 'x': 1, 'measure': 1})
  Run 5/5: EquivalenceCriterion.equivalent (import: 1.38ms, transpile: 16.50ms, gates: {'h': 8, 'cp': 6, 'swap': 2, 'cry': 2, 'x': 1, 'measure': 1})
Running 5 transpilation tests on hhl_05...
  Run 1/5: EquivalenceCriterion.equivalent (import: 0.71ms, transpile: 9.69ms, gates: {'h': 12, 'cp': 12, 'cry': 3, 'swap': 2, 'x': 1, 'measure': 1})
  Run 2/5: EquivalenceCriterion.equivalent (import: 1.07ms, transpile: 10.38ms, gates: {'h': 12, 'cp': 12, 'cry': 3, 'swap': 2, 'x': 1, 'measure': 1})
  Run 3/5: EquivalenceCriterion.equivalent (import: 0.92ms, transpile: 13.48ms, gates: {'h': 12, 'cp': 12, 'cry': 3, 'swap': 2, 'x': 1, 'measure': 1})
  Run 4/5: EquivalenceCriterion.equivalent (import: 1.16ms, transpile: 13.47ms, gates: {'h': 12, 'cp': 12, 'cry': 3, 'swap': 2, 'x': 1, 'measure': 1})
  Run 5/5: EquivalenceCriterion.equivalent (import: 0.87ms, transpile: 10.74ms, gates: {'h': 12, 'cp': 12, 'cry': 3, 'swap': 2, 'x': 1, 'measure': 1})
Running 5 transpilation tests on hhl_06...
  Run 1/5: EquivalenceCriterion.equivalent (import: 0.80ms, transpile: 9.86ms, gates: {'cp': 20, 'h': 16, 'swap': 4, 'cry': 4, 'x': 1, 'measure': 1})
  Run 2/5: EquivalenceCriterion.equivalent (import: 0.97ms, transpile: 10.41ms, gates: {'cp': 20, 'h': 16, 'swap': 4, 'cry': 4, 'x': 1, 'measure': 1})
  Run 3/5: EquivalenceCriterion.equivalent (import: 1.15ms, transpile: 10.18ms, gates: {'cp': 20, 'h': 16, 'swap': 4, 'cry': 4, 'x': 1, 'measure': 1})
  Run 4/5: EquivalenceCriterion.equivalent (import: 1.37ms, transpile: 22.95ms, gates: {'cp': 20, 'h': 16, 'swap': 4, 'cry': 4, 'x': 1, 'measure': 1})
  Run 5/5: EquivalenceCriterion.equivalent (import: 1.03ms, transpile: 12.80ms, gates: {'cp': 20, 'h': 16, 'swap': 4, 'cry': 4, 'x': 1, 'measure': 1})
Running 5 transpilation tests on hhl_07...
  Run 1/5: EquivalenceCriterion.equivalent (import: 0.84ms, transpile: 12.47ms, gates: {'cp': 30, 'h': 20, 'cry': 5, 'swap': 4, 'x': 1, 'measure': 1})
  Run 2/5: EquivalenceCriterion.equivalent (import: 1.58ms, transpile: 15.43ms, gates: {'cp': 30, 'h': 20, 'cry': 5, 'swap': 4, 'x': 1, 'measure': 1})
  Run 3/5: EquivalenceCriterion.equivalent (import: 1.07ms, transpile: 10.56ms, gates: {'cp': 30, 'h': 20, 'cry': 5, 'swap': 4, 'x': 1, 'measure': 1})
  Run 4/5: EquivalenceCriterion.equivalent (import: 1.02ms, transpile: 12.23ms, gates: {'cp': 30, 'h': 20, 'cry': 5, 'swap': 4, 'x': 1, 'measure': 1})
  Run 5/5: EquivalenceCriterion.equivalent (import: 1.50ms, transpile: 12.24ms, gates: {'cp': 30, 'h': 20, 'cry': 5, 'swap': 4, 'x': 1, 'measure': 1})
Running 5 transpilation tests on hhl_08...
  Run 1/5: EquivalenceCriterion.equivalent (import: 0.91ms, transpile: 14.09ms, gates: {'cp': 42, 'h': 24, 'swap': 6, 'cry': 6, 'x': 1, 'measure': 1})
  Run 2/5: EquivalenceCriterion.equivalent (import: 1.99ms, transpile: 18.64ms, gates: {'cp': 42, 'h': 24, 'swap': 6, 'cry': 6, 'x': 1, 'measure': 1})
  Run 3/5: EquivalenceCriterion.equivalent (import: 1.33ms, transpile: 15.20ms, gates: {'cp': 42, 'h': 24, 'swap': 6, 'cry': 6, 'x': 1, 'measure': 1})
  Run 4/5: EquivalenceCriterion.equivalent (import: 1.16ms, transpile: 13.27ms, gates: {'cp': 42, 'h': 24, 'swap': 6, 'cry': 6, 'x': 1, 'measure': 1})
  Run 5/5: EquivalenceCriterion.equivalent (import: 1.25ms, transpile: 12.03ms, gates: {'cp': 42, 'h': 24, 'swap': 6, 'cry': 6, 'x': 1, 'measure': 1})
Running 5 transpilation tests on grover_02...
  Run 1/5: EquivalenceCriterion.equivalent (import: 0.39ms, transpile: 11.32ms, gates: {'measure': 2, 'h': 1, 'x': 1, 'cp': 1, 'u3': 1, 'barrier': 1})
  Run 2/5: EquivalenceCriterion.equivalent (import: 0.62ms, transpile: 14.91ms, gates: {'measure': 2, 'h': 1, 'x': 1, 'cp': 1, 'u3': 1, 'barrier': 1})
  Run 3/5: EquivalenceCriterion.equivalent (import: 0.61ms, transpile: 14.78ms, gates: {'measure': 2, 'h': 1, 'x': 1, 'cp': 1, 'u3': 1, 'barrier': 1})
  Run 4/5: EquivalenceCriterion.equivalent (import: 0.78ms, transpile: 11.31ms, gates: {'measure': 2, 'h': 1, 'x': 1, 'cp': 1, 'u3': 1, 'barrier': 1})
  Run 5/5: EquivalenceCriterion.equivalent (import: 0.60ms, transpile: 11.05ms, gates: {'measure': 2, 'h': 1, 'x': 1, 'cp': 1, 'u3': 1, 'barrier': 1})
Running 5 transpilation tests on grover_03...
  Run 1/5: EquivalenceCriterion.equivalent_up_to_global_phase (import: 0.74ms, transpile: 15.14ms, gates: {'cx': 5, 'rz': 4, 'measure': 3, 'h': 2, 'u2': 2, 'u1': 2, 'x': 1, 'crz': 1, 'barrier': 1})
  Run 2/5: EquivalenceCriterion.equivalent_up_to_global_phase (import: 0.67ms, transpile: 9.75ms, gates: {'cx': 5, 'rz': 4, 'measure': 3, 'h': 2, 'u2': 2, 'u1': 2, 'x': 1, 'crz': 1, 'barrier': 1})
  Run 3/5: EquivalenceCriterion.equivalent_up_to_global_phase (import: 0.95ms, transpile: 12.05ms, gates: {'cx': 5, 'rz': 4, 'measure': 3, 'h': 2, 'u2': 2, 'u1': 2, 'x': 1, 'crz': 1, 'barrier': 1})
  Run 4/5: EquivalenceCriterion.equivalent_up_to_global_phase (import: 0.94ms, transpile: 13.28ms, gates: {'cx': 5, 'rz': 4, 'measure': 3, 'h': 2, 'u2': 2, 'u1': 2, 'x': 1, 'crz': 1, 'barrier': 1})
  Run 5/5: EquivalenceCriterion.equivalent_up_to_global_phase (import: 0.65ms, transpile: 11.79ms, gates: {'cx': 5, 'rz': 4, 'measure': 3, 'h': 2, 'u2': 2, 'u1': 2, 'x': 1, 'crz': 1, 'barrier': 1})
Running 5 transpilation tests on grover_04...
  Run 1/5: EquivalenceCriterion.equivalent_up_to_global_phase (import: 0.54ms, transpile: 11.63ms, gates: {'cx': 36, 'u2': 16, 'tdg': 12, 'rz': 9, 't': 8, 'u1': 4, 'measure': 4, 'h': 3, 'crz': 2, 'ccx': 2, 'barrier': 1})
  Run 2/5: EquivalenceCriterion.equivalent_up_to_global_phase (import: 0.78ms, transpile: 15.94ms, gates: {'cx': 36, 'u2': 16, 'tdg': 12, 'rz': 9, 't': 8, 'u1': 4, 'measure': 4, 'h': 3, 'crz': 2, 'ccx': 2, 'barrier': 1})
  Run 3/5: EquivalenceCriterion.equivalent_up_to_global_phase (import: 1.01ms, transpile: 16.63ms, gates: {'cx': 36, 'u2': 16, 'tdg': 12, 'rz': 9, 't': 8, 'u1': 4, 'measure': 4, 'h': 3, 'crz': 2, 'ccx': 2, 'barrier': 1})
  Run 4/5: EquivalenceCriterion.equivalent_up_to_global_phase (import: 0.73ms, transpile: 15.10ms, gates: {'cx': 36, 'u2': 16, 'tdg': 12, 'rz': 9, 't': 8, 'u1': 4, 'measure': 4, 'h': 3, 'crz': 2, 'ccx': 2, 'barrier': 1})
The ZX checker suggests that the circuits are not equivalent, but the simulation checker suggests that they are probably equivalent. Thus, no conclusion can be drawn.
  Run 5/5: EquivalenceCriterion.no_information (import: 0.90ms, transpile: 15.44ms, gates: {'cx': 36, 'u2': 16, 'tdg': 12, 'rz': 9, 't': 8, 'u1': 4, 'measure': 4, 'h': 3, 'crz': 2, 'ccx': 2, 'barrier': 1})
Running 5 transpilation tests on grover_05...
  Run 1/5: EquivalenceCriterion.equivalent_up_to_global_phase (import: 0.68ms, transpile: 21.03ms, gates: {'cx': 168, 'tdg': 54, 't': 36, 'u2': 35, 'p': 33, 'rz': 15, 'u3': 11, 'h': 7, 'measure': 5, 'crz': 3, 'barrier': 1})
  Run 2/5: EquivalenceCriterion.equivalent_up_to_global_phase (import: 0.95ms, transpile: 18.47ms, gates: {'cx': 168, 'tdg': 54, 't': 36, 'u2': 35, 'p': 33, 'rz': 15, 'u3': 11, 'h': 7, 'measure': 5, 'crz': 3, 'barrier': 1})
  Run 3/5: EquivalenceCriterion.equivalent_up_to_global_phase (import: 0.85ms, transpile: 18.75ms, gates: {'cx': 168, 'tdg': 54, 't': 36, 'u2': 35, 'p': 33, 'rz': 15, 'u3': 11, 'h': 7, 'measure': 5, 'crz': 3, 'barrier': 1})
  Run 4/5: EquivalenceCriterion.equivalent_up_to_global_phase (import: 0.90ms, transpile: 24.77ms, gates: {'cx': 168, 'tdg': 54, 't': 36, 'u2': 35, 'p': 33, 'rz': 15, 'u3': 11, 'h': 7, 'measure': 5, 'crz': 3, 'barrier': 1})
  Run 5/5: EquivalenceCriterion.equivalent_up_to_global_phase (import: 1.64ms, transpile: 29.23ms, gates: {'cx': 168, 'tdg': 54, 't': 36, 'u2': 35, 'p': 33, 'rz': 15, 'u3': 11, 'h': 7, 'measure': 5, 'crz': 3, 'barrier': 1})
Running 5 transpilation tests on grover_06...
  Run 1/5: EquivalenceCriterion.equivalent_up_to_global_phase (import: 0.86ms, transpile: 45.38ms, gates: {'cx': 400, 'tdg': 108, 'p': 101, 'u2': 77, 't': 72, 'cp': 36, 'u3': 31, 'rz': 12, 'h': 10, 'measure': 6, 'crz': 4, 'u1': 4, 'barrier': 1})
  Run 2/5: EquivalenceCriterion.equivalent_up_to_global_phase (import: 1.25ms, transpile: 39.16ms, gates: {'cx': 400, 'tdg': 108, 'p': 101, 'u2': 77, 't': 72, 'cp': 36, 'u3': 31, 'rz': 12, 'h': 10, 'measure': 6, 'crz': 4, 'u1': 4, 'barrier': 1})
  Run 3/5: EquivalenceCriterion.equivalent_up_to_global_phase (import: 1.26ms, transpile: 36.63ms, gates: {'cx': 400, 'tdg': 108, 'p': 101, 'u2': 77, 't': 72, 'cp': 36, 'u3': 31, 'rz': 12, 'h': 10, 'measure': 6, 'crz': 4, 'u1': 4, 'barrier': 1})
  Run 4/5: EquivalenceCriterion.equivalent_up_to_global_phase (import: 1.08ms, transpile: 39.53ms, gates: {'cx': 400, 'tdg': 108, 'p': 101, 'u2': 77, 't': 72, 'cp': 36, 'u3': 31, 'rz': 12, 'h': 10, 'measure': 6, 'crz': 4, 'u1': 4, 'barrier': 1})
  Run 5/5: EquivalenceCriterion.equivalent_up_to_global_phase (import: 1.03ms, transpile: 36.05ms, gates: {'cx': 400, 'tdg': 108, 'p': 101, 'u2': 77, 't': 72, 'cp': 36, 'u3': 31, 'rz': 12, 'h': 10, 'measure': 6, 'crz': 4, 'u1': 4, 'barrier': 1})
Running 5 transpilation tests on grover_07...
  Run 1/5: EquivalenceCriterion.equivalent_up_to_global_phase (import: 1.90ms, transpile: 105.28ms, gates: {'cx': 1320, 'p': 606, 'tdg': 288, 't': 180, 'u3': 113, 'u2': 104, 'rz': 36, 'h': 24, 'crz': 12, 'measure': 7, 'barrier': 1})
  Run 2/5: EquivalenceCriterion.equivalent_up_to_global_phase (import: 1.70ms, transpile: 83.57ms, gates: {'cx': 1320, 'p': 606, 'tdg': 288, 't': 180, 'u3': 113, 'u2': 104, 'rz': 36, 'h': 24, 'crz': 12, 'measure': 7, 'barrier': 1})
  Run 3/5: EquivalenceCriterion.equivalent_up_to_global_phase (import: 2.15ms, transpile: 92.01ms, gates: {'cx': 1320, 'p': 606, 'tdg': 288, 't': 180, 'u3': 113, 'u2': 104, 'rz': 36, 'h': 24, 'crz': 12, 'measure': 7, 'barrier': 1})
  Run 4/5: EquivalenceCriterion.equivalent_up_to_global_phase (import: 1.70ms, transpile: 92.62ms, gates: {'cx': 1320, 'p': 606, 'tdg': 288, 't': 180, 'u3': 113, 'u2': 104, 'rz': 36, 'h': 24, 'crz': 12, 'measure': 7, 'barrier': 1})
  Run 5/5: EquivalenceCriterion.equivalent_up_to_global_phase (import: 1.45ms, transpile: 97.76ms, gates: {'cx': 1320, 'p': 606, 'tdg': 288, 't': 180, 'u3': 113, 'u2': 104, 'rz': 36, 'h': 24, 'crz': 12, 'measure': 7, 'barrier': 1})
Running 5 transpilation tests on grover_08...
  Run 1/5: EquivalenceCriterion.equivalent_up_to_global_phase (import: 1.72ms, transpile: 192.56ms, gates: {'cx': 2848, 'p': 1400, 'tdg': 544, 't': 384, 'u2': 275, 'u3': 215, 'rz': 80, 'h': 38, 'crz': 16, 'measure': 8, 'barrier': 1})
  Run 2/5: EquivalenceCriterion.equivalent_up_to_global_phase (import: 2.21ms, transpile: 182.47ms, gates: {'cx': 2848, 'p': 1400, 'tdg': 544, 't': 384, 'u2': 275, 'u3': 215, 'rz': 80, 'h': 38, 'crz': 16, 'measure': 8, 'barrier': 1})
  Run 3/5: EquivalenceCriterion.equivalent_up_to_global_phase (import: 3.03ms, transpile: 317.67ms, gates: {'cx': 2848, 'p': 1400, 'tdg': 544, 't': 384, 'u2': 275, 'u3': 215, 'rz': 80, 'h': 38, 'crz': 16, 'measure': 8, 'barrier': 1})
  Run 4/5: EquivalenceCriterion.equivalent_up_to_global_phase (import: 3.76ms, transpile: 210.36ms, gates: {'cx': 2848, 'p': 1400, 'tdg': 544, 't': 384, 'u2': 275, 'u3': 215, 'rz': 80, 'h': 38, 'crz': 16, 'measure': 8, 'barrier': 1})
  Run 5/5: EquivalenceCriterion.equivalent_up_to_global_phase (import: 2.27ms, transpile: 169.90ms, gates: {'cx': 2848, 'p': 1400, 'tdg': 544, 't': 384, 'u2': 275, 'u3': 215, 'rz': 80, 'h': 38, 'crz': 16, 'measure': 8, 'barrier': 1})
Results saved to experiments/transpiler_result_20260611_143614_Qiskit_independent.json
Processing SDK: Qiskit_targeted_IBM_gateset
Running 5 transpilation tests on qaoa_02...
The ZX checker suggests that the circuits are not equivalent, but the simulation checker suggests that they are probably equivalent. Thus, no conclusion can be drawn.
  Run 1/5: EquivalenceCriterion.no_information (import: 0.33ms, transpile: 7.74ms, gates: {'rz': 11, 'sx': 8, 'cx': 2})
  Run 2/5: EquivalenceCriterion.equivalent_up_to_global_phase (import: 0.59ms, transpile: 9.13ms, gates: {'rz': 11, 'sx': 8, 'cx': 2})
  Run 3/5: EquivalenceCriterion.equivalent_up_to_global_phase (import: 0.47ms, transpile: 10.90ms, gates: {'rz': 11, 'sx': 8, 'cx': 2})
  Run 4/5: EquivalenceCriterion.no_information (import: 0.47ms, transpile: 7.10ms, gates: {'rz': 11, 'sx': 8, 'cx': 2})
The ZX checker suggests that the circuits are not equivalent, but the simulation checker suggests that they are probably equivalent. Thus, no conclusion can be drawn.
  Run 5/5: EquivalenceCriterion.equivalent_up_to_global_phase (import: 0.48ms, transpile: 7.54ms, gates: {'rz': 11, 'sx': 8, 'cx': 2})
Running 5 transpilation tests on qaoa_03...
  Run 1/5: EquivalenceCriterion.equivalent_up_to_global_phase (import: 0.36ms, transpile: 8.61ms, gates: {'rz': 26, 'sx': 15, 'cx': 8})
  Run 2/5: EquivalenceCriterion.equivalent_up_to_global_phase (import: 0.68ms, transpile: 7.77ms, gates: {'rz': 26, 'sx': 15, 'cx': 8})
  Run 3/5: EquivalenceCriterion.equivalent_up_to_global_phase (import: 0.57ms, transpile: 9.20ms, gates: {'rz': 26, 'sx': 15, 'cx': 8})
  Run 4/5: EquivalenceCriterion.equivalent_up_to_global_phase (import: 0.62ms, transpile: 8.59ms, gates: {'rz': 26, 'sx': 15, 'cx': 8})
  Run 5/5: EquivalenceCriterion.equivalent_up_to_global_phase (import: 0.55ms, transpile: 11.56ms, gates: {'rz': 26, 'sx': 15, 'cx': 8})
Running 5 transpilation tests on qaoa_04...
  Run 1/5: EquivalenceCriterion.equivalent_up_to_global_phase (import: 0.39ms, transpile: 7.93ms, gates: {'rz': 28, 'sx': 16, 'cx': 8})
  Run 2/5: EquivalenceCriterion.equivalent_up_to_global_phase (import: 0.60ms, transpile: 8.26ms, gates: {'rz': 28, 'sx': 16, 'cx': 8})
  Run 3/5: EquivalenceCriterion.equivalent_up_to_global_phase (import: 0.52ms, transpile: 7.23ms, gates: {'rz': 28, 'sx': 16, 'cx': 8})
  Run 4/5: EquivalenceCriterion.equivalent_up_to_global_phase (import: 0.54ms, transpile: 7.93ms, gates: {'rz': 28, 'sx': 16, 'cx': 8})
  Run 5/5: EquivalenceCriterion.equivalent_up_to_global_phase (import: 0.61ms, transpile: 7.45ms, gates: {'rz': 28, 'sx': 16, 'cx': 8})
Running 5 transpilation tests on qaoa_05...
  Run 1/5: EquivalenceCriterion.equivalent_up_to_global_phase (import: 0.54ms, transpile: 7.96ms, gates: {'rz': 48, 'sx': 25, 'cx': 24})
  Run 2/5: EquivalenceCriterion.equivalent_up_to_global_phase (import: 0.65ms, transpile: 10.14ms, gates: {'rz': 48, 'sx': 25, 'cx': 24})
  Run 3/5: EquivalenceCriterion.equivalent_up_to_global_phase (import: 0.75ms, transpile: 10.07ms, gates: {'rz': 48, 'sx': 25, 'cx': 24})
  Run 4/5: EquivalenceCriterion.equivalent_up_to_global_phase (import: 0.81ms, transpile: 10.62ms, gates: {'rz': 48, 'sx': 25, 'cx': 24})
  Run 5/5: EquivalenceCriterion.equivalent_up_to_global_phase (import: 1.19ms, transpile: 14.82ms, gates: {'rz': 48, 'sx': 25, 'cx': 24})
Running 5 transpilation tests on qaoa_06...
  Run 1/5: EquivalenceCriterion.equivalent_up_to_global_phase (import: 0.56ms, transpile: 8.21ms, gates: {'rz': 60, 'sx': 30, 'cx': 28})
  Run 2/5: EquivalenceCriterion.equivalent_up_to_global_phase (import: 0.68ms, transpile: 10.85ms, gates: {'rz': 60, 'sx': 30, 'cx': 28})
  Run 3/5: EquivalenceCriterion.equivalent_up_to_global_phase (import: 0.80ms, transpile: 15.75ms, gates: {'rz': 60, 'sx': 30, 'cx': 28})
  Run 4/5: EquivalenceCriterion.equivalent_up_to_global_phase (import: 0.69ms, transpile: 9.54ms, gates: {'rz': 60, 'sx': 30, 'cx': 28})
  Run 5/5: EquivalenceCriterion.equivalent_up_to_global_phase (import: 0.76ms, transpile: 9.29ms, gates: {'rz': 60, 'sx': 30, 'cx': 28})
Running 5 transpilation tests on qaoa_07...
  Run 1/5: EquivalenceCriterion.equivalent_up_to_global_phase (import: 0.57ms, transpile: 8.49ms, gates: {'rz': 76, 'cx': 48, 'sx': 35})
  Run 2/5: EquivalenceCriterion.equivalent_up_to_global_phase (import: 0.73ms, transpile: 8.91ms, gates: {'rz': 76, 'cx': 48, 'sx': 35})
  Run 3/5: EquivalenceCriterion.equivalent_up_to_global_phase (import: 0.75ms, transpile: 8.79ms, gates: {'rz': 76, 'cx': 48, 'sx': 35})
  Run 4/5: EquivalenceCriterion.equivalent_up_to_global_phase (import: 0.87ms, transpile: 11.35ms, gates: {'rz': 76, 'cx': 48, 'sx': 35})
  Run 5/5: EquivalenceCriterion.equivalent_up_to_global_phase (import: 0.75ms, transpile: 8.76ms, gates: {'rz': 76, 'cx': 48, 'sx': 35})
Running 5 transpilation tests on qaoa_08...
  Run 1/5: EquivalenceCriterion.equivalent_up_to_global_phase (import: 0.86ms, transpile: 9.77ms, gates: {'rz': 88, 'cx': 56, 'sx': 40})
  Run 2/5: EquivalenceCriterion.equivalent_up_to_global_phase (import: 1.25ms, transpile: 10.36ms, gates: {'rz': 88, 'cx': 56, 'sx': 40})
  Run 3/5: EquivalenceCriterion.equivalent_up_to_global_phase (import: 0.85ms, transpile: 8.53ms, gates: {'rz': 88, 'cx': 56, 'sx': 40})
  Run 4/5: EquivalenceCriterion.equivalent_up_to_global_phase (import: 0.73ms, transpile: 8.89ms, gates: {'rz': 88, 'cx': 56, 'sx': 40})
  Run 5/5: EquivalenceCriterion.equivalent_up_to_global_phase (import: 0.93ms, transpile: 9.20ms, gates: {'rz': 88, 'cx': 56, 'sx': 40})
Running 5 transpilation tests on qft_02...
  Run 1/5: EquivalenceCriterion.equivalent_up_to_global_phase (import: 0.39ms, transpile: 11.38ms, gates: {'rz': 8, 'sx': 5, 'cx': 3, 'measure': 2, 'barrier': 1})
  Run 2/5: EquivalenceCriterion.equivalent_up_to_global_phase (import: 1.07ms, transpile: 9.73ms, gates: {'rz': 8, 'sx': 5, 'cx': 3, 'measure': 2, 'barrier': 1})
  Run 3/5: EquivalenceCriterion.equivalent_up_to_global_phase (import: 0.56ms, transpile: 10.83ms, gates: {'rz': 8, 'sx': 5, 'cx': 3, 'measure': 2, 'barrier': 1})
  Run 4/5: EquivalenceCriterion.equivalent_up_to_global_phase (import: 0.60ms, transpile: 9.70ms, gates: {'rz': 8, 'sx': 5, 'cx': 3, 'measure': 2, 'barrier': 1})
  Run 5/5: EquivalenceCriterion.equivalent_up_to_global_phase (import: 0.55ms, transpile: 9.36ms, gates: {'rz': 8, 'sx': 5, 'cx': 3, 'measure': 2, 'barrier': 1})
Running 5 transpilation tests on qft_03...
  Run 1/5: EquivalenceCriterion.equivalent_up_to_global_phase (import: 0.58ms, transpile: 12.05ms, gates: {'rz': 10, 'cx': 9, 'sx': 3, 'measure': 3, 'barrier': 1})
  Run 2/5: EquivalenceCriterion.equivalent_up_to_global_phase (import: 0.65ms, transpile: 9.71ms, gates: {'rz': 10, 'cx': 9, 'sx': 3, 'measure': 3, 'barrier': 1})
  Run 3/5: EquivalenceCriterion.equivalent_up_to_global_phase (import: 0.61ms, transpile: 10.07ms, gates: {'rz': 10, 'cx': 9, 'sx': 3, 'measure': 3, 'barrier': 1})
  Run 4/5: EquivalenceCriterion.equivalent_up_to_global_phase (import: 0.48ms, transpile: 8.39ms, gates: {'rz': 10, 'cx': 9, 'sx': 3, 'measure': 3, 'barrier': 1})
  Run 5/5: EquivalenceCriterion.equivalent_up_to_global_phase (import: 0.72ms, transpile: 10.15ms, gates: {'rz': 10, 'cx': 9, 'sx': 3, 'measure': 3, 'barrier': 1})
Running 5 transpilation tests on qft_04...
  Run 1/5: EquivalenceCriterion.equivalent_up_to_global_phase (import: 0.41ms, transpile: 13.04ms, gates: {'cx': 18, 'rz': 17, 'sx': 4, 'measure': 4, 'barrier': 1})
  Run 2/5: EquivalenceCriterion.equivalent_up_to_global_phase (import: 0.54ms, transpile: 9.01ms, gates: {'cx': 18, 'rz': 17, 'sx': 4, 'measure': 4, 'barrier': 1})
  Run 3/5: EquivalenceCriterion.equivalent_up_to_global_phase (import: 0.54ms, transpile: 11.31ms, gates: {'cx': 18, 'rz': 17, 'sx': 4, 'measure': 4, 'barrier': 1})
  Run 4/5: EquivalenceCriterion.equivalent_up_to_global_phase (import: 0.70ms, transpile: 11.41ms, gates: {'cx': 18, 'rz': 17, 'sx': 4, 'measure': 4, 'barrier': 1})
  Run 5/5: EquivalenceCriterion.equivalent_up_to_global_phase (import: 0.84ms, transpile: 14.27ms, gates: {'cx': 18, 'rz': 17, 'sx': 4, 'measure': 4, 'barrier': 1})
Running 5 transpilation tests on qft_05...
  Run 1/5: EquivalenceCriterion.equivalent_up_to_global_phase (import: 0.42ms, transpile: 8.90ms, gates: {'rz': 26, 'cx': 26, 'sx': 5, 'measure': 5, 'barrier': 1})
  Run 2/5: EquivalenceCriterion.equivalent_up_to_global_phase (import: 0.57ms, transpile: 8.79ms, gates: {'rz': 26, 'cx': 26, 'sx': 5, 'measure': 5, 'barrier': 1})
  Run 3/5: EquivalenceCriterion.equivalent_up_to_global_phase (import: 0.67ms, transpile: 9.40ms, gates: {'rz': 26, 'cx': 26, 'sx': 5, 'measure': 5, 'barrier': 1})
  Run 4/5: EquivalenceCriterion.equivalent_up_to_global_phase (import: 0.65ms, transpile: 9.65ms, gates: {'rz': 26, 'cx': 26, 'sx': 5, 'measure': 5, 'barrier': 1})
  Run 5/5: EquivalenceCriterion.equivalent_up_to_global_phase (import: 0.63ms, transpile: 9.59ms, gates: {'rz': 26, 'cx': 26, 'sx': 5, 'measure': 5, 'barrier': 1})
Running 5 transpilation tests on qft_06...
  Run 1/5: EquivalenceCriterion.equivalent_up_to_global_phase (import: 0.52ms, transpile: 11.96ms, gates: {'cx': 39, 'rz': 37, 'sx': 6, 'measure': 6, 'barrier': 1})
  Run 2/5: EquivalenceCriterion.equivalent_up_to_global_phase (import: 0.74ms, transpile: 15.06ms, gates: {'cx': 39, 'rz': 37, 'sx': 6, 'measure': 6, 'barrier': 1})
  Run 3/5: EquivalenceCriterion.equivalent_up_to_global_phase (import: 0.66ms, transpile: 10.62ms, gates: {'cx': 39, 'rz': 37, 'sx': 6, 'measure': 6, 'barrier': 1})
  Run 4/5: EquivalenceCriterion.equivalent_up_to_global_phase (import: 0.67ms, transpile: 9.25ms, gates: {'cx': 39, 'rz': 37, 'sx': 6, 'measure': 6, 'barrier': 1})
  Run 5/5: EquivalenceCriterion.equivalent_up_to_global_phase (import: 0.55ms, transpile: 9.77ms, gates: {'cx': 39, 'rz': 37, 'sx': 6, 'measure': 6, 'barrier': 1})
Running 5 transpilation tests on qft_07...
  Run 1/5: EquivalenceCriterion.equivalent_up_to_global_phase (import: 0.54ms, transpile: 11.46ms, gates: {'cx': 51, 'rz': 50, 'sx': 7, 'measure': 7, 'barrier': 1})
  Run 2/5: EquivalenceCriterion.equivalent_up_to_global_phase (import: 0.93ms, transpile: 12.36ms, gates: {'cx': 51, 'rz': 50, 'sx': 7, 'measure': 7, 'barrier': 1})
  Run 3/5: EquivalenceCriterion.equivalent_up_to_global_phase (import: 0.87ms, transpile: 10.70ms, gates: {'cx': 51, 'rz': 50, 'sx': 7, 'measure': 7, 'barrier': 1})
  Run 4/5: EquivalenceCriterion.equivalent_up_to_global_phase (import: 0.62ms, transpile: 9.22ms, gates: {'cx': 51, 'rz': 50, 'sx': 7, 'measure': 7, 'barrier': 1})
  Run 5/5: EquivalenceCriterion.equivalent_up_to_global_phase (import: 0.66ms, transpile: 11.90ms, gates: {'cx': 51, 'rz': 50, 'sx': 7, 'measure': 7, 'barrier': 1})
Running 5 transpilation tests on qft_08...
  Run 1/5: EquivalenceCriterion.equivalent_up_to_global_phase (import: 0.57ms, transpile: 9.90ms, gates: {'cx': 68, 'rz': 65, 'sx': 8, 'measure': 8, 'barrier': 1})
  Run 2/5: EquivalenceCriterion.equivalent_up_to_global_phase (import: 0.59ms, transpile: 9.34ms, gates: {'cx': 68, 'rz': 65, 'sx': 8, 'measure': 8, 'barrier': 1})
  Run 3/5: EquivalenceCriterion.equivalent_up_to_global_phase (import: 0.64ms, transpile: 13.04ms, gates: {'cx': 68, 'rz': 65, 'sx': 8, 'measure': 8, 'barrier': 1})
  Run 4/5: EquivalenceCriterion.equivalent_up_to_global_phase (import: 1.35ms, transpile: 12.16ms, gates: {'cx': 68, 'rz': 65, 'sx': 8, 'measure': 8, 'barrier': 1})
  Run 5/5: EquivalenceCriterion.equivalent_up_to_global_phase (import: 0.79ms, transpile: 14.70ms, gates: {'cx': 68, 'rz': 65, 'sx': 8, 'measure': 8, 'barrier': 1})
Running 5 transpilation tests on randomcircuit_02...
The ZX checker suggests that the circuits are not equivalent, but the simulation checker suggests that they are probably equivalent. Thus, no conclusion can be drawn.
  Run 1/5: EquivalenceCriterion.no_information (import: 0.70ms, transpile: 10.49ms, gates: {'rz': 12, 'sx': 10, 'cx': 2, 'measure': 2, 'barrier': 1})
  Run 2/5: EquivalenceCriterion.equivalent_up_to_global_phase (import: 0.57ms, transpile: 9.35ms, gates: {'rz': 12, 'sx': 10, 'cx': 2, 'measure': 2, 'barrier': 1})
  Run 3/5: EquivalenceCriterion.equivalent_up_to_global_phase (import: 0.55ms, transpile: 9.11ms, gates: {'rz': 12, 'sx': 10, 'cx': 2, 'measure': 2, 'barrier': 1})
  Run 4/5: EquivalenceCriterion.equivalent_up_to_global_phase (import: 0.64ms, transpile: 8.98ms, gates: {'rz': 12, 'sx': 10, 'cx': 2, 'measure': 2, 'barrier': 1})
  Run 5/5: EquivalenceCriterion.equivalent_up_to_global_phase (import: 0.56ms, transpile: 11.94ms, gates: {'rz': 12, 'sx': 10, 'cx': 2, 'measure': 2, 'barrier': 1})
Running 5 transpilation tests on randomcircuit_03...
  Run 1/5: EquivalenceCriterion.equivalent_up_to_global_phase (import: 0.51ms, transpile: 15.31ms, gates: {'rz': 30, 'cx': 20, 'sx': 9, 'measure': 3, 'x': 1, 'barrier': 1})
  Run 2/5: EquivalenceCriterion.equivalent_up_to_global_phase (import: 0.88ms, transpile: 12.50ms, gates: {'rz': 30, 'cx': 20, 'sx': 9, 'measure': 3, 'x': 1, 'barrier': 1})
  Run 3/5: EquivalenceCriterion.equivalent_up_to_global_phase (import: 0.91ms, transpile: 12.92ms, gates: {'rz': 30, 'cx': 20, 'sx': 9, 'measure': 3, 'x': 1, 'barrier': 1})
  Run 4/5: EquivalenceCriterion.equivalent_up_to_global_phase (import: 0.70ms, transpile: 11.13ms, gates: {'rz': 30, 'cx': 20, 'sx': 9, 'measure': 3, 'x': 1, 'barrier': 1})
  Run 5/5: EquivalenceCriterion.equivalent_up_to_global_phase (import: 0.64ms, transpile: 11.73ms, gates: {'rz': 30, 'cx': 20, 'sx': 9, 'measure': 3, 'x': 1, 'barrier': 1})
Running 5 transpilation tests on randomcircuit_04...
  Run 1/5: EquivalenceCriterion.equivalent_up_to_global_phase (import: 0.52ms, transpile: 13.63ms, gates: {'rz': 69, 'cx': 53, 'sx': 16, 'measure': 4, 'x': 1, 'barrier': 1})
  Run 2/5: EquivalenceCriterion.equivalent_up_to_global_phase (import: 0.77ms, transpile: 13.34ms, gates: {'rz': 69, 'cx': 53, 'sx': 16, 'measure': 4, 'x': 1, 'barrier': 1})
  Run 3/5: EquivalenceCriterion.equivalent_up_to_global_phase (import: 0.70ms, transpile: 18.68ms, gates: {'rz': 69, 'cx': 53, 'sx': 16, 'measure': 4, 'x': 1, 'barrier': 1})
  Run 4/5: EquivalenceCriterion.equivalent_up_to_global_phase (import: 0.75ms, transpile: 18.83ms, gates: {'rz': 69, 'cx': 53, 'sx': 16, 'measure': 4, 'x': 1, 'barrier': 1})
  Run 5/5: EquivalenceCriterion.equivalent_up_to_global_phase (import: 0.71ms, transpile: 14.29ms, gates: {'rz': 69, 'cx': 53, 'sx': 16, 'measure': 4, 'x': 1, 'barrier': 1})
Running 5 transpilation tests on randomcircuit_05...
  Run 1/5: EquivalenceCriterion.equivalent_up_to_global_phase (import: 0.68ms, transpile: 16.67ms, gates: {'rz': 87, 'cx': 59, 'sx': 32, 'measure': 5, 'x': 3, 'barrier': 1})
  Run 2/5: EquivalenceCriterion.equivalent_up_to_global_phase (import: 0.84ms, transpile: 17.61ms, gates: {'rz': 87, 'cx': 59, 'sx': 32, 'measure': 5, 'x': 3, 'barrier': 1})
  Run 3/5: EquivalenceCriterion.equivalent_up_to_global_phase (import: 0.83ms, transpile: 18.18ms, gates: {'rz': 87, 'cx': 59, 'sx': 32, 'measure': 5, 'x': 3, 'barrier': 1})
  Run 4/5: EquivalenceCriterion.equivalent_up_to_global_phase (import: 0.85ms, transpile: 21.57ms, gates: {'rz': 87, 'cx': 59, 'sx': 32, 'measure': 5, 'x': 3, 'barrier': 1})
  Run 5/5: EquivalenceCriterion.equivalent_up_to_global_phase (import: 0.81ms, transpile: 16.73ms, gates: {'rz': 87, 'cx': 59, 'sx': 32, 'measure': 5, 'x': 3, 'barrier': 1})
Running 5 transpilation tests on randomcircuit_06...
  Run 1/5: EquivalenceCriterion.equivalent_up_to_global_phase (import: 0.74ms, transpile: 17.33ms, gates: {'rz': 133, 'cx': 95, 'sx': 42, 'measure': 6, 'x': 1, 'barrier': 1})
  Run 2/5: EquivalenceCriterion.equivalent_up_to_global_phase (import: 1.05ms, transpile: 18.58ms, gates: {'rz': 133, 'cx': 95, 'sx': 42, 'measure': 6, 'x': 1, 'barrier': 1})
  Run 3/5: EquivalenceCriterion.equivalent_up_to_global_phase (import: 0.91ms, transpile: 16.64ms, gates: {'rz': 133, 'cx': 95, 'sx': 42, 'measure': 6, 'x': 1, 'barrier': 1})
  Run 4/5: EquivalenceCriterion.equivalent_up_to_global_phase (import: 0.84ms, transpile: 14.85ms, gates: {'rz': 133, 'cx': 95, 'sx': 42, 'measure': 6, 'x': 1, 'barrier': 1})
  Run 5/5: EquivalenceCriterion.equivalent_up_to_global_phase (import: 0.84ms, transpile: 15.98ms, gates: {'rz': 133, 'cx': 95, 'sx': 42, 'measure': 6, 'x': 1, 'barrier': 1})
Running 5 transpilation tests on randomcircuit_07...
  Run 1/5: EquivalenceCriterion.equivalent_up_to_global_phase (import: 1.02ms, transpile: 26.80ms, gates: {'rz': 201, 'cx': 145, 'sx': 69, 'measure': 7, 'x': 4, 'barrier': 1})
  Run 2/5: EquivalenceCriterion.equivalent_up_to_global_phase (import: 1.03ms, transpile: 21.63ms, gates: {'rz': 201, 'cx': 145, 'sx': 69, 'measure': 7, 'x': 4, 'barrier': 1})
  Run 3/5: EquivalenceCriterion.equivalent_up_to_global_phase (import: 1.37ms, transpile: 26.85ms, gates: {'rz': 201, 'cx': 145, 'sx': 69, 'measure': 7, 'x': 4, 'barrier': 1})
  Run 4/5: EquivalenceCriterion.equivalent_up_to_global_phase (import: 1.38ms, transpile: 26.49ms, gates: {'rz': 201, 'cx': 145, 'sx': 69, 'measure': 7, 'x': 4, 'barrier': 1})
  Run 5/5: EquivalenceCriterion.equivalent_up_to_global_phase (import: 1.21ms, transpile: 24.89ms, gates: {'rz': 201, 'cx': 145, 'sx': 69, 'measure': 7, 'x': 4, 'barrier': 1})
Running 5 transpilation tests on randomcircuit_08...
  Run 1/5: EquivalenceCriterion.equivalent_up_to_global_phase (import: 0.94ms, transpile: 24.99ms, gates: {'rz': 298, 'cx': 208, 'sx': 103, 'measure': 8, 'x': 6, 'barrier': 1})
  Run 2/5: EquivalenceCriterion.equivalent_up_to_global_phase (import: 1.36ms, transpile: 23.74ms, gates: {'rz': 298, 'cx': 208, 'sx': 103, 'measure': 8, 'x': 6, 'barrier': 1})
  Run 3/5: EquivalenceCriterion.equivalent_up_to_global_phase (import: 1.09ms, transpile: 23.20ms, gates: {'rz': 298, 'cx': 208, 'sx': 103, 'measure': 8, 'x': 6, 'barrier': 1})
  Run 4/5: EquivalenceCriterion.equivalent_up_to_global_phase (import: 1.18ms, transpile: 35.33ms, gates: {'rz': 298, 'cx': 208, 'sx': 103, 'measure': 8, 'x': 6, 'barrier': 1})
  Run 5/5: EquivalenceCriterion.equivalent_up_to_global_phase (import: 1.13ms, transpile: 22.71ms, gates: {'rz': 298, 'cx': 208, 'sx': 103, 'measure': 8, 'x': 6, 'barrier': 1})
Running 5 transpilation tests on vqe_real_amp_02...
  Run 1/5: EquivalenceCriterion.equivalent_up_to_global_phase (import: 0.40ms, transpile: 9.08ms, gates: {'rz': 11, 'sx': 8, 'cx': 3, 'measure': 2, 'barrier': 1})
  Run 2/5: EquivalenceCriterion.equivalent_up_to_global_phase (import: 0.55ms, transpile: 7.50ms, gates: {'rz': 11, 'sx': 8, 'cx': 3, 'measure': 2, 'barrier': 1})
The ZX checker suggests that the circuits are not equivalent, but the simulation checker suggests that they are probably equivalent. Thus, no conclusion can be drawn.
  Run 3/5: EquivalenceCriterion.no_information (import: 0.61ms, transpile: 7.48ms, gates: {'rz': 11, 'sx': 8, 'cx': 3, 'measure': 2, 'barrier': 1})
The ZX checker suggests that the circuits are not equivalent, but the simulation checker suggests that they are probably equivalent. Thus, no conclusion can be drawn.
  Run 4/5: EquivalenceCriterion.no_information (import: 0.51ms, transpile: 7.52ms, gates: {'rz': 11, 'sx': 8, 'cx': 3, 'measure': 2, 'barrier': 1})
  Run 5/5: EquivalenceCriterion.equivalent_up_to_global_phase (import: 1.06ms, transpile: 9.66ms, gates: {'rz': 11, 'sx': 8, 'cx': 3, 'measure': 2, 'barrier': 1})
Running 5 transpilation tests on vqe_real_amp_03...
  Run 1/5: EquivalenceCriterion.equivalent_up_to_global_phase (import: 0.42ms, transpile: 7.71ms, gates: {'sx': 24, 'rz': 24, 'cx': 6, 'measure': 3, 'barrier': 1})
  Run 2/5: EquivalenceCriterion.equivalent_up_to_global_phase (import: 0.70ms, transpile: 8.24ms, gates: {'sx': 24, 'rz': 24, 'cx': 6, 'measure': 3, 'barrier': 1})
  Run 3/5: EquivalenceCriterion.equivalent_up_to_global_phase (import: 0.55ms, transpile: 7.34ms, gates: {'sx': 24, 'rz': 24, 'cx': 6, 'measure': 3, 'barrier': 1})
  Run 4/5: EquivalenceCriterion.equivalent_up_to_global_phase (import: 0.68ms, transpile: 8.83ms, gates: {'sx': 24, 'rz': 24, 'cx': 6, 'measure': 3, 'barrier': 1})
  Run 5/5: EquivalenceCriterion.equivalent_up_to_global_phase (import: 0.66ms, transpile: 8.03ms, gates: {'sx': 24, 'rz': 24, 'cx': 6, 'measure': 3, 'barrier': 1})
Running 5 transpilation tests on vqe_real_amp_04...
  Run 1/5: EquivalenceCriterion.equivalent (import: 0.51ms, transpile: 12.13ms, gates: {'sx': 32, 'rz': 32, 'cx': 9, 'measure': 4, 'barrier': 1})
  Run 2/5: EquivalenceCriterion.equivalent_up_to_global_phase (import: 0.75ms, transpile: 10.22ms, gates: {'sx': 32, 'rz': 32, 'cx': 9, 'measure': 4, 'barrier': 1})
  Run 3/5: EquivalenceCriterion.equivalent_up_to_global_phase (import: 0.82ms, transpile: 10.85ms, gates: {'sx': 32, 'rz': 32, 'cx': 9, 'measure': 4, 'barrier': 1})
  Run 4/5: EquivalenceCriterion.equivalent_up_to_global_phase (import: 0.80ms, transpile: 10.50ms, gates: {'sx': 32, 'rz': 32, 'cx': 9, 'measure': 4, 'barrier': 1})
  Run 5/5: EquivalenceCriterion.equivalent_up_to_global_phase (import: 1.36ms, transpile: 8.52ms, gates: {'sx': 32, 'rz': 32, 'cx': 9, 'measure': 4, 'barrier': 1})
Running 5 transpilation tests on vqe_real_amp_05...
  Run 1/5: EquivalenceCriterion.equivalent_up_to_global_phase (import: 0.56ms, transpile: 8.81ms, gates: {'sx': 40, 'rz': 40, 'cx': 12, 'measure': 5, 'barrier': 1})
  Run 2/5: EquivalenceCriterion.equivalent_up_to_global_phase (import: 0.76ms, transpile: 8.52ms, gates: {'sx': 40, 'rz': 40, 'cx': 12, 'measure': 5, 'barrier': 1})
  Run 3/5: EquivalenceCriterion.equivalent_up_to_global_phase (import: 0.79ms, transpile: 8.17ms, gates: {'sx': 40, 'rz': 40, 'cx': 12, 'measure': 5, 'barrier': 1})
  Run 4/5: EquivalenceCriterion.equivalent_up_to_global_phase (import: 0.96ms, transpile: 9.42ms, gates: {'sx': 40, 'rz': 40, 'cx': 12, 'measure': 5, 'barrier': 1})
  Run 5/5: EquivalenceCriterion.equivalent_up_to_global_phase (import: 0.99ms, transpile: 12.02ms, gates: {'sx': 40, 'rz': 40, 'cx': 12, 'measure': 5, 'barrier': 1})
Running 5 transpilation tests on vqe_real_amp_06...
  Run 1/5: EquivalenceCriterion.equivalent_up_to_global_phase (import: 0.75ms, transpile: 10.94ms, gates: {'sx': 48, 'rz': 48, 'cx': 15, 'measure': 6, 'barrier': 1})
  Run 2/5: EquivalenceCriterion.equivalent_up_to_global_phase (import: 0.91ms, transpile: 9.17ms, gates: {'sx': 48, 'rz': 48, 'cx': 15, 'measure': 6, 'barrier': 1})
  Run 3/5: EquivalenceCriterion.equivalent_up_to_global_phase (import: 0.74ms, transpile: 8.23ms, gates: {'sx': 48, 'rz': 48, 'cx': 15, 'measure': 6, 'barrier': 1})
  Run 4/5: EquivalenceCriterion.equivalent_up_to_global_phase (import: 0.75ms, transpile: 8.61ms, gates: {'sx': 48, 'rz': 48, 'cx': 15, 'measure': 6, 'barrier': 1})
  Run 5/5: EquivalenceCriterion.equivalent_up_to_global_phase (import: 0.78ms, transpile: 8.11ms, gates: {'sx': 48, 'rz': 48, 'cx': 15, 'measure': 6, 'barrier': 1})
Running 5 transpilation tests on vqe_real_amp_07...
  Run 1/5: EquivalenceCriterion.equivalent_up_to_global_phase (import: 0.70ms, transpile: 11.03ms, gates: {'sx': 56, 'rz': 56, 'cx': 18, 'measure': 7, 'barrier': 1})
  Run 2/5: EquivalenceCriterion.equivalent_up_to_global_phase (import: 0.86ms, transpile: 8.49ms, gates: {'sx': 56, 'rz': 56, 'cx': 18, 'measure': 7, 'barrier': 1})
  Run 3/5: EquivalenceCriterion.equivalent (import: 1.01ms, transpile: 8.48ms, gates: {'sx': 56, 'rz': 56, 'cx': 18, 'measure': 7, 'barrier': 1})
  Run 4/5: EquivalenceCriterion.equivalent (import: 0.91ms, transpile: 8.56ms, gates: {'sx': 56, 'rz': 56, 'cx': 18, 'measure': 7, 'barrier': 1})
  Run 5/5: EquivalenceCriterion.equivalent (import: 0.73ms, transpile: 8.20ms, gates: {'sx': 56, 'rz': 56, 'cx': 18, 'measure': 7, 'barrier': 1})
Running 5 transpilation tests on vqe_real_amp_08...
  Run 1/5: EquivalenceCriterion.equivalent_up_to_global_phase (import: 2.09ms, transpile: 14.09ms, gates: {'sx': 64, 'rz': 64, 'cx': 21, 'measure': 8, 'barrier': 1})
  Run 2/5: EquivalenceCriterion.equivalent_up_to_global_phase (import: 1.02ms, transpile: 8.21ms, gates: {'sx': 64, 'rz': 64, 'cx': 21, 'measure': 8, 'barrier': 1})
  Run 3/5: EquivalenceCriterion.equivalent_up_to_global_phase (import: 1.20ms, transpile: 13.42ms, gates: {'sx': 64, 'rz': 64, 'cx': 21, 'measure': 8, 'barrier': 1})
  Run 4/5: EquivalenceCriterion.equivalent (import: 0.81ms, transpile: 9.68ms, gates: {'sx': 64, 'rz': 64, 'cx': 21, 'measure': 8, 'barrier': 1})
  Run 5/5: EquivalenceCriterion.equivalent_up_to_global_phase (import: 0.86ms, transpile: 9.90ms, gates: {'sx': 64, 'rz': 64, 'cx': 21, 'measure': 8, 'barrier': 1})
Failed to extract qubits: "<input>:1,0: identifiers cannot start with capital letters except for the builtins 'U' and 'CX'"
Running 5 transpilation tests on hhl_02...
  Run 1/5: FAILED - Import failed: "<input>:1,0: identifiers cannot start with capital letters except for the builtins 'U' and 'CX'"
  Run 2/5: FAILED - Import failed: "<input>:1,0: identifiers cannot start with capital letters except for the builtins 'U' and 'CX'"
  Run 3/5: FAILED - Import failed: "<input>:1,0: identifiers cannot start with capital letters except for the builtins 'U' and 'CX'"
  Run 4/5: FAILED - Import failed: "<input>:1,0: identifiers cannot start with capital letters except for the builtins 'U' and 'CX'"
  Run 5/5: FAILED - Import failed: "<input>:1,0: identifiers cannot start with capital letters except for the builtins 'U' and 'CX'"
Running 5 transpilation tests on hhl_03...
  Run 1/5: EquivalenceCriterion.equivalent (import: 0.51ms, transpile: 11.75ms, gates: {'rz': 13, 'sx': 8, 'cx': 6, 'x': 1, 'measure': 1})
  Run 2/5: EquivalenceCriterion.equivalent (import: 1.02ms, transpile: 13.16ms, gates: {'rz': 13, 'sx': 8, 'cx': 6, 'x': 1, 'measure': 1})
  Run 3/5: EquivalenceCriterion.equivalent (import: 0.78ms, transpile: 12.65ms, gates: {'rz': 13, 'sx': 8, 'cx': 6, 'x': 1, 'measure': 1})
  Run 4/5: EquivalenceCriterion.equivalent (import: 1.09ms, transpile: 10.47ms, gates: {'rz': 13, 'sx': 8, 'cx': 6, 'x': 1, 'measure': 1})
  Run 5/5: EquivalenceCriterion.equivalent (import: 1.04ms, transpile: 10.08ms, gates: {'rz': 13, 'sx': 8, 'cx': 6, 'x': 1, 'measure': 1})
Running 5 transpilation tests on hhl_04...
  Run 1/5: EquivalenceCriterion.equivalent_up_to_global_phase (import: 0.63ms, transpile: 12.92ms, gates: {'rz': 34, 'sx': 21, 'cx': 17, 'x': 3, 'measure': 1})
  Run 2/5: EquivalenceCriterion.equivalent_up_to_global_phase (import: 0.92ms, transpile: 11.83ms, gates: {'rz': 34, 'sx': 21, 'cx': 17, 'x': 3, 'measure': 1})
  Run 3/5: EquivalenceCriterion.equivalent_up_to_global_phase (import: 0.95ms, transpile: 18.52ms, gates: {'rz': 34, 'sx': 21, 'cx': 17, 'x': 3, 'measure': 1})
  Run 4/5: EquivalenceCriterion.equivalent_up_to_global_phase (import: 0.99ms, transpile: 15.95ms, gates: {'rz': 34, 'sx': 21, 'cx': 17, 'x': 3, 'measure': 1})
  Run 5/5: EquivalenceCriterion.equivalent_up_to_global_phase (import: 0.90ms, transpile: 15.22ms, gates: {'rz': 34, 'sx': 21, 'cx': 17, 'x': 3, 'measure': 1})
Running 5 transpilation tests on hhl_05...
  Run 1/5: EquivalenceCriterion.equivalent (import: 1.32ms, transpile: 12.49ms, gates: {'rz': 52, 'cx': 34, 'sx': 20, 'x': 1, 'measure': 1})
  Run 2/5: EquivalenceCriterion.equivalent (import: 1.59ms, transpile: 13.13ms, gates: {'rz': 52, 'cx': 34, 'sx': 20, 'x': 1, 'measure': 1})
  Run 3/5: EquivalenceCriterion.equivalent (import: 1.14ms, transpile: 12.14ms, gates: {'rz': 52, 'cx': 34, 'sx': 20, 'x': 1, 'measure': 1})
  Run 4/5: EquivalenceCriterion.equivalent (import: 1.87ms, transpile: 17.77ms, gates: {'rz': 52, 'cx': 34, 'sx': 20, 'x': 1, 'measure': 1})
  Run 5/5: EquivalenceCriterion.equivalent (import: 1.75ms, transpile: 14.13ms, gates: {'rz': 52, 'cx': 34, 'sx': 20, 'x': 1, 'measure': 1})
Running 5 transpilation tests on hhl_06...
  Run 1/5: EquivalenceCriterion.equivalent_up_to_global_phase (import: 0.81ms, transpile: 16.48ms, gates: {'rz': 77, 'cx': 57, 'sx': 24, 'x': 1, 'measure': 1})
  Run 2/5: EquivalenceCriterion.equivalent_up_to_global_phase (import: 0.96ms, transpile: 13.41ms, gates: {'rz': 77, 'cx': 57, 'sx': 24, 'x': 1, 'measure': 1})
  Run 3/5: EquivalenceCriterion.equivalent_up_to_global_phase (import: 0.95ms, transpile: 12.42ms, gates: {'rz': 77, 'cx': 57, 'sx': 24, 'x': 1, 'measure': 1})
  Run 4/5: EquivalenceCriterion.equivalent_up_to_global_phase (import: 1.02ms, transpile: 12.93ms, gates: {'rz': 77, 'cx': 57, 'sx': 24, 'x': 1, 'measure': 1})
  Run 5/5: EquivalenceCriterion.equivalent_up_to_global_phase (import: 1.01ms, transpile: 12.58ms, gates: {'rz': 77, 'cx': 57, 'sx': 24, 'x': 1, 'measure': 1})
Running 5 transpilation tests on hhl_07...
  Run 1/5: EquivalenceCriterion.equivalent_up_to_global_phase (import: 1.13ms, transpile: 14.81ms, gates: {'rz': 102, 'cx': 78, 'sx': 28, 'x': 1, 'measure': 1})
  Run 2/5: EquivalenceCriterion.equivalent_up_to_global_phase (import: 1.16ms, transpile: 15.10ms, gates: {'rz': 102, 'cx': 78, 'sx': 28, 'x': 1, 'measure': 1})
  Run 3/5: EquivalenceCriterion.equivalent_up_to_global_phase (import: 1.36ms, transpile: 18.53ms, gates: {'rz': 102, 'cx': 78, 'sx': 28, 'x': 1, 'measure': 1})
  Run 4/5: EquivalenceCriterion.equivalent_up_to_global_phase (import: 1.12ms, transpile: 12.09ms, gates: {'rz': 102, 'cx': 78, 'sx': 28, 'x': 1, 'measure': 1})
  Run 5/5: EquivalenceCriterion.equivalent_up_to_global_phase (import: 1.67ms, transpile: 15.04ms, gates: {'rz': 102, 'cx': 78, 'sx': 28, 'x': 1, 'measure': 1})
Running 5 transpilation tests on hhl_08...
  Run 1/5: EquivalenceCriterion.equivalent_up_to_global_phase (import: 1.10ms, transpile: 16.00ms, gates: {'rz': 135, 'cx': 109, 'sx': 32, 'x': 1, 'measure': 1})
  Run 2/5: EquivalenceCriterion.equivalent_up_to_global_phase (import: 1.21ms, transpile: 15.60ms, gates: {'rz': 135, 'cx': 109, 'sx': 32, 'x': 1, 'measure': 1})
  Run 3/5: EquivalenceCriterion.equivalent_up_to_global_phase (import: 1.09ms, transpile: 16.10ms, gates: {'rz': 135, 'cx': 109, 'sx': 32, 'x': 1, 'measure': 1})
  Run 4/5: EquivalenceCriterion.equivalent_up_to_global_phase (import: 1.72ms, transpile: 14.62ms, gates: {'rz': 135, 'cx': 109, 'sx': 32, 'x': 1, 'measure': 1})
  Run 5/5: EquivalenceCriterion.equivalent_up_to_global_phase (import: 1.45ms, transpile: 18.60ms, gates: {'rz': 135, 'cx': 109, 'sx': 32, 'x': 1, 'measure': 1})
Running 5 transpilation tests on grover_02...
  Run 1/5: EquivalenceCriterion.equivalent_up_to_global_phase (import: 0.47ms, transpile: 12.01ms, gates: {'rz': 6, 'sx': 3, 'measure': 2, 'cx': 1, 'barrier': 1})
  Run 2/5: EquivalenceCriterion.equivalent_up_to_global_phase (import: 0.78ms, transpile: 15.32ms, gates: {'rz': 6, 'sx': 3, 'measure': 2, 'cx': 1, 'barrier': 1})
  Run 3/5: EquivalenceCriterion.equivalent_up_to_global_phase (import: 0.58ms, transpile: 17.56ms, gates: {'rz': 6, 'sx': 3, 'measure': 2, 'cx': 1, 'barrier': 1})
  Run 4/5: EquivalenceCriterion.equivalent_up_to_global_phase (import: 0.78ms, transpile: 13.63ms, gates: {'rz': 6, 'sx': 3, 'measure': 2, 'cx': 1, 'barrier': 1})
  Run 5/5: EquivalenceCriterion.equivalent_up_to_global_phase (import: 0.73ms, transpile: 14.05ms, gates: {'rz': 6, 'sx': 3, 'measure': 2, 'cx': 1, 'barrier': 1})
Running 5 transpilation tests on grover_03...
  Run 1/5: EquivalenceCriterion.equivalent_up_to_global_phase (import: 0.70ms, transpile: 8.93ms, gates: {'rz': 16, 'sx': 8, 'cx': 6, 'measure': 3, 'x': 1, 'barrier': 1})
  Run 2/5: EquivalenceCriterion.equivalent_up_to_global_phase (import: 0.59ms, transpile: 8.03ms, gates: {'rz': 16, 'sx': 8, 'cx': 6, 'measure': 3, 'x': 1, 'barrier': 1})
  Run 3/5: EquivalenceCriterion.equivalent_up_to_global_phase (import: 0.79ms, transpile: 10.74ms, gates: {'rz': 16, 'sx': 8, 'cx': 6, 'measure': 3, 'x': 1, 'barrier': 1})
  Run 4/5: EquivalenceCriterion.equivalent_up_to_global_phase (import: 0.79ms, transpile: 11.96ms, gates: {'rz': 16, 'sx': 8, 'cx': 6, 'measure': 3, 'x': 1, 'barrier': 1})
  Run 5/5: EquivalenceCriterion.equivalent_up_to_global_phase (import: 0.69ms, transpile: 9.06ms, gates: {'rz': 16, 'sx': 8, 'cx': 6, 'measure': 3, 'x': 1, 'barrier': 1})
Running 5 transpilation tests on grover_04...
  Run 1/5: EquivalenceCriterion.equivalent_up_to_global_phase (import: 0.89ms, transpile: 18.14ms, gates: {'rz': 79, 'cx': 52, 'sx': 23, 'measure': 4, 'barrier': 1})
  Run 2/5: EquivalenceCriterion.equivalent_up_to_global_phase (import: 1.11ms, transpile: 14.74ms, gates: {'rz': 79, 'cx': 52, 'sx': 23, 'measure': 4, 'barrier': 1})
  Run 3/5: EquivalenceCriterion.equivalent_up_to_global_phase (import: 0.69ms, transpile: 12.72ms, gates: {'rz': 79, 'cx': 52, 'sx': 23, 'measure': 4, 'barrier': 1})
  Run 4/5: EquivalenceCriterion.equivalent_up_to_global_phase (import: 0.64ms, transpile: 17.39ms, gates: {'rz': 79, 'cx': 52, 'sx': 23, 'measure': 4, 'barrier': 1})
  Run 5/5: EquivalenceCriterion.equivalent_up_to_global_phase (import: 0.89ms, transpile: 14.44ms, gates: {'rz': 79, 'cx': 52, 'sx': 23, 'measure': 4, 'barrier': 1})
Running 5 transpilation tests on grover_05...
  Run 1/5: EquivalenceCriterion.equivalent_up_to_global_phase (import: 0.74ms, transpile: 28.15ms, gates: {'rz': 241, 'cx': 168, 'sx': 70, 'measure': 5, 'x': 3, 'barrier': 1})
  Run 2/5: EquivalenceCriterion.equivalent_up_to_global_phase (import: 0.91ms, transpile: 16.87ms, gates: {'rz': 241, 'cx': 168, 'sx': 70, 'measure': 5, 'x': 3, 'barrier': 1})
  Run 3/5: EquivalenceCriterion.equivalent_up_to_global_phase (import: 0.91ms, transpile: 17.60ms, gates: {'rz': 241, 'cx': 168, 'sx': 70, 'measure': 5, 'x': 3, 'barrier': 1})
  Run 4/5: EquivalenceCriterion.equivalent_up_to_global_phase (import: 1.39ms, transpile: 18.46ms, gates: {'rz': 241, 'cx': 168, 'sx': 70, 'measure': 5, 'x': 3, 'barrier': 1})
  Run 5/5: EquivalenceCriterion.equivalent_up_to_global_phase (import: 1.06ms, transpile: 19.24ms, gates: {'rz': 241, 'cx': 168, 'sx': 70, 'measure': 5, 'x': 3, 'barrier': 1})
Running 5 transpilation tests on grover_06...
  Run 1/5: EquivalenceCriterion.equivalent_up_to_global_phase (import: 1.32ms, transpile: 34.08ms, gates: {'rz': 635, 'cx': 480, 'sx': 149, 'measure': 6, 'barrier': 1})
  Run 2/5: EquivalenceCriterion.equivalent_up_to_global_phase (import: 1.22ms, transpile: 34.09ms, gates: {'rz': 635, 'cx': 480, 'sx': 149, 'measure': 6, 'barrier': 1})
  Run 3/5: EquivalenceCriterion.equivalent_up_to_global_phase (import: 2.31ms, transpile: 32.58ms, gates: {'rz': 635, 'cx': 480, 'sx': 149, 'measure': 6, 'barrier': 1})
  Run 4/5: EquivalenceCriterion.equivalent_up_to_global_phase (import: 0.98ms, transpile: 40.27ms, gates: {'rz': 635, 'cx': 480, 'sx': 149, 'measure': 6, 'barrier': 1})
  Run 5/5: EquivalenceCriterion.equivalent_up_to_global_phase (import: 1.06ms, transpile: 40.70ms, gates: {'rz': 635, 'cx': 480, 'sx': 149, 'measure': 6, 'barrier': 1})
Running 5 transpilation tests on grover_07...
  Run 1/5: EquivalenceCriterion.equivalent_up_to_global_phase (import: 1.72ms, transpile: 85.12ms, gates: {'rz': 1699, 'cx': 1322, 'sx': 376, 'x': 11, 'measure': 7, 'barrier': 1})
  Run 2/5: EquivalenceCriterion.equivalent_up_to_global_phase (import: 1.73ms, transpile: 75.93ms, gates: {'rz': 1699, 'cx': 1322, 'sx': 376, 'x': 11, 'measure': 7, 'barrier': 1})
  Run 3/5: EquivalenceCriterion.equivalent_up_to_global_phase (import: 2.21ms, transpile: 75.09ms, gates: {'rz': 1699, 'cx': 1322, 'sx': 376, 'x': 11, 'measure': 7, 'barrier': 1})
  Run 4/5: EquivalenceCriterion.equivalent_up_to_global_phase (import: 1.86ms, transpile: 77.16ms, gates: {'rz': 1699, 'cx': 1322, 'sx': 376, 'x': 11, 'measure': 7, 'barrier': 1})
  Run 5/5: EquivalenceCriterion.equivalent_up_to_global_phase (import: 1.35ms, transpile: 77.69ms, gates: {'rz': 1699, 'cx': 1322, 'sx': 376, 'x': 11, 'measure': 7, 'barrier': 1})
Running 5 transpilation tests on grover_08...
  Run 1/5: EquivalenceCriterion.equivalent_up_to_global_phase (import: 2.05ms, transpile: 155.56ms, gates: {'rz': 3584, 'cx': 2864, 'sx': 759, 'x': 8, 'measure': 8, 'barrier': 1})
  Run 2/5: EquivalenceCriterion.equivalent_up_to_global_phase (import: 2.36ms, transpile: 158.13ms, gates: {'rz': 3584, 'cx': 2864, 'sx': 759, 'x': 8, 'measure': 8, 'barrier': 1})
  Run 3/5: EquivalenceCriterion.equivalent_up_to_global_phase (import: 2.67ms, transpile: 172.45ms, gates: {'rz': 3584, 'cx': 2864, 'sx': 759, 'x': 8, 'measure': 8, 'barrier': 1})
  Run 4/5: EquivalenceCriterion.equivalent_up_to_global_phase (import: 1.85ms, transpile: 160.09ms, gates: {'rz': 3584, 'cx': 2864, 'sx': 759, 'x': 8, 'measure': 8, 'barrier': 1})
  Run 5/5: EquivalenceCriterion.equivalent_up_to_global_phase (import: 2.10ms, transpile: 154.86ms, gates: {'rz': 3584, 'cx': 2864, 'sx': 759, 'x': 8, 'measure': 8, 'barrier': 1})
Results saved to experiments/transpiler_result_20260611_143629_Qiskit_targeted_IBM_gateset.json
Processing SDK: Qiskit_targeted_Quantinuum_gateset
Running 5 transpilation tests on qaoa_02...
  Run 1/5: EquivalenceCriterion.equivalent (import: 0.36ms, transpile: 7.90ms, gates: {'rx': 6, 'ry': 2, 'rzz': 2})
  Run 2/5: EquivalenceCriterion.equivalent (import: 0.53ms, transpile: 6.80ms, gates: {'rx': 6, 'ry': 2, 'rzz': 2})
  Run 3/5: EquivalenceCriterion.equivalent (import: 0.47ms, transpile: 8.53ms, gates: {'rx': 6, 'ry': 2, 'rzz': 2})
  Run 4/5: EquivalenceCriterion.equivalent (import: 0.56ms, transpile: 10.41ms, gates: {'rx': 6, 'ry': 2, 'rzz': 2})
  Run 5/5: EquivalenceCriterion.equivalent (import: 0.82ms, transpile: 9.06ms, gates: {'rx': 6, 'ry': 2, 'rzz': 2})
Running 5 transpilation tests on qaoa_03...
  Run 1/5: EquivalenceCriterion.equivalent_up_to_global_phase (import: 0.41ms, transpile: 8.10ms, gates: {'rx': 9, 'rzz': 4, 'ry': 3})
  Run 2/5: EquivalenceCriterion.equivalent_up_to_global_phase (import: 0.61ms, transpile: 10.05ms, gates: {'rx': 9, 'rzz': 4, 'ry': 3})
  Run 3/5: EquivalenceCriterion.equivalent_up_to_global_phase (import: 0.85ms, transpile: 9.21ms, gates: {'rx': 9, 'rzz': 4, 'ry': 3})
  Run 4/5: EquivalenceCriterion.equivalent_up_to_global_phase (import: 0.51ms, transpile: 7.18ms, gates: {'rx': 9, 'rzz': 4, 'ry': 3})
  Run 5/5: EquivalenceCriterion.equivalent_up_to_global_phase (import: 0.51ms, transpile: 7.94ms, gates: {'rx': 9, 'rzz': 4, 'ry': 3})
Running 5 transpilation tests on qaoa_04...
  Run 1/5: EquivalenceCriterion.equivalent_up_to_global_phase (import: 0.38ms, transpile: 8.27ms, gates: {'rx': 9, 'ry': 4, 'rzz': 4, 'rz': 1})
  Run 2/5: EquivalenceCriterion.equivalent_up_to_global_phase (import: 0.52ms, transpile: 7.30ms, gates: {'rx': 9, 'ry': 4, 'rzz': 4, 'rz': 1})
  Run 3/5: EquivalenceCriterion.equivalent_up_to_global_phase (import: 0.63ms, transpile: 8.16ms, gates: {'rx': 9, 'ry': 4, 'rzz': 4, 'rz': 1})
  Run 4/5: EquivalenceCriterion.equivalent_up_to_global_phase (import: 0.63ms, transpile: 7.54ms, gates: {'rx': 9, 'ry': 4, 'rzz': 4, 'rz': 1})
  Run 5/5: EquivalenceCriterion.equivalent_up_to_global_phase (import: 0.51ms, transpile: 8.33ms, gates: {'rx': 9, 'ry': 4, 'rzz': 4, 'rz': 1})
Running 5 transpilation tests on qaoa_05...
  Run 1/5: EquivalenceCriterion.equivalent_up_to_global_phase (import: 0.59ms, transpile: 10.55ms, gates: {'rx': 15, 'rzz': 12, 'ry': 5})
  Run 2/5: EquivalenceCriterion.equivalent_up_to_global_phase (import: 0.98ms, transpile: 9.02ms, gates: {'rx': 15, 'rzz': 12, 'ry': 5})
  Run 3/5: EquivalenceCriterion.equivalent_up_to_global_phase (import: 0.63ms, transpile: 7.58ms, gates: {'rx': 15, 'rzz': 12, 'ry': 5})
  Run 4/5: EquivalenceCriterion.equivalent_up_to_global_phase (import: 0.72ms, transpile: 7.60ms, gates: {'rx': 15, 'rzz': 12, 'ry': 5})
  Run 5/5: EquivalenceCriterion.equivalent_up_to_global_phase (import: 0.61ms, transpile: 7.42ms, gates: {'rx': 15, 'rzz': 12, 'ry': 5})
Running 5 transpilation tests on qaoa_06...
  Run 1/5: EquivalenceCriterion.equivalent (import: 0.56ms, transpile: 9.62ms, gates: {'rx': 18, 'rzz': 14, 'ry': 6})
  Run 2/5: EquivalenceCriterion.equivalent (import: 0.71ms, transpile: 8.79ms, gates: {'rx': 18, 'rzz': 14, 'ry': 6})
  Run 3/5: EquivalenceCriterion.equivalent (import: 0.76ms, transpile: 8.41ms, gates: {'rx': 18, 'rzz': 14, 'ry': 6})
  Run 4/5: EquivalenceCriterion.equivalent (import: 0.78ms, transpile: 11.16ms, gates: {'rx': 18, 'rzz': 14, 'ry': 6})
  Run 5/5: EquivalenceCriterion.equivalent (import: 1.01ms, transpile: 8.57ms, gates: {'rx': 18, 'rzz': 14, 'ry': 6})
Running 5 transpilation tests on qaoa_07...
  Run 1/5: EquivalenceCriterion.equivalent_up_to_global_phase (import: 0.73ms, transpile: 8.93ms, gates: {'rzz': 24, 'rx': 21, 'ry': 7})
  Run 2/5: EquivalenceCriterion.equivalent_up_to_global_phase (import: 1.07ms, transpile: 14.91ms, gates: {'rzz': 24, 'rx': 21, 'ry': 7})
  Run 3/5: EquivalenceCriterion.equivalent_up_to_global_phase (import: 1.12ms, transpile: 10.63ms, gates: {'rzz': 24, 'rx': 21, 'ry': 7})
  Run 4/5: EquivalenceCriterion.equivalent_up_to_global_phase (import: 0.94ms, transpile: 10.07ms, gates: {'rzz': 24, 'rx': 21, 'ry': 7})
  Run 5/5: EquivalenceCriterion.equivalent_up_to_global_phase (import: 0.85ms, transpile: 11.28ms, gates: {'rzz': 24, 'rx': 21, 'ry': 7})
Running 5 transpilation tests on qaoa_08...
  Run 1/5: EquivalenceCriterion.equivalent (import: 0.62ms, transpile: 8.09ms, gates: {'rzz': 28, 'rx': 24, 'ry': 8})
  Run 2/5: EquivalenceCriterion.equivalent (import: 1.61ms, transpile: 11.06ms, gates: {'rzz': 28, 'rx': 24, 'ry': 8})
  Run 3/5: EquivalenceCriterion.equivalent (import: 0.97ms, transpile: 7.98ms, gates: {'rzz': 28, 'rx': 24, 'ry': 8})
  Run 4/5: EquivalenceCriterion.equivalent (import: 0.86ms, transpile: 12.44ms, gates: {'rzz': 28, 'rx': 24, 'ry': 8})
  Run 5/5: EquivalenceCriterion.equivalent (import: 0.85ms, transpile: 8.96ms, gates: {'rzz': 28, 'rx': 24, 'ry': 8})
Running 5 transpilation tests on qft_02...
  Run 1/5: EquivalenceCriterion.equivalent_up_to_global_phase (import: 0.44ms, transpile: 15.85ms, gates: {'rz': 8, 'ry': 4, 'rzz': 3, 'rx': 2, 'measure': 2, 'barrier': 1})
  Run 2/5: EquivalenceCriterion.equivalent_up_to_global_phase (import: 0.65ms, transpile: 14.17ms, gates: {'rz': 8, 'ry': 4, 'rzz': 3, 'rx': 2, 'measure': 2, 'barrier': 1})
  Run 3/5: EquivalenceCriterion.equivalent_up_to_global_phase (import: 0.52ms, transpile: 10.90ms, gates: {'rz': 8, 'ry': 4, 'rzz': 3, 'rx': 2, 'measure': 2, 'barrier': 1})
  Run 4/5: EquivalenceCriterion.equivalent_up_to_global_phase (import: 0.53ms, transpile: 10.75ms, gates: {'rz': 8, 'ry': 4, 'rzz': 3, 'rx': 2, 'measure': 2, 'barrier': 1})
  Run 5/5: EquivalenceCriterion.equivalent_up_to_global_phase (import: 0.52ms, transpile: 10.66ms, gates: {'rz': 8, 'ry': 4, 'rzz': 3, 'rx': 2, 'measure': 2, 'barrier': 1})
Running 5 transpilation tests on qft_03...
  Run 1/5: EquivalenceCriterion.equivalent_up_to_global_phase (import: 0.46ms, transpile: 9.13ms, gates: {'rz': 12, 'ry': 9, 'rzz': 6, 'measure': 3, 'rx': 1, 'barrier': 1})
  Run 2/5: EquivalenceCriterion.equivalent_up_to_global_phase (import: 0.59ms, transpile: 8.22ms, gates: {'rz': 12, 'ry': 9, 'rzz': 6, 'measure': 3, 'rx': 1, 'barrier': 1})
  Run 3/5: EquivalenceCriterion.equivalent_up_to_global_phase (import: 0.49ms, transpile: 7.98ms, gates: {'rz': 12, 'ry': 9, 'rzz': 6, 'measure': 3, 'rx': 1, 'barrier': 1})
  Run 4/5: EquivalenceCriterion.equivalent_up_to_global_phase (import: 0.53ms, transpile: 10.51ms, gates: {'rz': 12, 'ry': 9, 'rzz': 6, 'measure': 3, 'rx': 1, 'barrier': 1})
  Run 5/5: EquivalenceCriterion.equivalent_up_to_global_phase (import: 0.93ms, transpile: 11.52ms, gates: {'rz': 12, 'ry': 9, 'rzz': 6, 'measure': 3, 'rx': 1, 'barrier': 1})
Running 5 transpilation tests on qft_04...
  Run 1/5: EquivalenceCriterion.equivalent_up_to_global_phase (import: 0.55ms, transpile: 12.05ms, gates: {'rz': 24, 'ry': 16, 'rzz': 12, 'measure': 4, 'rx': 1, 'barrier': 1})
  Run 2/5: EquivalenceCriterion.equivalent_up_to_global_phase (import: 0.93ms, transpile: 12.61ms, gates: {'rz': 24, 'ry': 16, 'rzz': 12, 'measure': 4, 'rx': 1, 'barrier': 1})
  Run 3/5: EquivalenceCriterion.equivalent_up_to_global_phase (import: 0.80ms, transpile: 13.36ms, gates: {'rz': 24, 'ry': 16, 'rzz': 12, 'measure': 4, 'rx': 1, 'barrier': 1})
  Run 4/5: EquivalenceCriterion.equivalent_up_to_global_phase (import: 0.59ms, transpile: 10.52ms, gates: {'rz': 24, 'ry': 16, 'rzz': 12, 'measure': 4, 'rx': 1, 'barrier': 1})
  Run 5/5: EquivalenceCriterion.equivalent_up_to_global_phase (import: 0.66ms, transpile: 9.76ms, gates: {'rz': 24, 'ry': 16, 'rzz': 12, 'measure': 4, 'rx': 1, 'barrier': 1})
Running 5 transpilation tests on qft_05...
  Run 1/5: EquivalenceCriterion.equivalent_up_to_global_phase (import: 0.55ms, transpile: 11.00ms, gates: {'rz': 32, 'ry': 17, 'rzz': 16, 'measure': 5, 'rx': 1, 'barrier': 1})
  Run 2/5: EquivalenceCriterion.equivalent_up_to_global_phase (import: 0.88ms, transpile: 12.06ms, gates: {'rz': 32, 'ry': 17, 'rzz': 16, 'measure': 5, 'rx': 1, 'barrier': 1})
  Run 3/5: EquivalenceCriterion.equivalent_up_to_global_phase (import: 0.73ms, transpile: 11.52ms, gates: {'rz': 32, 'ry': 17, 'rzz': 16, 'measure': 5, 'rx': 1, 'barrier': 1})
  Run 4/5: EquivalenceCriterion.equivalent_up_to_global_phase (import: 0.61ms, transpile: 9.16ms, gates: {'rz': 32, 'ry': 17, 'rzz': 16, 'measure': 5, 'rx': 1, 'barrier': 1})
  Run 5/5: EquivalenceCriterion.equivalent_up_to_global_phase (import: 0.63ms, transpile: 9.43ms, gates: {'rz': 32, 'ry': 17, 'rzz': 16, 'measure': 5, 'rx': 1, 'barrier': 1})
Running 5 transpilation tests on qft_06...
  Run 1/5: EquivalenceCriterion.equivalent_up_to_global_phase (import: 0.41ms, transpile: 10.02ms, gates: {'rz': 48, 'ry': 24, 'rzz': 24, 'measure': 6, 'rx': 1, 'barrier': 1})
  Run 2/5: EquivalenceCriterion.equivalent_up_to_global_phase (import: 0.58ms, transpile: 16.51ms, gates: {'rz': 48, 'ry': 24, 'rzz': 24, 'measure': 6, 'rx': 1, 'barrier': 1})
  Run 3/5: EquivalenceCriterion.equivalent_up_to_global_phase (import: 0.66ms, transpile: 12.32ms, gates: {'rz': 48, 'ry': 24, 'rzz': 24, 'measure': 6, 'rx': 1, 'barrier': 1})
  Run 4/5: EquivalenceCriterion.equivalent_up_to_global_phase (import: 0.75ms, transpile: 10.36ms, gates: {'rz': 48, 'ry': 24, 'rzz': 24, 'measure': 6, 'rx': 1, 'barrier': 1})
  Run 5/5: EquivalenceCriterion.equivalent_up_to_global_phase (import: 0.54ms, transpile: 9.86ms, gates: {'rz': 48, 'ry': 24, 'rzz': 24, 'measure': 6, 'rx': 1, 'barrier': 1})
Running 5 transpilation tests on qft_07...
  Run 1/5: EquivalenceCriterion.equivalent_up_to_global_phase (import: 0.42ms, transpile: 12.02ms, gates: {'rz': 60, 'rzz': 30, 'ry': 25, 'measure': 7, 'rx': 1, 'barrier': 1})
  Run 2/5: EquivalenceCriterion.equivalent_up_to_global_phase (import: 0.63ms, transpile: 10.29ms, gates: {'rz': 60, 'rzz': 30, 'ry': 25, 'measure': 7, 'rx': 1, 'barrier': 1})
  Run 3/5: EquivalenceCriterion.equivalent_up_to_global_phase (import: 0.56ms, transpile: 13.15ms, gates: {'rz': 60, 'rzz': 30, 'ry': 25, 'measure': 7, 'rx': 1, 'barrier': 1})
  Run 4/5: EquivalenceCriterion.equivalent_up_to_global_phase (import: 1.14ms, transpile: 17.12ms, gates: {'rz': 60, 'rzz': 30, 'ry': 25, 'measure': 7, 'rx': 1, 'barrier': 1})
  Run 5/5: EquivalenceCriterion.equivalent_up_to_global_phase (import: 0.82ms, transpile: 11.85ms, gates: {'rz': 60, 'rzz': 30, 'ry': 25, 'measure': 7, 'rx': 1, 'barrier': 1})
Running 5 transpilation tests on qft_08...
  Run 1/5: EquivalenceCriterion.equivalent_up_to_global_phase (import: 0.50ms, transpile: 13.26ms, gates: {'rz': 80, 'rzz': 40, 'ry': 32, 'measure': 8, 'rx': 1, 'barrier': 1})
  Run 2/5: EquivalenceCriterion.equivalent_up_to_global_phase (import: 0.67ms, transpile: 11.09ms, gates: {'rz': 80, 'rzz': 40, 'ry': 32, 'measure': 8, 'rx': 1, 'barrier': 1})
  Run 3/5: EquivalenceCriterion.equivalent_up_to_global_phase (import: 0.71ms, transpile: 14.03ms, gates: {'rz': 80, 'rzz': 40, 'ry': 32, 'measure': 8, 'rx': 1, 'barrier': 1})
  Run 4/5: EquivalenceCriterion.equivalent_up_to_global_phase (import: 0.77ms, transpile: 10.57ms, gates: {'rz': 80, 'rzz': 40, 'ry': 32, 'measure': 8, 'rx': 1, 'barrier': 1})
  Run 5/5: EquivalenceCriterion.equivalent_up_to_global_phase (import: 0.66ms, transpile: 10.99ms, gates: {'rz': 80, 'rzz': 40, 'ry': 32, 'measure': 8, 'rx': 1, 'barrier': 1})
Running 5 transpilation tests on randomcircuit_02...
  Run 1/5: EquivalenceCriterion.equivalent_up_to_global_phase (import: 0.40ms, transpile: 10.78ms, gates: {'rz': 5, 'rx': 4, 'ry': 2, 'rzz': 2, 'measure': 2, 'barrier': 1})
  Run 2/5: EquivalenceCriterion.equivalent_up_to_global_phase (import: 0.67ms, transpile: 10.73ms, gates: {'rz': 5, 'rx': 4, 'ry': 2, 'rzz': 2, 'measure': 2, 'barrier': 1})
  Run 3/5: EquivalenceCriterion.equivalent_up_to_global_phase (import: 1.03ms, transpile: 12.28ms, gates: {'rz': 5, 'rx': 4, 'ry': 2, 'rzz': 2, 'measure': 2, 'barrier': 1})
  Run 4/5: EquivalenceCriterion.equivalent_up_to_global_phase (import: 0.59ms, transpile: 14.81ms, gates: {'rz': 5, 'rx': 4, 'ry': 2, 'rzz': 2, 'measure': 2, 'barrier': 1})
  Run 5/5: EquivalenceCriterion.equivalent_up_to_global_phase (import: 0.71ms, transpile: 18.89ms, gates: {'rz': 5, 'rx': 4, 'ry': 2, 'rzz': 2, 'measure': 2, 'barrier': 1})
Running 5 transpilation tests on randomcircuit_03...
  Run 1/5: EquivalenceCriterion.equivalent_up_to_global_phase (import: 0.62ms, transpile: 16.58ms, gates: {'rz': 29, 'ry': 20, 'rzz': 17, 'rx': 11, 'measure': 3, 'barrier': 1})
  Run 2/5: EquivalenceCriterion.equivalent_up_to_global_phase (import: 0.75ms, transpile: 11.81ms, gates: {'rz': 29, 'ry': 20, 'rzz': 17, 'rx': 11, 'measure': 3, 'barrier': 1})
  Run 3/5: EquivalenceCriterion.equivalent_up_to_global_phase (import: 0.94ms, transpile: 12.78ms, gates: {'rz': 29, 'ry': 20, 'rzz': 17, 'rx': 11, 'measure': 3, 'barrier': 1})
  Run 4/5: EquivalenceCriterion.equivalent_up_to_global_phase (import: 0.80ms, transpile: 12.18ms, gates: {'rz': 29, 'ry': 20, 'rzz': 17, 'rx': 11, 'measure': 3, 'barrier': 1})
  Run 5/5: EquivalenceCriterion.equivalent_up_to_global_phase (import: 0.62ms, transpile: 16.53ms, gates: {'rz': 29, 'ry': 20, 'rzz': 17, 'rx': 11, 'measure': 3, 'barrier': 1})
Running 5 transpilation tests on randomcircuit_04...
  Run 1/5: EquivalenceCriterion.equivalent_up_to_global_phase (import: 0.51ms, transpile: 19.50ms, gates: {'rz': 77, 'ry': 46, 'rzz': 42, 'rx': 20, 'measure': 4, 'barrier': 1})
  Run 2/5: EquivalenceCriterion.equivalent_up_to_global_phase (import: 0.77ms, transpile: 17.82ms, gates: {'rz': 77, 'ry': 46, 'rzz': 42, 'rx': 20, 'measure': 4, 'barrier': 1})
  Run 3/5: EquivalenceCriterion.equivalent_up_to_global_phase (import: 0.61ms, transpile: 15.27ms, gates: {'rz': 77, 'ry': 46, 'rzz': 42, 'rx': 20, 'measure': 4, 'barrier': 1})
  Run 4/5: EquivalenceCriterion.equivalent_up_to_global_phase (import: 0.70ms, transpile: 17.07ms, gates: {'rz': 77, 'ry': 46, 'rzz': 42, 'rx': 20, 'measure': 4, 'barrier': 1})
  Run 5/5: EquivalenceCriterion.equivalent_up_to_global_phase (import: 0.82ms, transpile: 15.74ms, gates: {'rz': 77, 'ry': 46, 'rzz': 42, 'rx': 20, 'measure': 4, 'barrier': 1})
Running 5 transpilation tests on randomcircuit_05...
  Run 1/5: EquivalenceCriterion.equivalent_up_to_global_phase (import: 1.35ms, transpile: 21.56ms, gates: {'rz': 81, 'ry': 47, 'rzz': 46, 'rx': 20, 'measure': 5, 'barrier': 1})
  Run 2/5: EquivalenceCriterion.equivalent_up_to_global_phase (import: 0.89ms, transpile: 22.61ms, gates: {'rz': 81, 'ry': 47, 'rzz': 46, 'rx': 20, 'measure': 5, 'barrier': 1})
  Run 3/5: EquivalenceCriterion.equivalent_up_to_global_phase (import: 0.86ms, transpile: 21.79ms, gates: {'rz': 81, 'ry': 47, 'rzz': 46, 'rx': 20, 'measure': 5, 'barrier': 1})
  Run 4/5: EquivalenceCriterion.equivalent_up_to_global_phase (import: 0.99ms, transpile: 21.42ms, gates: {'rz': 81, 'ry': 47, 'rzz': 46, 'rx': 20, 'measure': 5, 'barrier': 1})
  Run 5/5: EquivalenceCriterion.equivalent_up_to_global_phase (import: 1.07ms, transpile: 27.22ms, gates: {'rz': 81, 'ry': 47, 'rzz': 46, 'rx': 20, 'measure': 5, 'barrier': 1})
Running 5 transpilation tests on randomcircuit_06...
  Run 1/5: EquivalenceCriterion.equivalent_up_to_global_phase (import: 0.60ms, transpile: 19.53ms, gates: {'rz': 130, 'ry': 83, 'rzz': 75, 'rx': 35, 'measure': 6, 'barrier': 1})
  Run 2/5: EquivalenceCriterion.equivalent_up_to_global_phase (import: 0.78ms, transpile: 20.48ms, gates: {'rz': 130, 'ry': 83, 'rzz': 75, 'rx': 35, 'measure': 6, 'barrier': 1})
  Run 3/5: EquivalenceCriterion.equivalent_up_to_global_phase (import: 1.04ms, transpile: 26.00ms, gates: {'rz': 130, 'ry': 83, 'rzz': 75, 'rx': 35, 'measure': 6, 'barrier': 1})
  Run 4/5: EquivalenceCriterion.equivalent_up_to_global_phase (import: 1.04ms, transpile: 22.47ms, gates: {'rz': 130, 'ry': 83, 'rzz': 75, 'rx': 35, 'measure': 6, 'barrier': 1})
  Run 5/5: EquivalenceCriterion.equivalent_up_to_global_phase (import: 0.95ms, transpile: 18.87ms, gates: {'rz': 130, 'ry': 83, 'rzz': 75, 'rx': 35, 'measure': 6, 'barrier': 1})
Running 5 transpilation tests on randomcircuit_07...
  Run 1/5: EquivalenceCriterion.equivalent_up_to_global_phase (import: 1.20ms, transpile: 30.59ms, gates: {'rz': 210, 'ry': 138, 'rzz': 124, 'rx': 70, 'measure': 7, 'barrier': 1})
  Run 2/5: EquivalenceCriterion.equivalent_up_to_global_phase (import: 1.71ms, transpile: 31.00ms, gates: {'rz': 210, 'ry': 138, 'rzz': 124, 'rx': 70, 'measure': 7, 'barrier': 1})
  Run 3/5: EquivalenceCriterion.equivalent_up_to_global_phase (import: 1.08ms, transpile: 27.45ms, gates: {'rz': 210, 'ry': 138, 'rzz': 124, 'rx': 70, 'measure': 7, 'barrier': 1})
  Run 4/5: EquivalenceCriterion.equivalent_up_to_global_phase (import: 1.16ms, transpile: 28.35ms, gates: {'rz': 210, 'ry': 138, 'rzz': 124, 'rx': 70, 'measure': 7, 'barrier': 1})
  Run 5/5: EquivalenceCriterion.equivalent_up_to_global_phase (import: 2.08ms, transpile: 33.06ms, gates: {'rz': 210, 'ry': 138, 'rzz': 124, 'rx': 70, 'measure': 7, 'barrier': 1})
Running 5 transpilation tests on randomcircuit_08...
  Run 1/5: EquivalenceCriterion.equivalent_up_to_global_phase (import: 0.89ms, transpile: 37.21ms, gates: {'rz': 311, 'ry': 194, 'rzz': 178, 'rx': 93, 'measure': 8, 'barrier': 1})
  Run 2/5: EquivalenceCriterion.equivalent_up_to_global_phase (import: 1.78ms, transpile: 32.74ms, gates: {'rz': 311, 'ry': 194, 'rzz': 178, 'rx': 93, 'measure': 8, 'barrier': 1})
  Run 3/5: EquivalenceCriterion.equivalent_up_to_global_phase (import: 1.21ms, transpile: 31.48ms, gates: {'rz': 311, 'ry': 194, 'rzz': 178, 'rx': 93, 'measure': 8, 'barrier': 1})
  Run 4/5: EquivalenceCriterion.equivalent_up_to_global_phase (import: 1.43ms, transpile: 37.46ms, gates: {'rz': 311, 'ry': 194, 'rzz': 178, 'rx': 93, 'measure': 8, 'barrier': 1})
  Run 5/5: EquivalenceCriterion.equivalent_up_to_global_phase (import: 1.03ms, transpile: 34.04ms, gates: {'rz': 311, 'ry': 194, 'rzz': 178, 'rx': 93, 'measure': 8, 'barrier': 1})
Running 5 transpilation tests on vqe_real_amp_02...
  Run 1/5: EquivalenceCriterion.equivalent_up_to_global_phase (import: 0.52ms, transpile: 10.28ms, gates: {'rz': 7, 'ry': 5, 'rzz': 3, 'rx': 3, 'measure': 2, 'barrier': 1})
The ZX checker suggests that the circuits are not equivalent, but the simulation checker suggests that they are probably equivalent. Thus, no conclusion can be drawn.
  Run 2/5: EquivalenceCriterion.no_information (import: 0.53ms, transpile: 8.07ms, gates: {'rz': 7, 'ry': 5, 'rzz': 3, 'rx': 3, 'measure': 2, 'barrier': 1})
  Run 3/5: EquivalenceCriterion.equivalent_up_to_global_phase (import: 0.52ms, transpile: 8.60ms, gates: {'rz': 7, 'ry': 5, 'rzz': 3, 'rx': 3, 'measure': 2, 'barrier': 1})
  Run 4/5: EquivalenceCriterion.equivalent_up_to_global_phase (import: 0.52ms, transpile: 9.50ms, gates: {'rz': 7, 'ry': 5, 'rzz': 3, 'rx': 3, 'measure': 2, 'barrier': 1})
  Run 5/5: EquivalenceCriterion.equivalent_up_to_global_phase (import: 0.83ms, transpile: 10.38ms, gates: {'rz': 7, 'ry': 5, 'rzz': 3, 'rx': 3, 'measure': 2, 'barrier': 1})
Running 5 transpilation tests on vqe_real_amp_03...
  Run 1/5: EquivalenceCriterion.equivalent_up_to_global_phase (import: 0.48ms, transpile: 7.98ms, gates: {'ry': 15, 'rz': 13, 'rzz': 6, 'measure': 3, 'barrier': 1})
  Run 2/5: EquivalenceCriterion.equivalent_up_to_global_phase (import: 0.61ms, transpile: 7.38ms, gates: {'ry': 15, 'rz': 13, 'rzz': 6, 'measure': 3, 'barrier': 1})
  Run 3/5: EquivalenceCriterion.equivalent_up_to_global_phase (import: 0.62ms, transpile: 7.63ms, gates: {'ry': 15, 'rz': 13, 'rzz': 6, 'measure': 3, 'barrier': 1})
  Run 4/5: EquivalenceCriterion.equivalent_up_to_global_phase (import: 0.66ms, transpile: 8.17ms, gates: {'ry': 15, 'rz': 13, 'rzz': 6, 'measure': 3, 'barrier': 1})
  Run 5/5: EquivalenceCriterion.equivalent_up_to_global_phase (import: 0.59ms, transpile: 7.74ms, gates: {'ry': 15, 'rz': 13, 'rzz': 6, 'measure': 3, 'barrier': 1})
Running 5 transpilation tests on vqe_real_amp_04...
  Run 1/5: EquivalenceCriterion.equivalent_up_to_global_phase (import: 0.53ms, transpile: 7.63ms, gates: {'ry': 22, 'rz': 19, 'rzz': 9, 'measure': 4, 'barrier': 1})
  Run 2/5: EquivalenceCriterion.equivalent_up_to_global_phase (import: 0.72ms, transpile: 10.67ms, gates: {'ry': 22, 'rz': 19, 'rzz': 9, 'measure': 4, 'barrier': 1})
  Run 3/5: EquivalenceCriterion.equivalent_up_to_global_phase (import: 0.90ms, transpile: 13.65ms, gates: {'ry': 22, 'rz': 19, 'rzz': 9, 'measure': 4, 'barrier': 1})
  Run 4/5: EquivalenceCriterion.equivalent_up_to_global_phase (import: 1.17ms, transpile: 10.87ms, gates: {'ry': 22, 'rz': 19, 'rzz': 9, 'measure': 4, 'barrier': 1})
  Run 5/5: EquivalenceCriterion.equivalent_up_to_global_phase (import: 0.62ms, transpile: 8.23ms, gates: {'ry': 22, 'rz': 19, 'rzz': 9, 'measure': 4, 'barrier': 1})
Running 5 transpilation tests on vqe_real_amp_05...
  Run 1/5: EquivalenceCriterion.equivalent_up_to_global_phase (import: 0.59ms, transpile: 8.79ms, gates: {'ry': 29, 'rz': 25, 'rzz': 12, 'measure': 5, 'barrier': 1})
  Run 2/5: EquivalenceCriterion.equivalent_up_to_global_phase (import: 0.80ms, transpile: 9.52ms, gates: {'ry': 29, 'rz': 25, 'rzz': 12, 'measure': 5, 'barrier': 1})
  Run 3/5: EquivalenceCriterion.equivalent_up_to_global_phase (import: 0.67ms, transpile: 8.61ms, gates: {'ry': 29, 'rz': 25, 'rzz': 12, 'measure': 5, 'barrier': 1})
  Run 4/5: EquivalenceCriterion.equivalent_up_to_global_phase (import: 0.74ms, transpile: 10.69ms, gates: {'ry': 29, 'rz': 25, 'rzz': 12, 'measure': 5, 'barrier': 1})
  Run 5/5: EquivalenceCriterion.equivalent_up_to_global_phase (import: 0.99ms, transpile: 11.06ms, gates: {'ry': 29, 'rz': 25, 'rzz': 12, 'measure': 5, 'barrier': 1})
Running 5 transpilation tests on vqe_real_amp_06...
  Run 1/5: EquivalenceCriterion.equivalent_up_to_global_phase (import: 0.59ms, transpile: 11.26ms, gates: {'ry': 36, 'rz': 31, 'rzz': 15, 'measure': 6, 'barrier': 1})
  Run 2/5: EquivalenceCriterion.equivalent_up_to_global_phase (import: 0.79ms, transpile: 8.52ms, gates: {'ry': 36, 'rz': 31, 'rzz': 15, 'measure': 6, 'barrier': 1})
  Run 3/5: EquivalenceCriterion.equivalent_up_to_global_phase (import: 0.81ms, transpile: 8.53ms, gates: {'ry': 36, 'rz': 31, 'rzz': 15, 'measure': 6, 'barrier': 1})
  Run 4/5: EquivalenceCriterion.equivalent_up_to_global_phase (import: 0.77ms, transpile: 8.39ms, gates: {'ry': 36, 'rz': 31, 'rzz': 15, 'measure': 6, 'barrier': 1})
  Run 5/5: EquivalenceCriterion.equivalent_up_to_global_phase (import: 0.87ms, transpile: 8.83ms, gates: {'ry': 36, 'rz': 31, 'rzz': 15, 'measure': 6, 'barrier': 1})
Running 5 transpilation tests on vqe_real_amp_07...
  Run 1/5: EquivalenceCriterion.equivalent_up_to_global_phase (import: 0.82ms, transpile: 11.16ms, gates: {'ry': 43, 'rz': 37, 'rzz': 18, 'measure': 7, 'barrier': 1})
  Run 2/5: EquivalenceCriterion.equivalent_up_to_global_phase (import: 1.16ms, transpile: 14.61ms, gates: {'ry': 43, 'rz': 37, 'rzz': 18, 'measure': 7, 'barrier': 1})
  Run 3/5: EquivalenceCriterion.equivalent_up_to_global_phase (import: 0.80ms, transpile: 8.41ms, gates: {'ry': 43, 'rz': 37, 'rzz': 18, 'measure': 7, 'barrier': 1})
  Run 4/5: EquivalenceCriterion.equivalent_up_to_global_phase (import: 0.88ms, transpile: 8.57ms, gates: {'ry': 43, 'rz': 37, 'rzz': 18, 'measure': 7, 'barrier': 1})
  Run 5/5: EquivalenceCriterion.equivalent_up_to_global_phase (import: 0.83ms, transpile: 9.82ms, gates: {'ry': 43, 'rz': 37, 'rzz': 18, 'measure': 7, 'barrier': 1})
Running 5 transpilation tests on vqe_real_amp_08...
  Run 1/5: EquivalenceCriterion.equivalent_up_to_global_phase (import: 0.71ms, transpile: 9.21ms, gates: {'ry': 50, 'rz': 43, 'rzz': 21, 'measure': 8, 'barrier': 1})
  Run 2/5: EquivalenceCriterion.equivalent_up_to_global_phase (import: 1.02ms, transpile: 9.70ms, gates: {'ry': 50, 'rz': 43, 'rzz': 21, 'measure': 8, 'barrier': 1})
  Run 3/5: EquivalenceCriterion.equivalent_up_to_global_phase (import: 0.88ms, transpile: 8.51ms, gates: {'ry': 50, 'rz': 43, 'rzz': 21, 'measure': 8, 'barrier': 1})
  Run 4/5: EquivalenceCriterion.equivalent_up_to_global_phase (import: 0.80ms, transpile: 8.58ms, gates: {'ry': 50, 'rz': 43, 'rzz': 21, 'measure': 8, 'barrier': 1})
  Run 5/5: EquivalenceCriterion.equivalent_up_to_global_phase (import: 0.85ms, transpile: 8.91ms, gates: {'ry': 50, 'rz': 43, 'rzz': 21, 'measure': 8, 'barrier': 1})
Failed to extract qubits: "<input>:1,0: identifiers cannot start with capital letters except for the builtins 'U' and 'CX'"
Running 5 transpilation tests on hhl_02...
  Run 1/5: FAILED - Import failed: "<input>:1,0: identifiers cannot start with capital letters except for the builtins 'U' and 'CX'"
  Run 2/5: FAILED - Import failed: "<input>:1,0: identifiers cannot start with capital letters except for the builtins 'U' and 'CX'"
  Run 3/5: FAILED - Import failed: "<input>:1,0: identifiers cannot start with capital letters except for the builtins 'U' and 'CX'"
  Run 4/5: FAILED - Import failed: "<input>:1,0: identifiers cannot start with capital letters except for the builtins 'U' and 'CX'"
  Run 5/5: FAILED - Import failed: "<input>:1,0: identifiers cannot start with capital letters except for the builtins 'U' and 'CX'"
Running 5 transpilation tests on hhl_03...
  Run 1/5: EquivalenceCriterion.equivalent_up_to_global_phase (import: 0.52ms, transpile: 10.16ms, gates: {'rx': 5, 'rz': 5, 'ry': 4, 'rzz': 3, 'measure': 1})
  Run 2/5: EquivalenceCriterion.equivalent_up_to_global_phase (import: 0.74ms, transpile: 9.59ms, gates: {'rx': 5, 'rz': 5, 'ry': 4, 'rzz': 3, 'measure': 1})
  Run 3/5: EquivalenceCriterion.equivalent_up_to_global_phase (import: 0.87ms, transpile: 8.78ms, gates: {'rx': 5, 'rz': 5, 'ry': 4, 'rzz': 3, 'measure': 1})
  Run 4/5: EquivalenceCriterion.equivalent_up_to_global_phase (import: 0.69ms, transpile: 11.02ms, gates: {'rx': 5, 'rz': 5, 'ry': 4, 'rzz': 3, 'measure': 1})
  Run 5/5: EquivalenceCriterion.equivalent_up_to_global_phase (import: 0.60ms, transpile: 9.31ms, gates: {'rx': 5, 'rz': 5, 'ry': 4, 'rzz': 3, 'measure': 1})
Running 5 transpilation tests on hhl_04...
  Run 1/5: EquivalenceCriterion.equivalent (import: 1.46ms, transpile: 19.02ms, gates: {'rz': 24, 'ry': 12, 'rzz': 12, 'rx': 11, 'measure': 1})
  Run 2/5: EquivalenceCriterion.equivalent (import: 0.93ms, transpile: 15.21ms, gates: {'rz': 24, 'ry': 12, 'rzz': 12, 'rx': 11, 'measure': 1})
  Run 3/5: EquivalenceCriterion.equivalent (import: 0.88ms, transpile: 15.34ms, gates: {'rz': 24, 'ry': 12, 'rzz': 12, 'rx': 11, 'measure': 1})
  Run 4/5: EquivalenceCriterion.equivalent (import: 0.78ms, transpile: 12.60ms, gates: {'rz': 24, 'ry': 12, 'rzz': 12, 'rx': 11, 'measure': 1})
  Run 5/5: EquivalenceCriterion.equivalent (import: 0.81ms, transpile: 12.71ms, gates: {'rz': 24, 'ry': 12, 'rzz': 12, 'rx': 11, 'measure': 1})
Running 5 transpilation tests on hhl_05...
  Run 1/5: EquivalenceCriterion.equivalent_up_to_global_phase (import: 0.72ms, transpile: 12.21ms, gates: {'rz': 37, 'rzz': 21, 'ry': 20, 'rx': 10, 'measure': 1})
  Run 2/5: EquivalenceCriterion.equivalent_up_to_global_phase (import: 0.95ms, transpile: 12.82ms, gates: {'rz': 37, 'rzz': 21, 'ry': 20, 'rx': 10, 'measure': 1})
  Run 3/5: EquivalenceCriterion.equivalent_up_to_global_phase (import: 0.91ms, transpile: 18.35ms, gates: {'rz': 37, 'rzz': 21, 'ry': 20, 'rx': 10, 'measure': 1})
  Run 4/5: EquivalenceCriterion.equivalent_up_to_global_phase (import: 0.91ms, transpile: 10.58ms, gates: {'rz': 37, 'rzz': 21, 'ry': 20, 'rx': 10, 'measure': 1})
  Run 5/5: EquivalenceCriterion.equivalent_up_to_global_phase (import: 0.90ms, transpile: 13.95ms, gates: {'rz': 37, 'rzz': 21, 'ry': 20, 'rx': 10, 'measure': 1})
Running 5 transpilation tests on hhl_06...
  Run 1/5: EquivalenceCriterion.equivalent_up_to_global_phase (import: 0.79ms, transpile: 13.28ms, gates: {'rz': 66, 'ry': 36, 'rzz': 36, 'rx': 11, 'measure': 1})
  Run 2/5: EquivalenceCriterion.equivalent_up_to_global_phase (import: 1.11ms, transpile: 14.54ms, gates: {'rz': 66, 'ry': 36, 'rzz': 36, 'rx': 11, 'measure': 1})
  Run 3/5: EquivalenceCriterion.equivalent_up_to_global_phase (import: 0.92ms, transpile: 12.69ms, gates: {'rz': 66, 'ry': 36, 'rzz': 36, 'rx': 11, 'measure': 1})
  Run 4/5: EquivalenceCriterion.equivalent_up_to_global_phase (import: 0.98ms, transpile: 13.57ms, gates: {'rz': 66, 'ry': 36, 'rzz': 36, 'rx': 11, 'measure': 1})
  Run 5/5: EquivalenceCriterion.equivalent_up_to_global_phase (import: 1.00ms, transpile: 13.87ms, gates: {'rz': 66, 'ry': 36, 'rzz': 36, 'rx': 11, 'measure': 1})
Running 5 transpilation tests on hhl_07...
  Run 1/5: EquivalenceCriterion.equivalent_up_to_global_phase (import: 0.88ms, transpile: 15.19ms, gates: {'rz': 87, 'rzz': 47, 'ry': 40, 'rx': 12, 'measure': 1})
  Run 2/5: EquivalenceCriterion.equivalent_up_to_global_phase (import: 1.09ms, transpile: 15.45ms, gates: {'rz': 87, 'rzz': 47, 'ry': 40, 'rx': 12, 'measure': 1})
  Run 3/5: EquivalenceCriterion.equivalent_up_to_global_phase (import: 1.08ms, transpile: 12.90ms, gates: {'rz': 87, 'rzz': 47, 'ry': 40, 'rx': 12, 'measure': 1})
  Run 4/5: EquivalenceCriterion.equivalent_up_to_global_phase (import: 1.21ms, transpile: 12.33ms, gates: {'rz': 87, 'rzz': 47, 'ry': 40, 'rx': 12, 'measure': 1})
  Run 5/5: EquivalenceCriterion.equivalent_up_to_global_phase (import: 1.05ms, transpile: 12.04ms, gates: {'rz': 87, 'rzz': 47, 'ry': 40, 'rx': 12, 'measure': 1})
Running 5 transpilation tests on hhl_08...
  Run 1/5: EquivalenceCriterion.equivalent_up_to_global_phase (import: 1.37ms, transpile: 19.05ms, gates: {'rz': 124, 'rzz': 66, 'ry': 56, 'rx': 13, 'measure': 1})
  Run 2/5: EquivalenceCriterion.equivalent_up_to_global_phase (import: 1.91ms, transpile: 14.54ms, gates: {'rz': 124, 'rzz': 66, 'ry': 56, 'rx': 13, 'measure': 1})
  Run 3/5: EquivalenceCriterion.equivalent_up_to_global_phase (import: 1.32ms, transpile: 13.70ms, gates: {'rz': 124, 'rzz': 66, 'ry': 56, 'rx': 13, 'measure': 1})
  Run 4/5: EquivalenceCriterion.equivalent_up_to_global_phase (import: 1.35ms, transpile: 14.95ms, gates: {'rz': 124, 'rzz': 66, 'ry': 56, 'rx': 13, 'measure': 1})
  Run 5/5: EquivalenceCriterion.equivalent_up_to_global_phase (import: 1.19ms, transpile: 17.86ms, gates: {'rz': 124, 'rzz': 66, 'ry': 56, 'rx': 13, 'measure': 1})
Running 5 transpilation tests on grover_02...
  Run 1/5: EquivalenceCriterion.equivalent_up_to_global_phase (import: 0.51ms, transpile: 12.61ms, gates: {'ry': 2, 'rx': 2, 'rz': 2, 'measure': 2, 'rzz': 1, 'barrier': 1})
  Run 2/5: EquivalenceCriterion.equivalent_up_to_global_phase (import: 0.51ms, transpile: 9.48ms, gates: {'ry': 2, 'rx': 2, 'rz': 2, 'measure': 2, 'rzz': 1, 'barrier': 1})
  Run 3/5: EquivalenceCriterion.equivalent_up_to_global_phase (import: 0.54ms, transpile: 11.61ms, gates: {'ry': 2, 'rx': 2, 'rz': 2, 'measure': 2, 'rzz': 1, 'barrier': 1})
  Run 4/5: EquivalenceCriterion.equivalent_up_to_global_phase (import: 0.63ms, transpile: 9.67ms, gates: {'ry': 2, 'rx': 2, 'rz': 2, 'measure': 2, 'rzz': 1, 'barrier': 1})
  Run 5/5: EquivalenceCriterion.equivalent_up_to_global_phase (import: 0.58ms, transpile: 9.31ms, gates: {'ry': 2, 'rx': 2, 'rz': 2, 'measure': 2, 'rzz': 1, 'barrier': 1})
Running 5 transpilation tests on grover_03...
  Run 1/5: EquivalenceCriterion.equivalent_up_to_global_phase (import: 0.68ms, transpile: 9.40ms, gates: {'rz': 12, 'ry': 8, 'rx': 7, 'rzz': 6, 'measure': 3, 'barrier': 1})
  Run 2/5: EquivalenceCriterion.equivalent_up_to_global_phase (import: 0.67ms, transpile: 11.20ms, gates: {'rz': 12, 'ry': 8, 'rx': 7, 'rzz': 6, 'measure': 3, 'barrier': 1})
  Run 3/5: EquivalenceCriterion.equivalent_up_to_global_phase (import: 0.65ms, transpile: 11.05ms, gates: {'rz': 12, 'ry': 8, 'rx': 7, 'rzz': 6, 'measure': 3, 'barrier': 1})
  Run 4/5: EquivalenceCriterion.equivalent_up_to_global_phase (import: 0.57ms, transpile: 13.10ms, gates: {'rz': 12, 'ry': 8, 'rx': 7, 'rzz': 6, 'measure': 3, 'barrier': 1})
  Run 5/5: EquivalenceCriterion.equivalent_up_to_global_phase (import: 0.75ms, transpile: 18.35ms, gates: {'rz': 12, 'ry': 8, 'rx': 7, 'rzz': 6, 'measure': 3, 'barrier': 1})
Running 5 transpilation tests on grover_04...
  Run 1/5: EquivalenceCriterion.equivalent_up_to_global_phase (import: 0.48ms, transpile: 14.08ms, gates: {'rz': 76, 'ry': 45, 'rzz': 44, 'rx': 18, 'measure': 4, 'barrier': 1})
  Run 2/5: EquivalenceCriterion.equivalent_up_to_global_phase (import: 0.69ms, transpile: 13.86ms, gates: {'rz': 76, 'ry': 45, 'rzz': 44, 'rx': 18, 'measure': 4, 'barrier': 1})
  Run 3/5: EquivalenceCriterion.equivalent_up_to_global_phase (import: 0.87ms, transpile: 14.03ms, gates: {'rz': 76, 'ry': 45, 'rzz': 44, 'rx': 18, 'measure': 4, 'barrier': 1})
  Run 4/5: EquivalenceCriterion.equivalent_up_to_global_phase (import: 0.67ms, transpile: 14.80ms, gates: {'rz': 76, 'ry': 45, 'rzz': 44, 'rx': 18, 'measure': 4, 'barrier': 1})
  Run 5/5: EquivalenceCriterion.equivalent_up_to_global_phase (import: 1.01ms, transpile: 17.33ms, gates: {'rz': 76, 'ry': 45, 'rzz': 44, 'rx': 18, 'measure': 4, 'barrier': 1})
Running 5 transpilation tests on grover_05...
  Run 1/5: EquivalenceCriterion.equivalent_up_to_global_phase (import: 0.70ms, transpile: 28.58ms, gates: {'rz': 255, 'rzz': 150, 'ry': 136, 'rx': 38, 'measure': 5, 'barrier': 1})
  Run 2/5: EquivalenceCriterion.equivalent_up_to_global_phase (import: 0.82ms, transpile: 24.81ms, gates: {'rz': 255, 'rzz': 150, 'ry': 136, 'rx': 38, 'measure': 5, 'barrier': 1})
  Run 3/5: EquivalenceCriterion.equivalent_up_to_global_phase (import: 0.96ms, transpile: 49.60ms, gates: {'rz': 255, 'rzz': 150, 'ry': 136, 'rx': 38, 'measure': 5, 'barrier': 1})
  Run 4/5: EquivalenceCriterion.equivalent_up_to_global_phase (import: 0.82ms, transpile: 31.24ms, gates: {'rz': 255, 'rzz': 150, 'ry': 136, 'rx': 38, 'measure': 5, 'barrier': 1})
  Run 5/5: EquivalenceCriterion.equivalent_up_to_global_phase (import: 0.91ms, transpile: 45.84ms, gates: {'rz': 255, 'rzz': 150, 'ry': 136, 'rx': 38, 'measure': 5, 'barrier': 1})
Running 5 transpilation tests on grover_06...
  Run 1/5: EquivalenceCriterion.equivalent_up_to_global_phase (import: 1.26ms, transpile: 50.78ms, gates: {'rz': 730, 'rzz': 400, 'ry': 369, 'rx': 53, 'measure': 6, 'barrier': 1})
  Run 2/5: EquivalenceCriterion.equivalent_up_to_global_phase (import: 1.09ms, transpile: 55.62ms, gates: {'rz': 730, 'rzz': 400, 'ry': 369, 'rx': 53, 'measure': 6, 'barrier': 1})
  Run 3/5: EquivalenceCriterion.equivalent_up_to_global_phase (import: 1.31ms, transpile: 48.92ms, gates: {'rz': 730, 'rzz': 400, 'ry': 369, 'rx': 53, 'measure': 6, 'barrier': 1})
  Run 4/5: EquivalenceCriterion.equivalent_up_to_global_phase (import: 1.02ms, transpile: 49.05ms, gates: {'rz': 730, 'rzz': 400, 'ry': 369, 'rx': 53, 'measure': 6, 'barrier': 1})
  Run 5/5: EquivalenceCriterion.equivalent_up_to_global_phase (import: 1.01ms, transpile: 51.64ms, gates: {'rz': 730, 'rzz': 400, 'ry': 369, 'rx': 53, 'measure': 6, 'barrier': 1})
Running 5 transpilation tests on grover_07...
  Run 1/5: EquivalenceCriterion.equivalent_up_to_global_phase (import: 1.83ms, transpile: 134.05ms, gates: {'rz': 2134, 'rzz': 1188, 'ry': 1054, 'rx': 153, 'measure': 7, 'barrier': 1})
  Run 2/5: EquivalenceCriterion.equivalent_up_to_global_phase (import: 1.84ms, transpile: 117.69ms, gates: {'rz': 2134, 'rzz': 1188, 'ry': 1054, 'rx': 153, 'measure': 7, 'barrier': 1})
  Run 3/5: EquivalenceCriterion.equivalent_up_to_global_phase (import: 1.95ms, transpile: 134.99ms, gates: {'rz': 2134, 'rzz': 1188, 'ry': 1054, 'rx': 153, 'measure': 7, 'barrier': 1})
  Run 4/5: EquivalenceCriterion.equivalent_up_to_global_phase (import: 2.69ms, transpile: 123.45ms, gates: {'rz': 2134, 'rzz': 1188, 'ry': 1054, 'rx': 153, 'measure': 7, 'barrier': 1})
  Run 5/5: EquivalenceCriterion.equivalent_up_to_global_phase (import: 1.87ms, transpile: 132.69ms, gates: {'rz': 2134, 'rzz': 1188, 'ry': 1054, 'rx': 153, 'measure': 7, 'barrier': 1})
Running 5 transpilation tests on grover_08...
  Run 1/5: EquivalenceCriterion.equivalent_up_to_global_phase (import: 2.03ms, transpile: 262.25ms, gates: {'rz': 4792, 'rzz': 2592, 'ry': 2335, 'rx': 215, 'measure': 8, 'barrier': 1})
  Run 2/5: EquivalenceCriterion.equivalent_up_to_global_phase (import: 2.47ms, transpile: 310.18ms, gates: {'rz': 4792, 'rzz': 2592, 'ry': 2335, 'rx': 215, 'measure': 8, 'barrier': 1})
  Run 3/5: EquivalenceCriterion.equivalent_up_to_global_phase (import: 5.32ms, transpile: 317.15ms, gates: {'rz': 4792, 'rzz': 2592, 'ry': 2335, 'rx': 215, 'measure': 8, 'barrier': 1})
  Run 4/5: EquivalenceCriterion.equivalent_up_to_global_phase (import: 2.77ms, transpile: 261.62ms, gates: {'rz': 4792, 'rzz': 2592, 'ry': 2335, 'rx': 215, 'measure': 8, 'barrier': 1})
  Run 5/5: EquivalenceCriterion.equivalent_up_to_global_phase (import: 2.81ms, transpile: 276.01ms, gates: {'rz': 4792, 'rzz': 2592, 'ry': 2335, 'rx': 215, 'measure': 8, 'barrier': 1})
Results saved to experiments/transpiler_result_20260611_143700_Qiskit_targeted_Quantinuum_gateset.json
Processing SDK: Qiskit_mapped_all_to_all_IBM_gateset
Running 5 transpilation tests on qaoa_02...
  Run 1/5: EquivalenceCriterion.equivalent_up_to_global_phase (import: 0.34ms, transpile: 14.23ms, gates: {'rz': 11, 'sx': 8, 'cx': 2})
The ZX checker suggests that the circuits are not equivalent, but the simulation checker suggests that they are probably equivalent. Thus, no conclusion can be drawn.
  Run 2/5: EquivalenceCriterion.no_information (import: 0.48ms, transpile: 9.77ms, gates: {'rz': 11, 'sx': 8, 'cx': 2})
The ZX checker suggests that the circuits are not equivalent, but the simulation checker suggests that they are probably equivalent. Thus, no conclusion can be drawn.
  Run 3/5: EquivalenceCriterion.no_information (import: 0.48ms, transpile: 9.45ms, gates: {'rz': 11, 'sx': 8, 'cx': 2})
  Run 4/5: EquivalenceCriterion.equivalent_up_to_global_phase (import: 0.62ms, transpile: 10.03ms, gates: {'rz': 11, 'sx': 8, 'cx': 2})
The ZX checker suggests that the circuits are not equivalent, but the simulation checker suggests that they are probably equivalent. Thus, no conclusion can be drawn.
  Run 5/5: EquivalenceCriterion.no_information (import: 0.70ms, transpile: 10.89ms, gates: {'rz': 11, 'sx': 8, 'cx': 2})
Running 5 transpilation tests on qaoa_03...
  Run 1/5: EquivalenceCriterion.equivalent_up_to_global_phase (import: 0.57ms, transpile: 15.52ms, gates: {'rz': 26, 'sx': 15, 'cx': 8})
  Run 2/5: EquivalenceCriterion.equivalent_up_to_global_phase (import: 0.59ms, transpile: 10.01ms, gates: {'rz': 26, 'sx': 15, 'cx': 8})
  Run 3/5: EquivalenceCriterion.equivalent_up_to_global_phase (import: 0.58ms, transpile: 9.43ms, gates: {'rz': 26, 'sx': 15, 'cx': 8})
  Run 4/5: EquivalenceCriterion.equivalent_up_to_global_phase (import: 0.50ms, transpile: 9.52ms, gates: {'rz': 26, 'sx': 15, 'cx': 8})
  Run 5/5: EquivalenceCriterion.equivalent_up_to_global_phase (import: 0.65ms, transpile: 10.45ms, gates: {'rz': 26, 'sx': 15, 'cx': 8})
Running 5 transpilation tests on qaoa_04...
  Run 1/5: EquivalenceCriterion.equivalent_up_to_global_phase (import: 0.48ms, transpile: 10.87ms, gates: {'rz': 28, 'sx': 16, 'cx': 8})
  Run 2/5: EquivalenceCriterion.equivalent_up_to_global_phase (import: 0.61ms, transpile: 9.64ms, gates: {'rz': 28, 'sx': 16, 'cx': 8})
  Run 3/5: EquivalenceCriterion.equivalent_up_to_global_phase (import: 0.59ms, transpile: 12.75ms, gates: {'rz': 28, 'sx': 16, 'cx': 8})
  Run 4/5: EquivalenceCriterion.equivalent_up_to_global_phase (import: 0.59ms, transpile: 12.82ms, gates: {'rz': 28, 'sx': 16, 'cx': 8})
  Run 5/5: EquivalenceCriterion.equivalent_up_to_global_phase (import: 0.85ms, transpile: 12.20ms, gates: {'rz': 28, 'sx': 16, 'cx': 8})
Running 5 transpilation tests on qaoa_05...
  Run 1/5: EquivalenceCriterion.equivalent_up_to_global_phase (import: 0.73ms, transpile: 10.45ms, gates: {'rz': 48, 'sx': 25, 'cx': 24})
  Run 2/5: EquivalenceCriterion.equivalent_up_to_global_phase (import: 0.73ms, transpile: 10.30ms, gates: {'rz': 48, 'sx': 25, 'cx': 24})
  Run 3/5: EquivalenceCriterion.equivalent_up_to_global_phase (import: 0.60ms, transpile: 12.88ms, gates: {'rz': 48, 'sx': 25, 'cx': 24})
  Run 4/5: EquivalenceCriterion.equivalent_up_to_global_phase (import: 0.93ms, transpile: 15.04ms, gates: {'rz': 48, 'sx': 25, 'cx': 24})
  Run 5/5: EquivalenceCriterion.equivalent_up_to_global_phase (import: 1.19ms, transpile: 16.77ms, gates: {'rz': 48, 'sx': 25, 'cx': 24})
Running 5 transpilation tests on qaoa_06...
  Run 1/5: EquivalenceCriterion.equivalent_up_to_global_phase (import: 0.51ms, transpile: 15.56ms, gates: {'rz': 60, 'sx': 30, 'cx': 28})
  Run 2/5: EquivalenceCriterion.equivalent_up_to_global_phase (import: 0.74ms, transpile: 14.56ms, gates: {'rz': 60, 'sx': 30, 'cx': 28})
  Run 3/5: EquivalenceCriterion.equivalent_up_to_global_phase (import: 0.79ms, transpile: 15.58ms, gates: {'rz': 60, 'sx': 30, 'cx': 28})
  Run 4/5: EquivalenceCriterion.equivalent_up_to_global_phase (import: 0.77ms, transpile: 26.91ms, gates: {'rz': 60, 'sx': 30, 'cx': 28})
  Run 5/5: EquivalenceCriterion.equivalent_up_to_global_phase (import: 0.88ms, transpile: 18.94ms, gates: {'rz': 60, 'sx': 30, 'cx': 28})
Running 5 transpilation tests on qaoa_07...
  Run 1/5: EquivalenceCriterion.equivalent_up_to_global_phase (import: 0.59ms, transpile: 13.75ms, gates: {'rz': 76, 'cx': 48, 'sx': 35})
  Run 2/5: EquivalenceCriterion.equivalent_up_to_global_phase (import: 0.77ms, transpile: 17.16ms, gates: {'rz': 76, 'cx': 48, 'sx': 35})
  Run 3/5: EquivalenceCriterion.equivalent_up_to_global_phase (import: 1.31ms, transpile: 17.12ms, gates: {'rz': 76, 'cx': 48, 'sx': 35})
  Run 4/5: EquivalenceCriterion.equivalent_up_to_global_phase (import: 0.96ms, transpile: 20.03ms, gates: {'rz': 76, 'cx': 48, 'sx': 35})
  Run 5/5: EquivalenceCriterion.equivalent_up_to_global_phase (import: 0.93ms, transpile: 17.42ms, gates: {'rz': 76, 'cx': 48, 'sx': 35})
Running 5 transpilation tests on qaoa_08...
  Run 1/5: EquivalenceCriterion.equivalent_up_to_global_phase (import: 0.95ms, transpile: 20.04ms, gates: {'rz': 88, 'cx': 56, 'sx': 40})
  Run 2/5: EquivalenceCriterion.equivalent_up_to_global_phase (import: 1.05ms, transpile: 17.20ms, gates: {'rz': 88, 'cx': 56, 'sx': 40})
  Run 3/5: EquivalenceCriterion.equivalent_up_to_global_phase (import: 0.83ms, transpile: 12.66ms, gates: {'rz': 88, 'cx': 56, 'sx': 40})
  Run 4/5: EquivalenceCriterion.equivalent_up_to_global_phase (import: 0.74ms, transpile: 17.33ms, gates: {'rz': 88, 'cx': 56, 'sx': 40})
  Run 5/5: EquivalenceCriterion.equivalent_up_to_global_phase (import: 1.13ms, transpile: 18.63ms, gates: {'rz': 88, 'cx': 56, 'sx': 40})
Running 5 transpilation tests on qft_02...
  Run 1/5: EquivalenceCriterion.equivalent_up_to_global_phase (import: 0.37ms, transpile: 14.83ms, gates: {'rz': 8, 'sx': 5, 'cx': 3, 'measure': 2, 'barrier': 1})
  Run 2/5: EquivalenceCriterion.equivalent_up_to_global_phase (import: 0.65ms, transpile: 12.75ms, gates: {'rz': 8, 'sx': 5, 'cx': 3, 'measure': 2, 'barrier': 1})
  Run 3/5: EquivalenceCriterion.equivalent_up_to_global_phase (import: 0.79ms, transpile: 14.26ms, gates: {'rz': 8, 'sx': 5, 'cx': 3, 'measure': 2, 'barrier': 1})
  Run 4/5: EquivalenceCriterion.equivalent_up_to_global_phase (import: 0.54ms, transpile: 11.75ms, gates: {'rz': 8, 'sx': 5, 'cx': 3, 'measure': 2, 'barrier': 1})
  Run 5/5: EquivalenceCriterion.equivalent_up_to_global_phase (import: 0.50ms, transpile: 10.68ms, gates: {'rz': 8, 'sx': 5, 'cx': 3, 'measure': 2, 'barrier': 1})
Running 5 transpilation tests on qft_03...
  Run 1/5: EquivalenceCriterion.equivalent_up_to_global_phase (import: 0.44ms, transpile: 11.40ms, gates: {'rz': 10, 'cx': 6, 'sx': 3, 'measure': 3, 'barrier': 1})
  Run 2/5: EquivalenceCriterion.equivalent_up_to_global_phase (import: 0.54ms, transpile: 207.37ms, gates: {'rz': 10, 'cx': 6, 'sx': 3, 'measure': 3, 'barrier': 1})
  Run 3/5: EquivalenceCriterion.equivalent_up_to_global_phase (import: 0.49ms, transpile: 10.92ms, gates: {'rz': 10, 'cx': 6, 'sx': 3, 'measure': 3, 'barrier': 1})
  Run 4/5: EquivalenceCriterion.equivalent_up_to_global_phase (import: 0.85ms, transpile: 9.66ms, gates: {'rz': 10, 'cx': 6, 'sx': 3, 'measure': 3, 'barrier': 1})
  Run 5/5: EquivalenceCriterion.equivalent_up_to_global_phase (import: 0.50ms, transpile: 9.67ms, gates: {'rz': 10, 'cx': 6, 'sx': 3, 'measure': 3, 'barrier': 1})
Running 5 transpilation tests on qft_04...
  Run 1/5: EquivalenceCriterion.equivalent_up_to_global_phase (import: 0.50ms, transpile: 10.82ms, gates: {'rz': 17, 'cx': 12, 'sx': 4, 'measure': 4, 'barrier': 1})
  Run 2/5: EquivalenceCriterion.equivalent_up_to_global_phase (import: 0.58ms, transpile: 10.41ms, gates: {'rz': 17, 'cx': 12, 'sx': 4, 'measure': 4, 'barrier': 1})
  Run 3/5: EquivalenceCriterion.equivalent_up_to_global_phase (import: 0.50ms, transpile: 10.32ms, gates: {'rz': 17, 'cx': 12, 'sx': 4, 'measure': 4, 'barrier': 1})
  Run 4/5: EquivalenceCriterion.equivalent_up_to_global_phase (import: 0.60ms, transpile: 9.93ms, gates: {'rz': 17, 'cx': 12, 'sx': 4, 'measure': 4, 'barrier': 1})
  Run 5/5: EquivalenceCriterion.equivalent_up_to_global_phase (import: 0.51ms, transpile: 10.75ms, gates: {'rz': 17, 'cx': 12, 'sx': 4, 'measure': 4, 'barrier': 1})
Running 5 transpilation tests on qft_05...
  Run 1/5: EquivalenceCriterion.equivalent_up_to_global_phase (import: 0.61ms, transpile: 16.84ms, gates: {'rz': 26, 'cx': 20, 'sx': 5, 'measure': 5, 'barrier': 1})
  Run 2/5: EquivalenceCriterion.equivalent_up_to_global_phase (import: 0.64ms, transpile: 13.79ms, gates: {'rz': 26, 'cx': 20, 'sx': 5, 'measure': 5, 'barrier': 1})
  Run 3/5: EquivalenceCriterion.equivalent_up_to_global_phase (import: 0.59ms, transpile: 13.51ms, gates: {'rz': 26, 'cx': 20, 'sx': 5, 'measure': 5, 'barrier': 1})
  Run 4/5: EquivalenceCriterion.equivalent_up_to_global_phase (import: 0.53ms, transpile: 11.28ms, gates: {'rz': 26, 'cx': 20, 'sx': 5, 'measure': 5, 'barrier': 1})
  Run 5/5: EquivalenceCriterion.equivalent_up_to_global_phase (import: 0.58ms, transpile: 11.45ms, gates: {'rz': 26, 'cx': 20, 'sx': 5, 'measure': 5, 'barrier': 1})
Running 5 transpilation tests on qft_06...
  Run 1/5: EquivalenceCriterion.equivalent_up_to_global_phase (import: 0.55ms, transpile: 19.69ms, gates: {'rz': 37, 'cx': 30, 'sx': 6, 'measure': 6, 'barrier': 1})
  Run 2/5: EquivalenceCriterion.equivalent_up_to_global_phase (import: 1.11ms, transpile: 20.51ms, gates: {'rz': 37, 'cx': 30, 'sx': 6, 'measure': 6, 'barrier': 1})
  Run 3/5: EquivalenceCriterion.equivalent_up_to_global_phase (import: 0.53ms, transpile: 16.26ms, gates: {'rz': 37, 'cx': 30, 'sx': 6, 'measure': 6, 'barrier': 1})
  Run 4/5: EquivalenceCriterion.equivalent_up_to_global_phase (import: 0.64ms, transpile: 16.26ms, gates: {'rz': 37, 'cx': 30, 'sx': 6, 'measure': 6, 'barrier': 1})
  Run 5/5: EquivalenceCriterion.equivalent_up_to_global_phase (import: 0.55ms, transpile: 16.72ms, gates: {'rz': 37, 'cx': 30, 'sx': 6, 'measure': 6, 'barrier': 1})
Running 5 transpilation tests on qft_07...
  Run 1/5: EquivalenceCriterion.equivalent_up_to_global_phase (import: 0.44ms, transpile: 17.46ms, gates: {'rz': 50, 'cx': 42, 'sx': 7, 'measure': 7, 'barrier': 1})
  Run 2/5: EquivalenceCriterion.equivalent_up_to_global_phase (import: 0.55ms, transpile: 15.85ms, gates: {'rz': 50, 'cx': 42, 'sx': 7, 'measure': 7, 'barrier': 1})
  Run 3/5: EquivalenceCriterion.equivalent_up_to_global_phase (import: 0.55ms, transpile: 23.22ms, gates: {'rz': 50, 'cx': 42, 'sx': 7, 'measure': 7, 'barrier': 1})
  Run 4/5: EquivalenceCriterion.equivalent_up_to_global_phase (import: 0.79ms, transpile: 17.80ms, gates: {'rz': 50, 'cx': 42, 'sx': 7, 'measure': 7, 'barrier': 1})
  Run 5/5: EquivalenceCriterion.equivalent_up_to_global_phase (import: 0.68ms, transpile: 17.92ms, gates: {'rz': 50, 'cx': 42, 'sx': 7, 'measure': 7, 'barrier': 1})
Running 5 transpilation tests on qft_08...
  Run 1/5: EquivalenceCriterion.equivalent_up_to_global_phase (import: 0.49ms, transpile: 19.40ms, gates: {'rz': 65, 'cx': 56, 'sx': 8, 'measure': 8, 'barrier': 1})
  Run 2/5: EquivalenceCriterion.equivalent_up_to_global_phase (import: 0.64ms, transpile: 17.53ms, gates: {'rz': 65, 'cx': 56, 'sx': 8, 'measure': 8, 'barrier': 1})
  Run 3/5: EquivalenceCriterion.equivalent_up_to_global_phase (import: 0.77ms, transpile: 16.99ms, gates: {'rz': 65, 'cx': 56, 'sx': 8, 'measure': 8, 'barrier': 1})
  Run 4/5: EquivalenceCriterion.equivalent_up_to_global_phase (import: 0.71ms, transpile: 16.00ms, gates: {'rz': 65, 'cx': 56, 'sx': 8, 'measure': 8, 'barrier': 1})
  Run 5/5: EquivalenceCriterion.equivalent_up_to_global_phase (import: 0.75ms, transpile: 16.84ms, gates: {'rz': 65, 'cx': 56, 'sx': 8, 'measure': 8, 'barrier': 1})
Running 5 transpilation tests on randomcircuit_02...
  Run 1/5: EquivalenceCriterion.equivalent_up_to_global_phase (import: 0.50ms, transpile: 12.26ms, gates: {'rz': 12, 'sx': 10, 'cx': 2, 'measure': 2, 'barrier': 1})
The ZX checker suggests that the circuits are not equivalent, but the simulation checker suggests that they are probably equivalent. Thus, no conclusion can be drawn.
  Run 2/5: EquivalenceCriterion.no_information (import: 0.69ms, transpile: 11.80ms, gates: {'rz': 12, 'sx': 10, 'cx': 2, 'measure': 2, 'barrier': 1})
  Run 3/5: EquivalenceCriterion.equivalent_up_to_global_phase (import: 0.65ms, transpile: 12.06ms, gates: {'rz': 12, 'sx': 10, 'cx': 2, 'measure': 2, 'barrier': 1})
  Run 4/5: EquivalenceCriterion.equivalent_up_to_global_phase (import: 0.58ms, transpile: 11.73ms, gates: {'rz': 12, 'sx': 10, 'cx': 2, 'measure': 2, 'barrier': 1})
  Run 5/5: EquivalenceCriterion.equivalent_up_to_global_phase (import: 0.58ms, transpile: 11.78ms, gates: {'rz': 12, 'sx': 10, 'cx': 2, 'measure': 2, 'barrier': 1})
Running 5 transpilation tests on randomcircuit_03...
  Run 1/5: EquivalenceCriterion.equivalent_up_to_global_phase (import: 0.54ms, transpile: 16.73ms, gates: {'rz': 30, 'cx': 20, 'sx': 9, 'measure': 3, 'x': 1, 'barrier': 1})
  Run 2/5: EquivalenceCriterion.equivalent_up_to_global_phase (import: 1.17ms, transpile: 14.41ms, gates: {'rz': 30, 'cx': 20, 'sx': 9, 'measure': 3, 'x': 1, 'barrier': 1})
  Run 3/5: EquivalenceCriterion.equivalent_up_to_global_phase (import: 0.67ms, transpile: 12.16ms, gates: {'rz': 30, 'cx': 20, 'sx': 9, 'measure': 3, 'x': 1, 'barrier': 1})
  Run 4/5: EquivalenceCriterion.equivalent_up_to_global_phase (import: 0.61ms, transpile: 12.33ms, gates: {'rz': 30, 'cx': 20, 'sx': 9, 'measure': 3, 'x': 1, 'barrier': 1})
  Run 5/5: EquivalenceCriterion.equivalent_up_to_global_phase (import: 1.43ms, transpile: 13.20ms, gates: {'rz': 30, 'cx': 20, 'sx': 9, 'measure': 3, 'x': 1, 'barrier': 1})
Running 5 transpilation tests on randomcircuit_04...
  Run 1/5: EquivalenceCriterion.equivalent_up_to_global_phase (import: 0.63ms, transpile: 16.72ms, gates: {'rz': 69, 'cx': 53, 'sx': 16, 'measure': 4, 'x': 1, 'barrier': 1})
  Run 2/5: EquivalenceCriterion.equivalent_up_to_global_phase (import: 0.88ms, transpile: 20.52ms, gates: {'rz': 69, 'cx': 53, 'sx': 16, 'measure': 4, 'x': 1, 'barrier': 1})
  Run 3/5: EquivalenceCriterion.equivalent_up_to_global_phase (import: 0.78ms, transpile: 20.44ms, gates: {'rz': 69, 'cx': 53, 'sx': 16, 'measure': 4, 'x': 1, 'barrier': 1})
  Run 4/5: EquivalenceCriterion.equivalent_up_to_global_phase (import: 0.60ms, transpile: 17.06ms, gates: {'rz': 69, 'cx': 53, 'sx': 16, 'measure': 4, 'x': 1, 'barrier': 1})
  Run 5/5: EquivalenceCriterion.equivalent_up_to_global_phase (import: 0.72ms, transpile: 15.89ms, gates: {'rz': 69, 'cx': 53, 'sx': 16, 'measure': 4, 'x': 1, 'barrier': 1})
Running 5 transpilation tests on randomcircuit_05...
  Run 1/5: EquivalenceCriterion.equivalent_up_to_global_phase (import: 0.55ms, transpile: 24.89ms, gates: {'rz': 81, 'cx': 56, 'sx': 27, 'measure': 5, 'x': 3, 'barrier': 1})
  Run 2/5: EquivalenceCriterion.equivalent_up_to_global_phase (import: 1.28ms, transpile: 31.62ms, gates: {'rz': 81, 'cx': 56, 'sx': 27, 'measure': 5, 'x': 3, 'barrier': 1})
  Run 3/5: EquivalenceCriterion.equivalent_up_to_global_phase (import: 0.78ms, transpile: 21.11ms, gates: {'rz': 81, 'cx': 56, 'sx': 27, 'measure': 5, 'x': 3, 'barrier': 1})
  Run 4/5: EquivalenceCriterion.equivalent_up_to_global_phase (import: 0.77ms, transpile: 22.34ms, gates: {'rz': 81, 'cx': 56, 'sx': 27, 'measure': 5, 'x': 3, 'barrier': 1})
  Run 5/5: EquivalenceCriterion.equivalent_up_to_global_phase (import: 0.84ms, transpile: 21.09ms, gates: {'rz': 81, 'cx': 56, 'sx': 27, 'measure': 5, 'x': 3, 'barrier': 1})
Running 5 transpilation tests on randomcircuit_06...
  Run 1/5: EquivalenceCriterion.equivalent_up_to_global_phase (import: 1.21ms, transpile: 29.16ms, gates: {'rz': 133, 'cx': 95, 'sx': 42, 'measure': 6, 'x': 1, 'barrier': 1})
  Run 2/5: EquivalenceCriterion.equivalent_up_to_global_phase (import: 0.85ms, transpile: 24.03ms, gates: {'rz': 133, 'cx': 95, 'sx': 42, 'measure': 6, 'x': 1, 'barrier': 1})
  Run 3/5: EquivalenceCriterion.equivalent_up_to_global_phase (import: 0.88ms, transpile: 29.62ms, gates: {'rz': 133, 'cx': 95, 'sx': 42, 'measure': 6, 'x': 1, 'barrier': 1})
  Run 4/5: EquivalenceCriterion.equivalent_up_to_global_phase (import: 1.29ms, transpile: 27.83ms, gates: {'rz': 133, 'cx': 95, 'sx': 42, 'measure': 6, 'x': 1, 'barrier': 1})
  Run 5/5: EquivalenceCriterion.equivalent_up_to_global_phase (import: 0.90ms, transpile: 23.40ms, gates: {'rz': 133, 'cx': 95, 'sx': 42, 'measure': 6, 'x': 1, 'barrier': 1})
Running 5 transpilation tests on randomcircuit_07...
  Run 1/5: EquivalenceCriterion.equivalent_up_to_global_phase (import: 0.79ms, transpile: 30.61ms, gates: {'rz': 201, 'cx': 145, 'sx': 69, 'measure': 7, 'x': 4, 'barrier': 1})
  Run 2/5: EquivalenceCriterion.equivalent_up_to_global_phase (import: 1.05ms, transpile: 32.78ms, gates: {'rz': 201, 'cx': 145, 'sx': 69, 'measure': 7, 'x': 4, 'barrier': 1})
  Run 3/5: EquivalenceCriterion.equivalent_up_to_global_phase (import: 1.50ms, transpile: 32.16ms, gates: {'rz': 201, 'cx': 145, 'sx': 69, 'measure': 7, 'x': 4, 'barrier': 1})
  Run 4/5: EquivalenceCriterion.equivalent_up_to_global_phase (import: 1.01ms, transpile: 31.18ms, gates: {'rz': 201, 'cx': 145, 'sx': 69, 'measure': 7, 'x': 4, 'barrier': 1})
  Run 5/5: EquivalenceCriterion.equivalent_up_to_global_phase (import: 1.03ms, transpile: 31.64ms, gates: {'rz': 201, 'cx': 145, 'sx': 69, 'measure': 7, 'x': 4, 'barrier': 1})
Running 5 transpilation tests on randomcircuit_08...
  Run 1/5: EquivalenceCriterion.equivalent_up_to_global_phase (import: 0.81ms, transpile: 33.13ms, gates: {'rz': 299, 'cx': 208, 'sx': 103, 'measure': 8, 'x': 5, 'barrier': 1})
  Run 2/5: EquivalenceCriterion.equivalent_up_to_global_phase (import: 1.46ms, transpile: 34.00ms, gates: {'rz': 299, 'cx': 208, 'sx': 103, 'measure': 8, 'x': 5, 'barrier': 1})
  Run 3/5: EquivalenceCriterion.equivalent_up_to_global_phase (import: 1.19ms, transpile: 31.13ms, gates: {'rz': 299, 'cx': 208, 'sx': 103, 'measure': 8, 'x': 5, 'barrier': 1})
  Run 4/5: EquivalenceCriterion.equivalent_up_to_global_phase (import: 1.49ms, transpile: 34.04ms, gates: {'rz': 299, 'cx': 208, 'sx': 103, 'measure': 8, 'x': 5, 'barrier': 1})
  Run 5/5: EquivalenceCriterion.equivalent_up_to_global_phase (import: 1.17ms, transpile: 28.97ms, gates: {'rz': 299, 'cx': 208, 'sx': 103, 'measure': 8, 'x': 5, 'barrier': 1})
Running 5 transpilation tests on vqe_real_amp_02...
  Run 1/5: EquivalenceCriterion.equivalent_up_to_global_phase (import: 0.38ms, transpile: 12.22ms, gates: {'rz': 11, 'sx': 8, 'cx': 3, 'measure': 2, 'barrier': 1})
  Run 2/5: EquivalenceCriterion.equivalent_up_to_global_phase (import: 0.57ms, transpile: 10.75ms, gates: {'rz': 11, 'sx': 8, 'cx': 3, 'measure': 2, 'barrier': 1})
The ZX checker suggests that the circuits are not equivalent, but the simulation checker suggests that they are probably equivalent. Thus, no conclusion can be drawn.
  Run 3/5: EquivalenceCriterion.no_information (import: 0.58ms, transpile: 9.43ms, gates: {'rz': 11, 'sx': 8, 'cx': 3, 'measure': 2, 'barrier': 1})
  Run 4/5: EquivalenceCriterion.equivalent_up_to_global_phase (import: 0.79ms, transpile: 9.13ms, gates: {'rz': 11, 'sx': 8, 'cx': 3, 'measure': 2, 'barrier': 1})
  Run 5/5: EquivalenceCriterion.no_information (import: 0.79ms, transpile: 9.61ms, gates: {'rz': 11, 'sx': 8, 'cx': 3, 'measure': 2, 'barrier': 1})
The ZX checker suggests that the circuits are not equivalent, but the simulation checker suggests that they are probably equivalent. Thus, no conclusion can be drawn.
Running 5 transpilation tests on vqe_real_amp_03...
  Run 1/5: EquivalenceCriterion.equivalent_up_to_global_phase (import: 0.57ms, transpile: 12.19ms, gates: {'sx': 24, 'rz': 24, 'cx': 6, 'measure': 3, 'barrier': 1})
  Run 2/5: EquivalenceCriterion.equivalent_up_to_global_phase (import: 0.96ms, transpile: 13.50ms, gates: {'sx': 24, 'rz': 24, 'cx': 6, 'measure': 3, 'barrier': 1})
  Run 3/5: EquivalenceCriterion.equivalent_up_to_global_phase (import: 0.97ms, transpile: 13.32ms, gates: {'sx': 24, 'rz': 24, 'cx': 6, 'measure': 3, 'barrier': 1})
  Run 4/5: EquivalenceCriterion.equivalent_up_to_global_phase (import: 0.78ms, transpile: 11.00ms, gates: {'sx': 24, 'rz': 24, 'cx': 6, 'measure': 3, 'barrier': 1})
  Run 5/5: EquivalenceCriterion.equivalent_up_to_global_phase (import: 0.64ms, transpile: 9.67ms, gates: {'sx': 24, 'rz': 24, 'cx': 6, 'measure': 3, 'barrier': 1})
Running 5 transpilation tests on vqe_real_amp_04...
  Run 1/5: EquivalenceCriterion.equivalent_up_to_global_phase (import: 0.49ms, transpile: 13.88ms, gates: {'sx': 32, 'rz': 32, 'cx': 9, 'measure': 4, 'barrier': 1})
  Run 2/5: EquivalenceCriterion.equivalent_up_to_global_phase (import: 0.70ms, transpile: 9.62ms, gates: {'sx': 32, 'rz': 32, 'cx': 9, 'measure': 4, 'barrier': 1})
  Run 3/5: EquivalenceCriterion.equivalent_up_to_global_phase (import: 0.80ms, transpile: 11.73ms, gates: {'sx': 32, 'rz': 32, 'cx': 9, 'measure': 4, 'barrier': 1})
  Run 4/5: EquivalenceCriterion.equivalent_up_to_global_phase (import: 1.14ms, transpile: 15.54ms, gates: {'sx': 32, 'rz': 32, 'cx': 9, 'measure': 4, 'barrier': 1})
  Run 5/5: EquivalenceCriterion.equivalent_up_to_global_phase (import: 0.83ms, transpile: 13.03ms, gates: {'sx': 32, 'rz': 32, 'cx': 9, 'measure': 4, 'barrier': 1})
Running 5 transpilation tests on vqe_real_amp_05...
  Run 1/5: EquivalenceCriterion.equivalent_up_to_global_phase (import: 0.57ms, transpile: 12.75ms, gates: {'sx': 40, 'rz': 40, 'cx': 12, 'measure': 5, 'barrier': 1})
  Run 2/5: EquivalenceCriterion.equivalent_up_to_global_phase (import: 0.87ms, transpile: 10.49ms, gates: {'sx': 40, 'rz': 40, 'cx': 12, 'measure': 5, 'barrier': 1})
  Run 3/5: EquivalenceCriterion.equivalent_up_to_global_phase (import: 0.70ms, transpile: 14.66ms, gates: {'sx': 40, 'rz': 40, 'cx': 12, 'measure': 5, 'barrier': 1})
  Run 4/5: EquivalenceCriterion.equivalent_up_to_global_phase (import: 1.04ms, transpile: 13.14ms, gates: {'sx': 40, 'rz': 40, 'cx': 12, 'measure': 5, 'barrier': 1})
  Run 5/5: EquivalenceCriterion.equivalent_up_to_global_phase (import: 0.73ms, transpile: 12.64ms, gates: {'sx': 40, 'rz': 40, 'cx': 12, 'measure': 5, 'barrier': 1})
Running 5 transpilation tests on vqe_real_amp_06...
  Run 1/5: EquivalenceCriterion.equivalent_up_to_global_phase (import: 0.72ms, transpile: 13.80ms, gates: {'sx': 48, 'rz': 48, 'cx': 15, 'measure': 6, 'barrier': 1})
  Run 2/5: EquivalenceCriterion.equivalent_up_to_global_phase (import: 1.00ms, transpile: 13.31ms, gates: {'sx': 48, 'rz': 48, 'cx': 15, 'measure': 6, 'barrier': 1})
  Run 3/5: EquivalenceCriterion.equivalent_up_to_global_phase (import: 0.77ms, transpile: 12.46ms, gates: {'sx': 48, 'rz': 48, 'cx': 15, 'measure': 6, 'barrier': 1})
  Run 4/5: EquivalenceCriterion.equivalent_up_to_global_phase (import: 0.83ms, transpile: 15.28ms, gates: {'sx': 48, 'rz': 48, 'cx': 15, 'measure': 6, 'barrier': 1})
  Run 5/5: EquivalenceCriterion.equivalent_up_to_global_phase (import: 1.20ms, transpile: 15.09ms, gates: {'sx': 48, 'rz': 48, 'cx': 15, 'measure': 6, 'barrier': 1})
Running 5 transpilation tests on vqe_real_amp_07...
  Run 1/5: EquivalenceCriterion.equivalent (import: 1.05ms, transpile: 12.86ms, gates: {'sx': 56, 'rz': 56, 'cx': 18, 'measure': 7, 'barrier': 1})
  Run 2/5: EquivalenceCriterion.equivalent_up_to_global_phase (import: 0.83ms, transpile: 14.18ms, gates: {'sx': 56, 'rz': 56, 'cx': 18, 'measure': 7, 'barrier': 1})
  Run 3/5: EquivalenceCriterion.equivalent (import: 0.87ms, transpile: 12.03ms, gates: {'sx': 56, 'rz': 56, 'cx': 18, 'measure': 7, 'barrier': 1})
  Run 4/5: EquivalenceCriterion.equivalent (import: 0.76ms, transpile: 12.56ms, gates: {'sx': 56, 'rz': 56, 'cx': 18, 'measure': 7, 'barrier': 1})
  Run 5/5: EquivalenceCriterion.equivalent_up_to_global_phase (import: 2.04ms, transpile: 15.68ms, gates: {'sx': 56, 'rz': 56, 'cx': 18, 'measure': 7, 'barrier': 1})
Running 5 transpilation tests on vqe_real_amp_08...
  Run 1/5: EquivalenceCriterion.equivalent_up_to_global_phase (import: 1.00ms, transpile: 13.07ms, gates: {'sx': 64, 'rz': 64, 'cx': 21, 'measure': 8, 'barrier': 1})
  Run 2/5: EquivalenceCriterion.equivalent_up_to_global_phase (import: 0.87ms, transpile: 12.99ms, gates: {'sx': 64, 'rz': 64, 'cx': 21, 'measure': 8, 'barrier': 1})
  Run 3/5: EquivalenceCriterion.equivalent_up_to_global_phase (import: 0.83ms, transpile: 12.12ms, gates: {'sx': 64, 'rz': 64, 'cx': 21, 'measure': 8, 'barrier': 1})
  Run 4/5: EquivalenceCriterion.equivalent_up_to_global_phase (import: 0.80ms, transpile: 11.96ms, gates: {'sx': 64, 'rz': 64, 'cx': 21, 'measure': 8, 'barrier': 1})
  Run 5/5: EquivalenceCriterion.equivalent (import: 1.02ms, transpile: 15.11ms, gates: {'sx': 64, 'rz': 64, 'cx': 21, 'measure': 8, 'barrier': 1})
Failed to extract qubits: "<input>:1,0: identifiers cannot start with capital letters except for the builtins 'U' and 'CX'"
Running 5 transpilation tests on hhl_02...
  Run 1/5: FAILED - Import failed: "<input>:1,0: identifiers cannot start with capital letters except for the builtins 'U' and 'CX'"
  Run 2/5: FAILED - Import failed: "<input>:1,0: identifiers cannot start with capital letters except for the builtins 'U' and 'CX'"
  Run 3/5: FAILED - Import failed: "<input>:1,0: identifiers cannot start with capital letters except for the builtins 'U' and 'CX'"
  Run 4/5: FAILED - Import failed: "<input>:1,0: identifiers cannot start with capital letters except for the builtins 'U' and 'CX'"
  Run 5/5: FAILED - Import failed: "<input>:1,0: identifiers cannot start with capital letters except for the builtins 'U' and 'CX'"
Running 5 transpilation tests on hhl_03...
[QCEC] Warning: circuits have different number of primary inputs! Proceed with caution!
  Run 1/5: EquivalenceCriterion.equivalent (import: 0.46ms, transpile: 12.88ms, gates: {'rz': 13, 'sx': 8, 'cx': 6, 'x': 1, 'measure': 1})
[QCEC] Warning: circuits have different number of primary inputs! Proceed with caution!
  Run 2/5: EquivalenceCriterion.equivalent (import: 0.78ms, transpile: 15.36ms, gates: {'rz': 13, 'sx': 8, 'cx': 6, 'x': 1, 'measure': 1})
[QCEC] Warning: circuits have different number of primary inputs! Proceed with caution!
  Run 3/5: EquivalenceCriterion.equivalent (import: 0.66ms, transpile: 17.94ms, gates: {'rz': 13, 'sx': 8, 'cx': 6, 'x': 1, 'measure': 1})
[QCEC] Warning: circuits have different number of primary inputs! Proceed with caution!
  Run 4/5: EquivalenceCriterion.equivalent (import: 1.30ms, transpile: 13.81ms, gates: {'rz': 13, 'sx': 8, 'cx': 6, 'x': 1, 'measure': 1})
[QCEC] Warning: circuits have different number of primary inputs! Proceed with caution!
  Run 5/5: EquivalenceCriterion.equivalent (import: 0.76ms, transpile: 15.91ms, gates: {'rz': 13, 'sx': 8, 'cx': 6, 'x': 1, 'measure': 1})
Running 5 transpilation tests on hhl_04...
[QCEC] Warning: circuits have different number of primary inputs! Proceed with caution!
  Run 1/5: EquivalenceCriterion.equivalent_up_to_global_phase (import: 0.63ms, transpile: 14.71ms, gates: {'rz': 34, 'sx': 21, 'cx': 17, 'x': 3, 'measure': 1})
[QCEC] Warning: circuits have different number of primary inputs! Proceed with caution!
  Run 2/5: EquivalenceCriterion.equivalent_up_to_global_phase (import: 0.81ms, transpile: 16.47ms, gates: {'rz': 34, 'sx': 21, 'cx': 17, 'x': 3, 'measure': 1})
[QCEC] Warning: circuits have different number of primary inputs! Proceed with caution!
  Run 3/5: EquivalenceCriterion.equivalent_up_to_global_phase (import: 0.77ms, transpile: 14.69ms, gates: {'rz': 34, 'sx': 21, 'cx': 17, 'x': 3, 'measure': 1})
[QCEC] Warning: circuits have different number of primary inputs! Proceed with caution!
  Run 4/5: EquivalenceCriterion.equivalent_up_to_global_phase (import: 0.96ms, transpile: 19.18ms, gates: {'rz': 34, 'sx': 21, 'cx': 17, 'x': 3, 'measure': 1})
[QCEC] Warning: circuits have different number of primary inputs! Proceed with caution!
  Run 5/5: EquivalenceCriterion.equivalent_up_to_global_phase (import: 1.02ms, transpile: 18.00ms, gates: {'rz': 34, 'sx': 21, 'cx': 17, 'x': 3, 'measure': 1})
Running 5 transpilation tests on hhl_05...
[QCEC] Warning: circuits have different number of primary inputs! Proceed with caution!
  Run 1/5: EquivalenceCriterion.equivalent (import: 1.08ms, transpile: 16.25ms, gates: {'rz': 48, 'cx': 28, 'sx': 20, 'x': 1, 'measure': 1})
[QCEC] Warning: circuits have different number of primary inputs! Proceed with caution!
  Run 2/5: EquivalenceCriterion.equivalent (import: 0.92ms, transpile: 13.11ms, gates: {'rz': 48, 'cx': 28, 'sx': 20, 'x': 1, 'measure': 1})
[QCEC] Warning: circuits have different number of primary inputs! Proceed with caution!
  Run 3/5: EquivalenceCriterion.equivalent (import: 1.05ms, transpile: 16.39ms, gates: {'rz': 48, 'cx': 28, 'sx': 20, 'x': 1, 'measure': 1})
[QCEC] Warning: circuits have different number of primary inputs! Proceed with caution!
  Run 4/5: EquivalenceCriterion.equivalent (import: 1.37ms, transpile: 18.59ms, gates: {'rz': 48, 'cx': 28, 'sx': 20, 'x': 1, 'measure': 1})
[QCEC] Warning: circuits have different number of primary inputs! Proceed with caution!
  Run 5/5: EquivalenceCriterion.equivalent (import: 1.16ms, transpile: 14.57ms, gates: {'rz': 48, 'cx': 28, 'sx': 20, 'x': 1, 'measure': 1})
Running 5 transpilation tests on hhl_06...
[QCEC] Warning: circuits have different number of primary inputs! Proceed with caution!
  Run 1/5: EquivalenceCriterion.equivalent_up_to_global_phase (import: 0.90ms, transpile: 17.53ms, gates: {'rz': 69, 'cx': 45, 'sx': 24, 'x': 1, 'measure': 1})
[QCEC] Warning: circuits have different number of primary inputs! Proceed with caution!
  Run 2/5: EquivalenceCriterion.equivalent_up_to_global_phase (import: 0.95ms, transpile: 18.27ms, gates: {'rz': 69, 'cx': 45, 'sx': 24, 'x': 1, 'measure': 1})
[QCEC] Warning: circuits have different number of primary inputs! Proceed with caution!
  Run 3/5: EquivalenceCriterion.equivalent_up_to_global_phase (import: 2.19ms, transpile: 20.47ms, gates: {'rz': 69, 'cx': 45, 'sx': 24, 'x': 1, 'measure': 1})
[QCEC] Warning: circuits have different number of primary inputs! Proceed with caution!
  Run 4/5: EquivalenceCriterion.equivalent_up_to_global_phase (import: 0.97ms, transpile: 20.22ms, gates: {'rz': 69, 'cx': 45, 'sx': 24, 'x': 1, 'measure': 1})
[QCEC] Warning: circuits have different number of primary inputs! Proceed with caution!
  Run 5/5: EquivalenceCriterion.equivalent_up_to_global_phase (import: 0.97ms, transpile: 21.38ms, gates: {'rz': 69, 'cx': 45, 'sx': 24, 'x': 1, 'measure': 1})
Running 5 transpilation tests on hhl_07...
[QCEC] Warning: circuits have different number of primary inputs! Proceed with caution!
  Run 1/5: EquivalenceCriterion.equivalent_up_to_global_phase (import: 0.87ms, transpile: 19.44ms, gates: {'rz': 94, 'cx': 66, 'sx': 28, 'x': 1, 'measure': 1})
[QCEC] Warning: circuits have different number of primary inputs! Proceed with caution!
  Run 2/5: EquivalenceCriterion.equivalent_up_to_global_phase (import: 1.45ms, transpile: 22.39ms, gates: {'rz': 94, 'cx': 66, 'sx': 28, 'x': 1, 'measure': 1})
[QCEC] Warning: circuits have different number of primary inputs! Proceed with caution!
  Run 3/5: EquivalenceCriterion.equivalent_up_to_global_phase (import: 1.07ms, transpile: 25.71ms, gates: {'rz': 94, 'cx': 66, 'sx': 28, 'x': 1, 'measure': 1})
[QCEC] Warning: circuits have different number of primary inputs! Proceed with caution!
  Run 4/5: EquivalenceCriterion.equivalent_up_to_global_phase (import: 2.25ms, transpile: 27.67ms, gates: {'rz': 94, 'cx': 66, 'sx': 28, 'x': 1, 'measure': 1})
[QCEC] Warning: circuits have different number of primary inputs! Proceed with caution!
  Run 5/5: EquivalenceCriterion.equivalent_up_to_global_phase (import: 1.18ms, transpile: 23.53ms, gates: {'rz': 94, 'cx': 66, 'sx': 28, 'x': 1, 'measure': 1})
Running 5 transpilation tests on hhl_08...
[QCEC] Warning: circuits have different number of primary inputs! Proceed with caution!
  Run 1/5: EquivalenceCriterion.equivalent_up_to_global_phase (import: 0.98ms, transpile: 19.01ms, gates: {'rz': 123, 'cx': 91, 'sx': 32, 'x': 1, 'measure': 1})
[QCEC] Warning: circuits have different number of primary inputs! Proceed with caution!
  Run 2/5: EquivalenceCriterion.equivalent_up_to_global_phase (import: 1.20ms, transpile: 19.27ms, gates: {'rz': 123, 'cx': 91, 'sx': 32, 'x': 1, 'measure': 1})
[QCEC] Warning: circuits have different number of primary inputs! Proceed with caution!
  Run 3/5: EquivalenceCriterion.equivalent_up_to_global_phase (import: 1.71ms, transpile: 18.14ms, gates: {'rz': 123, 'cx': 91, 'sx': 32, 'x': 1, 'measure': 1})
[QCEC] Warning: circuits have different number of primary inputs! Proceed with caution!
  Run 4/5: EquivalenceCriterion.equivalent_up_to_global_phase (import: 1.37ms, transpile: 22.56ms, gates: {'rz': 123, 'cx': 91, 'sx': 32, 'x': 1, 'measure': 1})
[QCEC] Warning: circuits have different number of primary inputs! Proceed with caution!
  Run 5/5: EquivalenceCriterion.equivalent_up_to_global_phase (import: 1.42ms, transpile: 18.11ms, gates: {'rz': 123, 'cx': 91, 'sx': 32, 'x': 1, 'measure': 1})
Running 5 transpilation tests on grover_02...
  Run 1/5: EquivalenceCriterion.equivalent_up_to_global_phase (import: 0.38ms, transpile: 14.14ms, gates: {'rz': 6, 'sx': 3, 'measure': 2, 'cx': 1, 'barrier': 1})
  Run 2/5: EquivalenceCriterion.equivalent_up_to_global_phase (import: 0.73ms, transpile: 12.89ms, gates: {'rz': 6, 'sx': 3, 'measure': 2, 'cx': 1, 'barrier': 1})
  Run 3/5: EquivalenceCriterion.equivalent_up_to_global_phase (import: 0.58ms, transpile: 12.79ms, gates: {'rz': 6, 'sx': 3, 'measure': 2, 'cx': 1, 'barrier': 1})
  Run 4/5: EquivalenceCriterion.equivalent_up_to_global_phase (import: 0.62ms, transpile: 14.15ms, gates: {'rz': 6, 'sx': 3, 'measure': 2, 'cx': 1, 'barrier': 1})
  Run 5/5: EquivalenceCriterion.equivalent_up_to_global_phase (import: 0.59ms, transpile: 15.94ms, gates: {'rz': 6, 'sx': 3, 'measure': 2, 'cx': 1, 'barrier': 1})
Running 5 transpilation tests on grover_03...
  Run 1/5: EquivalenceCriterion.equivalent_up_to_global_phase (import: 0.60ms, transpile: 11.52ms, gates: {'rz': 16, 'sx': 8, 'cx': 6, 'measure': 3, 'x': 1, 'barrier': 1})
  Run 2/5: EquivalenceCriterion.equivalent_up_to_global_phase (import: 0.73ms, transpile: 9.90ms, gates: {'rz': 16, 'sx': 8, 'cx': 6, 'measure': 3, 'x': 1, 'barrier': 1})
  Run 3/5: EquivalenceCriterion.equivalent_up_to_global_phase (import: 0.60ms, transpile: 9.69ms, gates: {'rz': 16, 'sx': 8, 'cx': 6, 'measure': 3, 'x': 1, 'barrier': 1})
  Run 4/5: EquivalenceCriterion.equivalent_up_to_global_phase (import: 0.55ms, transpile: 9.76ms, gates: {'rz': 16, 'sx': 8, 'cx': 6, 'measure': 3, 'x': 1, 'barrier': 1})
  Run 5/5: EquivalenceCriterion.equivalent_up_to_global_phase (import: 0.63ms, transpile: 10.50ms, gates: {'rz': 16, 'sx': 8, 'cx': 6, 'measure': 3, 'x': 1, 'barrier': 1})
Running 5 transpilation tests on grover_04...
  Run 1/5: EquivalenceCriterion.equivalent_up_to_global_phase (import: 0.52ms, transpile: 19.83ms, gates: {'rz': 79, 'cx': 52, 'sx': 23, 'measure': 4, 'barrier': 1})
  Run 2/5: EquivalenceCriterion.equivalent_up_to_global_phase (import: 1.41ms, transpile: 16.18ms, gates: {'rz': 79, 'cx': 52, 'sx': 23, 'measure': 4, 'barrier': 1})
  Run 3/5: EquivalenceCriterion.equivalent_up_to_global_phase (import: 0.73ms, transpile: 14.93ms, gates: {'rz': 79, 'cx': 52, 'sx': 23, 'measure': 4, 'barrier': 1})
  Run 4/5: EquivalenceCriterion.equivalent_up_to_global_phase (import: 1.16ms, transpile: 18.63ms, gates: {'rz': 79, 'cx': 52, 'sx': 23, 'measure': 4, 'barrier': 1})
  Run 5/5: EquivalenceCriterion.equivalent_up_to_global_phase (import: 0.74ms, transpile: 14.77ms, gates: {'rz': 79, 'cx': 52, 'sx': 23, 'measure': 4, 'barrier': 1})
Running 5 transpilation tests on grover_05...
  Run 1/5: EquivalenceCriterion.equivalent_up_to_global_phase (import: 0.87ms, transpile: 28.29ms, gates: {'rz': 241, 'cx': 168, 'sx': 70, 'measure': 5, 'x': 3, 'barrier': 1})
  Run 2/5: EquivalenceCriterion.equivalent_up_to_global_phase (import: 0.83ms, transpile: 22.20ms, gates: {'rz': 241, 'cx': 168, 'sx': 70, 'measure': 5, 'x': 3, 'barrier': 1})
  Run 3/5: EquivalenceCriterion.equivalent_up_to_global_phase (import: 0.95ms, transpile: 26.81ms, gates: {'rz': 241, 'cx': 168, 'sx': 70, 'measure': 5, 'x': 3, 'barrier': 1})
  Run 4/5: EquivalenceCriterion.equivalent_up_to_global_phase (import: 0.77ms, transpile: 21.62ms, gates: {'rz': 241, 'cx': 168, 'sx': 70, 'measure': 5, 'x': 3, 'barrier': 1})
  Run 5/5: EquivalenceCriterion.equivalent_up_to_global_phase (import: 1.65ms, transpile: 31.24ms, gates: {'rz': 241, 'cx': 168, 'sx': 70, 'measure': 5, 'x': 3, 'barrier': 1})
Running 5 transpilation tests on grover_06...
  Run 1/5: EquivalenceCriterion.equivalent_up_to_global_phase (import: 1.07ms, transpile: 52.33ms, gates: {'rz': 635, 'cx': 480, 'sx': 149, 'measure': 6, 'barrier': 1})
  Run 2/5: EquivalenceCriterion.equivalent_up_to_global_phase (import: 1.50ms, transpile: 46.26ms, gates: {'rz': 635, 'cx': 480, 'sx': 149, 'measure': 6, 'barrier': 1})
  Run 3/5: EquivalenceCriterion.equivalent_up_to_global_phase (import: 1.05ms, transpile: 42.83ms, gates: {'rz': 635, 'cx': 480, 'sx': 149, 'measure': 6, 'barrier': 1})
  Run 4/5: EquivalenceCriterion.equivalent_up_to_global_phase (import: 0.95ms, transpile: 40.72ms, gates: {'rz': 635, 'cx': 480, 'sx': 149, 'measure': 6, 'barrier': 1})
  Run 5/5: EquivalenceCriterion.equivalent_up_to_global_phase (import: 1.14ms, transpile: 49.62ms, gates: {'rz': 635, 'cx': 480, 'sx': 149, 'measure': 6, 'barrier': 1})
Running 5 transpilation tests on grover_07...
  Run 1/5: EquivalenceCriterion.equivalent_up_to_global_phase (import: 1.65ms, transpile: 97.10ms, gates: {'rz': 1699, 'cx': 1322, 'sx': 376, 'x': 11, 'measure': 7, 'barrier': 1})
  Run 2/5: EquivalenceCriterion.equivalent_up_to_global_phase (import: 2.29ms, transpile: 95.56ms, gates: {'rz': 1699, 'cx': 1322, 'sx': 376, 'x': 11, 'measure': 7, 'barrier': 1})
  Run 3/5: EquivalenceCriterion.equivalent_up_to_global_phase (import: 2.38ms, transpile: 93.25ms, gates: {'rz': 1699, 'cx': 1322, 'sx': 376, 'x': 11, 'measure': 7, 'barrier': 1})
  Run 4/5: EquivalenceCriterion.equivalent_up_to_global_phase (import: 1.66ms, transpile: 94.38ms, gates: {'rz': 1699, 'cx': 1322, 'sx': 376, 'x': 11, 'measure': 7, 'barrier': 1})
  Run 5/5: EquivalenceCriterion.equivalent_up_to_global_phase (import: 1.75ms, transpile: 98.52ms, gates: {'rz': 1699, 'cx': 1322, 'sx': 376, 'x': 11, 'measure': 7, 'barrier': 1})
Running 5 transpilation tests on grover_08...
  Run 1/5: EquivalenceCriterion.equivalent_up_to_global_phase (import: 3.06ms, transpile: 188.13ms, gates: {'rz': 3584, 'cx': 2864, 'sx': 759, 'x': 8, 'measure': 8, 'barrier': 1})
  Run 2/5: EquivalenceCriterion.equivalent_up_to_global_phase (import: 2.50ms, transpile: 172.03ms, gates: {'rz': 3584, 'cx': 2864, 'sx': 759, 'x': 8, 'measure': 8, 'barrier': 1})
  Run 3/5: EquivalenceCriterion.equivalent_up_to_global_phase (import: 1.98ms, transpile: 179.49ms, gates: {'rz': 3584, 'cx': 2864, 'sx': 759, 'x': 8, 'measure': 8, 'barrier': 1})
  Run 4/5: EquivalenceCriterion.equivalent_up_to_global_phase (import: 2.62ms, transpile: 172.35ms, gates: {'rz': 3584, 'cx': 2864, 'sx': 759, 'x': 8, 'measure': 8, 'barrier': 1})
  Run 5/5: EquivalenceCriterion.equivalent_up_to_global_phase (import: 2.37ms, transpile: 166.11ms, gates: {'rz': 3584, 'cx': 2864, 'sx': 759, 'x': 8, 'measure': 8, 'barrier': 1})
Results saved to experiments/transpiler_result_20260611_143715_Qiskit_mapped_all_to_all_IBM_gateset.json
Processing SDK: Qiskit_mapped_line_IBM_gateset
Running 5 transpilation tests on qaoa_02...
  Run 1/5: EquivalenceCriterion.equivalent_up_to_global_phase (import: 0.34ms, transpile: 10.89ms, gates: {'rz': 11, 'sx': 8, 'cx': 2})
  Run 2/5: EquivalenceCriterion.equivalent_up_to_global_phase (import: 0.46ms, transpile: 12.82ms, gates: {'rz': 11, 'sx': 8, 'cx': 2})
  Run 3/5: EquivalenceCriterion.equivalent_up_to_global_phase (import: 0.50ms, transpile: 15.61ms, gates: {'rz': 11, 'sx': 8, 'cx': 2})
The ZX checker suggests that the circuits are not equivalent, but the simulation checker suggests that they are probably equivalent. Thus, no conclusion can be drawn.
  Run 4/5: EquivalenceCriterion.no_information (import: 0.48ms, transpile: 11.88ms, gates: {'rz': 11, 'sx': 8, 'cx': 2})
  Run 5/5: EquivalenceCriterion.equivalent_up_to_global_phase (import: 0.71ms, transpile: 15.97ms, gates: {'rz': 11, 'sx': 8, 'cx': 2})
Running 5 transpilation tests on qaoa_03...
  Run 1/5: EquivalenceCriterion.equivalent_up_to_global_phase (import: 0.70ms, transpile: 14.13ms, gates: {'rz': 26, 'sx': 15, 'cx': 8})
  Run 2/5: EquivalenceCriterion.equivalent_up_to_global_phase (import: 1.35ms, transpile: 13.74ms, gates: {'rz': 26, 'sx': 15, 'cx': 8})
  Run 3/5: EquivalenceCriterion.equivalent_up_to_global_phase (import: 0.65ms, transpile: 12.93ms, gates: {'rz': 26, 'sx': 15, 'cx': 8})
  Run 4/5: EquivalenceCriterion.equivalent_up_to_global_phase (import: 0.50ms, transpile: 10.02ms, gates: {'rz': 26, 'sx': 15, 'cx': 8})
  Run 5/5: EquivalenceCriterion.equivalent_up_to_global_phase (import: 0.50ms, transpile: 9.99ms, gates: {'rz': 26, 'sx': 15, 'cx': 8})
Running 5 transpilation tests on qaoa_04...
  Run 1/5: EquivalenceCriterion.equivalent_up_to_global_phase (import: 0.50ms, transpile: 12.28ms, gates: {'rz': 28, 'sx': 16, 'cx': 8})
  Run 2/5: EquivalenceCriterion.equivalent_up_to_global_phase (import: 0.63ms, transpile: 10.36ms, gates: {'rz': 28, 'sx': 16, 'cx': 8})
  Run 3/5: EquivalenceCriterion.equivalent_up_to_global_phase (import: 0.66ms, transpile: 12.85ms, gates: {'rz': 28, 'sx': 16, 'cx': 8})
  Run 4/5: EquivalenceCriterion.equivalent_up_to_global_phase (import: 0.96ms, transpile: 11.03ms, gates: {'rz': 28, 'sx': 16, 'cx': 8})
  Run 5/5: EquivalenceCriterion.equivalent_up_to_global_phase (import: 0.59ms, transpile: 9.60ms, gates: {'rz': 28, 'sx': 16, 'cx': 8})
Running 5 transpilation tests on qaoa_05...
  Run 1/5: EquivalenceCriterion.equivalent_up_to_global_phase (import: 0.60ms, transpile: 16.04ms, gates: {'rz': 55, 'sx': 32, 'cx': 32})
  Run 2/5: EquivalenceCriterion.equivalent_up_to_global_phase (import: 0.67ms, transpile: 12.22ms, gates: {'rz': 56, 'sx': 32, 'cx': 32})
  Run 3/5: EquivalenceCriterion.equivalent_up_to_global_phase (import: 1.20ms, transpile: 14.16ms, gates: {'rz': 56, 'sx': 32, 'cx': 32})
  Run 4/5: EquivalenceCriterion.equivalent_up_to_global_phase (import: 0.81ms, transpile: 19.85ms, gates: {'rz': 56, 'sx': 32, 'cx': 32})
  Run 5/5: EquivalenceCriterion.equivalent_up_to_global_phase (import: 0.88ms, transpile: 14.78ms, gates: {'rz': 62, 'sx': 33, 'cx': 32})
Running 5 transpilation tests on qaoa_06...
  Run 1/5: EquivalenceCriterion.equivalent_up_to_global_phase (import: 0.63ms, transpile: 12.66ms, gates: {'rz': 64, 'cx': 44, 'sx': 34})
  Run 2/5: EquivalenceCriterion.equivalent_up_to_global_phase (import: 0.71ms, transpile: 17.04ms, gates: {'rz': 68, 'cx': 44, 'sx': 34})
  Run 3/5: EquivalenceCriterion.equivalent_up_to_global_phase (import: 0.77ms, transpile: 14.38ms, gates: {'rz': 67, 'cx': 44, 'sx': 34, 'x': 1})
  Run 4/5: EquivalenceCriterion.equivalent_up_to_global_phase (import: 0.89ms, transpile: 20.28ms, gates: {'rz': 68, 'cx': 44, 'sx': 34})
  Run 5/5: EquivalenceCriterion.equivalent_up_to_global_phase (import: 0.78ms, transpile: 13.61ms, gates: {'rz': 68, 'cx': 42, 'sx': 38})
Running 5 transpilation tests on qaoa_07...
  Run 1/5: EquivalenceCriterion.equivalent_up_to_global_phase (import: 0.69ms, transpile: 16.58ms, gates: {'cx': 111, 'rz': 108, 'sx': 56, 'x': 1})
  Run 2/5: EquivalenceCriterion.equivalent_up_to_global_phase (import: 0.79ms, transpile: 26.57ms, gates: {'cx': 113, 'rz': 99, 'sx': 52, 'x': 3})
  Run 3/5: EquivalenceCriterion.equivalent_up_to_global_phase (import: 0.83ms, transpile: 16.07ms, gates: {'cx': 111, 'rz': 108, 'sx': 56, 'x': 1})
  Run 4/5: EquivalenceCriterion.equivalent_up_to_global_phase (import: 1.18ms, transpile: 16.78ms, gates: {'cx': 111, 'rz': 110, 'sx': 57, 'x': 3})
  Run 5/5: EquivalenceCriterion.equivalent_up_to_global_phase (import: 1.41ms, transpile: 25.35ms, gates: {'cx': 113, 'rz': 99, 'sx': 52, 'x': 3})
Running 5 transpilation tests on qaoa_08...
  Run 1/5: EquivalenceCriterion.equivalent_up_to_global_phase (import: 1.08ms, transpile: 20.01ms, gates: {'cx': 127, 'rz': 99, 'sx': 47, 'x': 2})
  Run 2/5: EquivalenceCriterion.equivalent_up_to_global_phase (import: 0.78ms, transpile: 17.57ms, gates: {'cx': 127, 'rz': 99, 'sx': 47, 'x': 2})
  Run 3/5: EquivalenceCriterion.equivalent_up_to_global_phase (import: 0.89ms, transpile: 17.68ms, gates: {'cx': 123, 'rz': 102, 'sx': 47})
  Run 4/5: EquivalenceCriterion.equivalent_up_to_global_phase (import: 0.81ms, transpile: 18.91ms, gates: {'cx': 127, 'rz': 99, 'sx': 47, 'x': 2})
  Run 5/5: EquivalenceCriterion.equivalent_up_to_global_phase (import: 0.86ms, transpile: 21.91ms, gates: {'cx': 123, 'rz': 102, 'sx': 47})
Running 5 transpilation tests on qft_02...
  Run 1/5: EquivalenceCriterion.equivalent_up_to_global_phase (import: 0.47ms, transpile: 13.06ms, gates: {'rz': 9, 'sx': 5, 'cx': 3, 'measure': 2, 'barrier': 1})
  Run 2/5: EquivalenceCriterion.equivalent_up_to_global_phase (import: 0.59ms, transpile: 11.25ms, gates: {'rz': 9, 'sx': 5, 'cx': 3, 'measure': 2, 'barrier': 1})
  Run 3/5: EquivalenceCriterion.equivalent_up_to_global_phase (import: 0.85ms, transpile: 21.19ms, gates: {'rz': 9, 'sx': 5, 'cx': 3, 'measure': 2, 'barrier': 1})
  Run 4/5: EquivalenceCriterion.equivalent_up_to_global_phase (import: 0.48ms, transpile: 9.99ms, gates: {'rz': 9, 'sx': 5, 'cx': 3, 'measure': 2, 'barrier': 1})
  Run 5/5: EquivalenceCriterion.equivalent_up_to_global_phase (import: 0.55ms, transpile: 11.97ms, gates: {'rz': 9, 'sx': 5, 'cx': 3, 'measure': 2, 'barrier': 1})
Running 5 transpilation tests on qft_03...
  Run 1/5: EquivalenceCriterion.equivalent_up_to_global_phase (import: 0.38ms, transpile: 11.40ms, gates: {'rz': 11, 'cx': 9, 'sx': 3, 'measure': 3, 'barrier': 1})
  Run 2/5: EquivalenceCriterion.equivalent_up_to_global_phase (import: 0.61ms, transpile: 10.74ms, gates: {'rz': 11, 'cx': 9, 'sx': 3, 'measure': 3, 'barrier': 1})
  Run 3/5: EquivalenceCriterion.equivalent_up_to_global_phase (import: 0.65ms, transpile: 10.19ms, gates: {'rz': 11, 'cx': 9, 'sx': 3, 'measure': 3, 'barrier': 1})
  Run 4/5: EquivalenceCriterion.equivalent_up_to_global_phase (import: 0.50ms, transpile: 10.23ms, gates: {'rz': 11, 'cx': 9, 'sx': 3, 'measure': 3, 'barrier': 1})
  Run 5/5: EquivalenceCriterion.equivalent_up_to_global_phase (import: 0.60ms, transpile: 10.33ms, gates: {'rz': 11, 'cx': 9, 'sx': 3, 'measure': 3, 'barrier': 1})
Running 5 transpilation tests on qft_04...
  Run 1/5: EquivalenceCriterion.equivalent_up_to_global_phase (import: 0.48ms, transpile: 12.34ms, gates: {'rz': 23, 'cx': 19, 'sx': 8, 'measure': 4, 'barrier': 1})
  Run 2/5: EquivalenceCriterion.equivalent_up_to_global_phase (import: 0.81ms, transpile: 15.98ms, gates: {'rz': 23, 'cx': 19, 'sx': 8, 'measure': 4, 'barrier': 1})
  Run 3/5: EquivalenceCriterion.equivalent_up_to_global_phase (import: 0.82ms, transpile: 14.05ms, gates: {'rz': 24, 'cx': 19, 'sx': 8, 'measure': 4, 'barrier': 1})
  Run 4/5: EquivalenceCriterion.equivalent_up_to_global_phase (import: 0.76ms, transpile: 12.92ms, gates: {'rz': 23, 'cx': 19, 'sx': 8, 'measure': 4, 'barrier': 1})
  Run 5/5: EquivalenceCriterion.equivalent_up_to_global_phase (import: 0.53ms, transpile: 14.45ms, gates: {'rz': 23, 'cx': 19, 'sx': 8, 'measure': 4, 'barrier': 1})
Running 5 transpilation tests on qft_05...
  Run 1/5: EquivalenceCriterion.equivalent_up_to_global_phase (import: 0.40ms, transpile: 14.75ms, gates: {'rz': 45, 'cx': 30, 'sx': 21, 'measure': 5, 'barrier': 1})
  Run 2/5: EquivalenceCriterion.equivalent_up_to_global_phase (import: 0.57ms, transpile: 14.70ms, gates: {'rz': 45, 'cx': 30, 'sx': 21, 'measure': 5, 'barrier': 1})
  Run 3/5: EquivalenceCriterion.equivalent_up_to_global_phase (import: 1.06ms, transpile: 14.76ms, gates: {'rz': 45, 'cx': 30, 'sx': 21, 'measure': 5, 'barrier': 1})
  Run 4/5: EquivalenceCriterion.equivalent_up_to_global_phase (import: 0.64ms, transpile: 16.48ms, gates: {'rz': 45, 'cx': 30, 'sx': 21, 'measure': 5, 'barrier': 1})
  Run 5/5: EquivalenceCriterion.equivalent_up_to_global_phase (import: 0.62ms, transpile: 12.95ms, gates: {'rz': 45, 'cx': 30, 'sx': 21, 'measure': 5, 'barrier': 1})
Running 5 transpilation tests on qft_06...
  Run 1/5: EquivalenceCriterion.equivalent_up_to_global_phase (import: 0.46ms, transpile: 14.93ms, gates: {'rz': 71, 'cx': 51, 'sx': 30, 'measure': 6, 'x': 1, 'barrier': 1})
  Run 2/5: EquivalenceCriterion.equivalent_up_to_global_phase (import: 0.64ms, transpile: 14.87ms, gates: {'rz': 70, 'cx': 51, 'sx': 30, 'measure': 6, 'x': 1, 'barrier': 1})
  Run 3/5: EquivalenceCriterion.equivalent_up_to_global_phase (import: 0.60ms, transpile: 17.09ms, gates: {'rz': 70, 'cx': 51, 'sx': 30, 'measure': 6, 'x': 1, 'barrier': 1})
  Run 4/5: EquivalenceCriterion.equivalent_up_to_global_phase (import: 1.07ms, transpile: 18.48ms, gates: {'rz': 71, 'cx': 51, 'sx': 30, 'measure': 6, 'x': 1, 'barrier': 1})
  Run 5/5: EquivalenceCriterion.equivalent_up_to_global_phase (import: 0.65ms, transpile: 15.07ms, gates: {'rz': 70, 'cx': 51, 'sx': 30, 'measure': 6, 'x': 1, 'barrier': 1})
Running 5 transpilation tests on qft_07...
  Run 1/5: EquivalenceCriterion.equivalent_up_to_global_phase (import: 0.42ms, transpile: 24.79ms, gates: {'rz': 100, 'cx': 75, 'sx': 43, 'measure': 7, 'x': 1, 'barrier': 1})
  Run 2/5: EquivalenceCriterion.equivalent_up_to_global_phase (import: 0.65ms, transpile: 17.33ms, gates: {'rz': 99, 'cx': 75, 'sx': 43, 'measure': 7, 'x': 1, 'barrier': 1})
  Run 3/5: EquivalenceCriterion.equivalent_up_to_global_phase (import: 0.73ms, transpile: 25.77ms, gates: {'rz': 99, 'cx': 75, 'sx': 43, 'measure': 7, 'x': 1, 'barrier': 1})
  Run 4/5: EquivalenceCriterion.equivalent_up_to_global_phase (import: 1.20ms, transpile: 24.62ms, gates: {'rz': 99, 'cx': 75, 'sx': 43, 'measure': 7, 'x': 1, 'barrier': 1})
  Run 5/5: EquivalenceCriterion.equivalent_up_to_global_phase (import: 0.87ms, transpile: 24.07ms, gates: {'rz': 100, 'cx': 75, 'sx': 43, 'measure': 7, 'x': 1, 'barrier': 1})
Running 5 transpilation tests on qft_08...
The ZX checker suggests that the circuits are not equivalent, but the simulation checker suggests that they are probably equivalent. Thus, no conclusion can be drawn.
  Run 1/5: EquivalenceCriterion.no_information (import: 0.47ms, transpile: 23.53ms, gates: {'rz': 119, 'cx': 97, 'sx': 48, 'measure': 8, 'x': 1, 'barrier': 1})
  Run 2/5: EquivalenceCriterion.equivalent_up_to_global_phase (import: 0.72ms, transpile: 28.32ms, gates: {'rz': 120, 'cx': 97, 'sx': 48, 'measure': 8, 'x': 1, 'barrier': 1})
The ZX checker suggests that the circuits are not equivalent, but the simulation checker suggests that they are probably equivalent. Thus, no conclusion can be drawn.
  Run 3/5: EquivalenceCriterion.no_information (import: 0.60ms, transpile: 20.99ms, gates: {'rz': 119, 'cx': 97, 'sx': 48, 'measure': 8, 'x': 1, 'barrier': 1})
  Run 4/5: EquivalenceCriterion.equivalent_up_to_global_phase (import: 0.68ms, transpile: 21.99ms, gates: {'rz': 120, 'cx': 97, 'sx': 48, 'measure': 8, 'x': 1, 'barrier': 1})
  Run 5/5: EquivalenceCriterion.equivalent_up_to_global_phase (import: 0.80ms, transpile: 23.62ms, gates: {'rz': 120, 'cx': 97, 'sx': 48, 'measure': 8, 'x': 1, 'barrier': 1})
Running 5 transpilation tests on randomcircuit_02...
The ZX checker suggests that the circuits are not equivalent, but the simulation checker suggests that they are probably equivalent. Thus, no conclusion can be drawn.
  Run 1/5: EquivalenceCriterion.no_information (import: 0.76ms, transpile: 11.15ms, gates: {'rz': 12, 'sx': 10, 'cx': 2, 'measure': 2, 'barrier': 1})
  Run 2/5: EquivalenceCriterion.no_information (import: 0.91ms, transpile: 14.52ms, gates: {'rz': 12, 'sx': 10, 'cx': 2, 'measure': 2, 'barrier': 1})
The ZX checker suggests that the circuits are not equivalent, but the simulation checker suggests that they are probably equivalent. Thus, no conclusion can be drawn.
The ZX checker suggests that the circuits are not equivalent, but the simulation checker suggests that they are probably equivalent. Thus, no conclusion can be drawn.
  Run 3/5: EquivalenceCriterion.no_information (import: 0.64ms, transpile: 12.90ms, gates: {'rz': 12, 'sx': 10, 'cx': 2, 'measure': 2, 'barrier': 1})
  Run 4/5: EquivalenceCriterion.equivalent_up_to_global_phase (import: 0.74ms, transpile: 10.66ms, gates: {'rz': 12, 'sx': 10, 'cx': 2, 'measure': 2, 'barrier': 1})
  Run 5/5: EquivalenceCriterion.equivalent_up_to_global_phase (import: 0.70ms, transpile: 11.98ms, gates: {'rz': 12, 'sx': 10, 'cx': 2, 'measure': 2, 'barrier': 1})
Running 5 transpilation tests on randomcircuit_03...
  Run 1/5: EquivalenceCriterion.equivalent_up_to_global_phase (import: 0.83ms, transpile: 18.55ms, gates: {'rz': 42, 'cx': 28, 'sx': 19, 'x': 3, 'measure': 3, 'barrier': 1})
  Run 2/5: EquivalenceCriterion.equivalent_up_to_global_phase (import: 0.84ms, transpile: 19.26ms, gates: {'rz': 42, 'cx': 28, 'sx': 19, 'x': 3, 'measure': 3, 'barrier': 1})
  Run 3/5: EquivalenceCriterion.equivalent_up_to_global_phase (import: 0.72ms, transpile: 18.20ms, gates: {'rz': 39, 'cx': 28, 'sx': 19, 'measure': 3, 'x': 2, 'barrier': 1})
  Run 4/5: EquivalenceCriterion.equivalent_up_to_global_phase (import: 0.79ms, transpile: 21.95ms, gates: {'rz': 37, 'cx': 30, 'sx': 14, 'measure': 3, 'x': 2, 'barrier': 1})
  Run 5/5: EquivalenceCriterion.equivalent_up_to_global_phase (import: 0.63ms, transpile: 14.05ms, gates: {'rz': 42, 'cx': 28, 'sx': 19, 'x': 3, 'measure': 3, 'barrier': 1})
Running 5 transpilation tests on randomcircuit_04...
  Run 1/5: EquivalenceCriterion.equivalent_up_to_global_phase (import: 0.54ms, transpile: 23.43ms, gates: {'cx': 109, 'rz': 107, 'sx': 53, 'x': 4, 'measure': 4, 'barrier': 1})
  Run 2/5: EquivalenceCriterion.equivalent_up_to_global_phase (import: 0.92ms, transpile: 36.75ms, gates: {'cx': 109, 'rz': 107, 'sx': 53, 'x': 4, 'measure': 4, 'barrier': 1})
  Run 3/5: EquivalenceCriterion.equivalent_up_to_global_phase (import: 0.75ms, transpile: 25.94ms, gates: {'rz': 107, 'cx': 107, 'sx': 53, 'x': 4, 'measure': 4, 'barrier': 1})
  Run 4/5: EquivalenceCriterion.equivalent_up_to_global_phase (import: 0.64ms, transpile: 27.51ms, gates: {'rz': 107, 'cx': 107, 'sx': 53, 'x': 4, 'measure': 4, 'barrier': 1})
  Run 5/5: EquivalenceCriterion.equivalent_up_to_global_phase (import: 1.19ms, transpile: 30.22ms, gates: {'cx': 109, 'rz': 107, 'sx': 53, 'x': 4, 'measure': 4, 'barrier': 1})
Running 5 transpilation tests on randomcircuit_05...
  Run 1/5: EquivalenceCriterion.equivalent_up_to_global_phase (import: 0.74ms, transpile: 26.94ms, gates: {'rz': 123, 'cx': 106, 'sx': 62, 'x': 6, 'measure': 5, 'barrier': 1})
  Run 2/5: EquivalenceCriterion.equivalent_up_to_global_phase (import: 0.89ms, transpile: 27.07ms, gates: {'rz': 123, 'cx': 106, 'sx': 62, 'x': 6, 'measure': 5, 'barrier': 1})
  Run 3/5: EquivalenceCriterion.equivalent_up_to_global_phase (import: 0.86ms, transpile: 26.50ms, gates: {'rz': 123, 'cx': 106, 'sx': 62, 'x': 6, 'measure': 5, 'barrier': 1})
  Run 4/5: EquivalenceCriterion.equivalent_up_to_global_phase (import: 1.05ms, transpile: 32.03ms, gates: {'rz': 123, 'cx': 106, 'sx': 62, 'x': 6, 'measure': 5, 'barrier': 1})
  Run 5/5: EquivalenceCriterion.equivalent_up_to_global_phase (import: 1.25ms, transpile: 30.72ms, gates: {'rz': 123, 'cx': 106, 'sx': 62, 'x': 6, 'measure': 5, 'barrier': 1})
Running 5 transpilation tests on randomcircuit_06...
  Run 1/5: EquivalenceCriterion.equivalent_up_to_global_phase (import: 0.71ms, transpile: 33.61ms, gates: {'rz': 204, 'cx': 197, 'sx': 101, 'x': 8, 'measure': 6, 'barrier': 1})
  Run 2/5: EquivalenceCriterion.equivalent_up_to_global_phase (import: 0.86ms, transpile: 42.01ms, gates: {'rz': 204, 'cx': 197, 'sx': 101, 'x': 8, 'measure': 6, 'barrier': 1})
  Run 3/5: EquivalenceCriterion.equivalent_up_to_global_phase (import: 0.89ms, transpile: 35.42ms, gates: {'rz': 200, 'cx': 199, 'sx': 97, 'x': 8, 'measure': 6, 'barrier': 1})
  Run 4/5: EquivalenceCriterion.equivalent_up_to_global_phase (import: 0.85ms, transpile: 33.96ms, gates: {'rz': 199, 'cx': 199, 'sx': 96, 'x': 7, 'measure': 6, 'barrier': 1})
  Run 5/5: EquivalenceCriterion.equivalent_up_to_global_phase (import: 0.84ms, transpile: 35.54ms, gates: {'rz': 204, 'cx': 193, 'sx': 101, 'x': 8, 'measure': 6, 'barrier': 1})
Running 5 transpilation tests on randomcircuit_07...
  Run 1/5: EquivalenceCriterion.equivalent_up_to_global_phase (import: 0.90ms, transpile: 58.42ms, gates: {'cx': 353, 'rz': 313, 'sx': 164, 'x': 9, 'measure': 7, 'barrier': 1})
  Run 2/5: EquivalenceCriterion.equivalent_up_to_global_phase (import: 1.06ms, transpile: 59.16ms, gates: {'cx': 353, 'rz': 313, 'sx': 164, 'x': 9, 'measure': 7, 'barrier': 1})
  Run 3/5: EquivalenceCriterion.equivalent_up_to_global_phase (import: 1.06ms, transpile: 51.24ms, gates: {'cx': 353, 'rz': 312, 'sx': 161, 'x': 13, 'measure': 7, 'barrier': 1})
  Run 4/5: EquivalenceCriterion.equivalent_up_to_global_phase (import: 1.02ms, transpile: 53.54ms, gates: {'cx': 351, 'rz': 311, 'sx': 161, 'x': 13, 'measure': 7, 'barrier': 1})
  Run 5/5: EquivalenceCriterion.equivalent_up_to_global_phase (import: 1.13ms, transpile: 55.16ms, gates: {'cx': 353, 'rz': 308, 'sx': 156, 'x': 13, 'measure': 7, 'barrier': 1})
Running 5 transpilation tests on randomcircuit_08...
  Run 1/5: EquivalenceCriterion.equivalent_up_to_global_phase (import: 1.02ms, transpile: 69.81ms, gates: {'cx': 495, 'rz': 429, 'sx': 208, 'x': 15, 'measure': 8, 'barrier': 1})
  Run 2/5: EquivalenceCriterion.equivalent_up_to_global_phase (import: 1.03ms, transpile: 74.27ms, gates: {'cx': 465, 'rz': 444, 'sx': 215, 'x': 20, 'measure': 8, 'barrier': 1})
  Run 3/5: EquivalenceCriterion.equivalent_up_to_global_phase (import: 1.55ms, transpile: 74.90ms, gates: {'cx': 497, 'rz': 431, 'sx': 209, 'x': 14, 'measure': 8, 'barrier': 1})
  Run 4/5: EquivalenceCriterion.equivalent_up_to_global_phase (import: 2.27ms, transpile: 102.91ms, gates: {'cx': 466, 'rz': 448, 'sx': 220, 'x': 20, 'measure': 8, 'barrier': 1})
  Run 5/5: EquivalenceCriterion.equivalent_up_to_global_phase (import: 1.21ms, transpile: 70.23ms, gates: {'cx': 473, 'rz': 442, 'sx': 214, 'x': 17, 'measure': 8, 'barrier': 1})
Running 5 transpilation tests on vqe_real_amp_02...
  Run 1/5: EquivalenceCriterion.no_information (import: 0.50ms, transpile: 10.44ms, gates: {'sx': 8, 'rz': 8, 'cx': 3, 'measure': 2, 'barrier': 1})
The ZX checker suggests that the circuits are not equivalent, but the simulation checker suggests that they are probably equivalent. Thus, no conclusion can be drawn.
The ZX checker suggests that the circuits are not equivalent, but the simulation checker suggests that they are probably equivalent. Thus, no conclusion can be drawn.
  Run 2/5: EquivalenceCriterion.no_information (import: 0.58ms, transpile: 9.74ms, gates: {'sx': 8, 'rz': 8, 'cx': 3, 'measure': 2, 'barrier': 1})
The ZX checker suggests that the circuits are not equivalent, but the simulation checker suggests that they are probably equivalent. Thus, no conclusion can be drawn.
  Run 3/5: EquivalenceCriterion.no_information (import: 1.25ms, transpile: 10.90ms, gates: {'sx': 8, 'rz': 8, 'cx': 3, 'measure': 2, 'barrier': 1})
  Run 4/5: EquivalenceCriterion.equivalent (import: 0.59ms, transpile: 8.97ms, gates: {'sx': 8, 'rz': 8, 'cx': 3, 'measure': 2, 'barrier': 1})
The ZX checker suggests that the circuits are not equivalent, but the simulation checker suggests that they are probably equivalent. Thus, no conclusion can be drawn.
  Run 5/5: EquivalenceCriterion.no_information (import: 0.66ms, transpile: 8.87ms, gates: {'sx': 8, 'rz': 8, 'cx': 3, 'measure': 2, 'barrier': 1})
Running 5 transpilation tests on vqe_real_amp_03...
  Run 1/5: EquivalenceCriterion.equivalent_up_to_global_phase (import: 0.69ms, transpile: 12.59ms, gates: {'sx': 24, 'rz': 24, 'cx': 6, 'measure': 3, 'barrier': 1})
  Run 2/5: EquivalenceCriterion.equivalent_up_to_global_phase (import: 0.62ms, transpile: 11.61ms, gates: {'sx': 24, 'rz': 24, 'cx': 6, 'measure': 3, 'barrier': 1})
  Run 3/5: EquivalenceCriterion.equivalent_up_to_global_phase (import: 0.94ms, transpile: 11.67ms, gates: {'sx': 24, 'rz': 24, 'cx': 6, 'measure': 3, 'barrier': 1})
  Run 4/5: EquivalenceCriterion.equivalent_up_to_global_phase (import: 0.80ms, transpile: 13.33ms, gates: {'sx': 24, 'rz': 24, 'cx': 6, 'measure': 3, 'barrier': 1})
  Run 5/5: EquivalenceCriterion.equivalent_up_to_global_phase (import: 0.71ms, transpile: 9.20ms, gates: {'sx': 24, 'rz': 24, 'cx': 6, 'measure': 3, 'barrier': 1})
Running 5 transpilation tests on vqe_real_amp_04...
  Run 1/5: EquivalenceCriterion.equivalent_up_to_global_phase (import: 0.54ms, transpile: 10.83ms, gates: {'sx': 32, 'rz': 32, 'cx': 9, 'measure': 4, 'barrier': 1})
  Run 2/5: EquivalenceCriterion.equivalent_up_to_global_phase (import: 0.61ms, transpile: 9.43ms, gates: {'sx': 32, 'rz': 32, 'cx': 9, 'measure': 4, 'barrier': 1})
  Run 3/5: EquivalenceCriterion.equivalent_up_to_global_phase (import: 0.72ms, transpile: 20.07ms, gates: {'sx': 32, 'rz': 32, 'cx': 9, 'measure': 4, 'barrier': 1})
  Run 4/5: EquivalenceCriterion.equivalent_up_to_global_phase (import: 0.78ms, transpile: 11.90ms, gates: {'sx': 32, 'rz': 32, 'cx': 9, 'measure': 4, 'barrier': 1})
  Run 5/5: EquivalenceCriterion.equivalent_up_to_global_phase (import: 0.86ms, transpile: 12.04ms, gates: {'sx': 32, 'rz': 32, 'cx': 9, 'measure': 4, 'barrier': 1})
Running 5 transpilation tests on vqe_real_amp_05...
  Run 1/5: EquivalenceCriterion.equivalent_up_to_global_phase (import: 0.53ms, transpile: 10.48ms, gates: {'sx': 40, 'rz': 40, 'cx': 12, 'measure': 5, 'barrier': 1})
  Run 2/5: EquivalenceCriterion.equivalent_up_to_global_phase (import: 0.79ms, transpile: 10.94ms, gates: {'sx': 40, 'rz': 40, 'cx': 12, 'measure': 5, 'barrier': 1})
  Run 3/5: EquivalenceCriterion.equivalent_up_to_global_phase (import: 0.70ms, transpile: 9.50ms, gates: {'sx': 40, 'rz': 40, 'cx': 12, 'measure': 5, 'barrier': 1})
  Run 4/5: EquivalenceCriterion.equivalent_up_to_global_phase (import: 0.74ms, transpile: 9.32ms, gates: {'sx': 40, 'rz': 40, 'cx': 12, 'measure': 5, 'barrier': 1})
  Run 5/5: EquivalenceCriterion.equivalent_up_to_global_phase (import: 0.65ms, transpile: 10.24ms, gates: {'sx': 40, 'rz': 40, 'cx': 12, 'measure': 5, 'barrier': 1})
Running 5 transpilation tests on vqe_real_amp_06...
  Run 1/5: EquivalenceCriterion.equivalent_up_to_global_phase (import: 1.16ms, transpile: 12.17ms, gates: {'sx': 48, 'rz': 48, 'cx': 15, 'measure': 6, 'barrier': 1})
  Run 2/5: EquivalenceCriterion.equivalent_up_to_global_phase (import: 0.83ms, transpile: 9.77ms, gates: {'sx': 48, 'rz': 48, 'cx': 15, 'measure': 6, 'barrier': 1})
  Run 3/5: EquivalenceCriterion.equivalent_up_to_global_phase (import: 0.69ms, transpile: 15.23ms, gates: {'sx': 48, 'rz': 48, 'cx': 15, 'measure': 6, 'barrier': 1})
  Run 4/5: EquivalenceCriterion.equivalent_up_to_global_phase (import: 0.72ms, transpile: 10.15ms, gates: {'sx': 48, 'rz': 48, 'cx': 15, 'measure': 6, 'barrier': 1})
  Run 5/5: EquivalenceCriterion.equivalent_up_to_global_phase (import: 0.86ms, transpile: 9.27ms, gates: {'sx': 48, 'rz': 48, 'cx': 15, 'measure': 6, 'barrier': 1})
Running 5 transpilation tests on vqe_real_amp_07...
  Run 1/5: EquivalenceCriterion.equivalent (import: 0.89ms, transpile: 14.12ms, gates: {'sx': 56, 'rz': 56, 'cx': 18, 'measure': 7, 'barrier': 1})
  Run 2/5: EquivalenceCriterion.equivalent (import: 1.22ms, transpile: 11.27ms, gates: {'sx': 56, 'rz': 56, 'cx': 18, 'measure': 7, 'barrier': 1})
  Run 3/5: EquivalenceCriterion.equivalent (import: 0.81ms, transpile: 10.29ms, gates: {'sx': 56, 'rz': 56, 'cx': 18, 'measure': 7, 'barrier': 1})
  Run 4/5: EquivalenceCriterion.equivalent (import: 0.77ms, transpile: 10.49ms, gates: {'sx': 56, 'rz': 56, 'cx': 18, 'measure': 7, 'barrier': 1})
  Run 5/5: EquivalenceCriterion.equivalent (import: 0.84ms, transpile: 9.80ms, gates: {'sx': 56, 'rz': 56, 'cx': 18, 'measure': 7, 'barrier': 1})
Running 5 transpilation tests on vqe_real_amp_08...
  Run 1/5: EquivalenceCriterion.equivalent_up_to_global_phase (import: 0.65ms, transpile: 10.37ms, gates: {'sx': 64, 'rz': 64, 'cx': 21, 'measure': 8, 'barrier': 1})
  Run 2/5: EquivalenceCriterion.equivalent_up_to_global_phase (import: 1.03ms, transpile: 15.44ms, gates: {'sx': 64, 'rz': 64, 'cx': 21, 'measure': 8, 'barrier': 1})
  Run 3/5: EquivalenceCriterion.equivalent_up_to_global_phase (import: 1.56ms, transpile: 14.86ms, gates: {'sx': 64, 'rz': 64, 'cx': 21, 'measure': 8, 'barrier': 1})
  Run 4/5: EquivalenceCriterion.equivalent (import: 0.81ms, transpile: 10.03ms, gates: {'sx': 64, 'rz': 64, 'cx': 21, 'measure': 8, 'barrier': 1})
  Run 5/5: EquivalenceCriterion.equivalent_up_to_global_phase (import: 0.90ms, transpile: 11.78ms, gates: {'sx': 64, 'rz': 64, 'cx': 21, 'measure': 8, 'barrier': 1})
Failed to extract qubits: "<input>:1,0: identifiers cannot start with capital letters except for the builtins 'U' and 'CX'"
Running 5 transpilation tests on hhl_02...
  Run 1/5: FAILED - Import failed: "<input>:1,0: identifiers cannot start with capital letters except for the builtins 'U' and 'CX'"
  Run 2/5: FAILED - Import failed: "<input>:1,0: identifiers cannot start with capital letters except for the builtins 'U' and 'CX'"
  Run 3/5: FAILED - Import failed: "<input>:1,0: identifiers cannot start with capital letters except for the builtins 'U' and 'CX'"
  Run 4/5: FAILED - Import failed: "<input>:1,0: identifiers cannot start with capital letters except for the builtins 'U' and 'CX'"
  Run 5/5: FAILED - Import failed: "<input>:1,0: identifiers cannot start with capital letters except for the builtins 'U' and 'CX'"
Running 5 transpilation tests on hhl_03...
[QCEC] Warning: circuits have different number of primary inputs! Proceed with caution!
  Run 1/5: EquivalenceCriterion.equivalent (import: 0.53ms, transpile: 15.52ms, gates: {'rz': 13, 'sx': 8, 'cx': 6, 'x': 1, 'measure': 1})
[QCEC] Warning: circuits have different number of primary inputs! Proceed with caution!
  Run 2/5: EquivalenceCriterion.equivalent (import: 0.79ms, transpile: 15.21ms, gates: {'rz': 13, 'sx': 8, 'cx': 6, 'x': 1, 'measure': 1})
[QCEC] Warning: circuits have different number of primary inputs! Proceed with caution!
  Run 3/5: EquivalenceCriterion.equivalent (import: 0.69ms, transpile: 16.48ms, gates: {'rz': 13, 'sx': 8, 'cx': 6, 'x': 1, 'measure': 1})
[QCEC] Warning: circuits have different number of primary inputs! Proceed with caution!
  Run 4/5: EquivalenceCriterion.equivalent (import: 0.74ms, transpile: 12.07ms, gates: {'rz': 13, 'sx': 8, 'cx': 6, 'x': 1, 'measure': 1})
[QCEC] Warning: circuits have different number of primary inputs! Proceed with caution!
  Run 5/5: EquivalenceCriterion.equivalent (import: 0.70ms, transpile: 11.88ms, gates: {'rz': 13, 'sx': 8, 'cx': 6, 'x': 1, 'measure': 1})
Running 5 transpilation tests on hhl_04...
[QCEC] Warning: circuits have different number of primary inputs! Proceed with caution!
  Run 1/5: EquivalenceCriterion.equivalent_up_to_global_phase (import: 1.19ms, transpile: 23.20ms, gates: {'rz': 40, 'cx': 26, 'sx': 21, 'x': 2, 'measure': 1})
[QCEC] Warning: circuits have different number of primary inputs! Proceed with caution!
  Run 2/5: EquivalenceCriterion.equivalent_up_to_global_phase (import: 0.93ms, transpile: 21.18ms, gates: {'rz': 43, 'sx': 24, 'cx': 24, 'x': 2, 'measure': 1})
[QCEC] Warning: circuits have different number of primary inputs! Proceed with caution!
  Run 3/5: EquivalenceCriterion.equivalent_up_to_global_phase (import: 1.42ms, transpile: 20.45ms, gates: {'rz': 42, 'cx': 26, 'sx': 21, 'x': 2, 'measure': 1})
[QCEC] Warning: circuits have different number of primary inputs! Proceed with caution!
  Run 4/5: EquivalenceCriterion.equivalent_up_to_global_phase (import: 0.80ms, transpile: 18.36ms, gates: {'rz': 43, 'sx': 24, 'cx': 24, 'x': 2, 'measure': 1})
[QCEC] Warning: circuits have different number of primary inputs! Proceed with caution!
  Run 5/5: EquivalenceCriterion.equivalent_up_to_global_phase (import: 0.79ms, transpile: 19.56ms, gates: {'rz': 42, 'cx': 26, 'sx': 21, 'x': 2, 'measure': 1})
Running 5 transpilation tests on hhl_05...
[QCEC] Warning: circuits have different number of primary inputs! Proceed with caution!
  Run 1/5: EquivalenceCriterion.equivalent (import: 0.75ms, transpile: 16.36ms, gates: {'rz': 57, 'cx': 55, 'sx': 20, 'x': 1, 'measure': 1})
[QCEC] Warning: circuits have different number of primary inputs! Proceed with caution!
  Run 2/5: EquivalenceCriterion.equivalent (import: 1.20ms, transpile: 20.09ms, gates: {'rz': 56, 'cx': 55, 'sx': 20, 'x': 1, 'measure': 1})
[QCEC] Warning: circuits have different number of primary inputs! Proceed with caution!
  Run 3/5: EquivalenceCriterion.equivalent (import: 1.39ms, transpile: 17.19ms, gates: {'rz': 56, 'cx': 55, 'sx': 20, 'x': 1, 'measure': 1})
[QCEC] Warning: circuits have different number of primary inputs! Proceed with caution!
  Run 4/5: EquivalenceCriterion.equivalent (import: 0.98ms, transpile: 16.80ms, gates: {'rz': 56, 'cx': 55, 'sx': 20, 'x': 1, 'measure': 1})
[QCEC] Warning: circuits have different number of primary inputs! Proceed with caution!
  Run 5/5: EquivalenceCriterion.equivalent (import: 0.99ms, transpile: 14.07ms, gates: {'rz': 57, 'cx': 55, 'sx': 20, 'x': 1, 'measure': 1})
Running 5 transpilation tests on hhl_06...
[QCEC] Warning: circuits have different number of primary inputs! Proceed with caution!
  Run 1/5: EquivalenceCriterion.equivalent_up_to_global_phase (import: 0.84ms, transpile: 21.80ms, gates: {'cx': 109, 'rz': 87, 'sx': 28, 'x': 1, 'measure': 1})
[QCEC] Warning: circuits have different number of primary inputs! Proceed with caution!
  Run 2/5: EquivalenceCriterion.equivalent_up_to_global_phase (import: 1.49ms, transpile: 27.58ms, gates: {'cx': 111, 'rz': 90, 'sx': 26, 'x': 2, 'measure': 1})
[QCEC] Warning: circuits have different number of primary inputs! Proceed with caution!
  Run 3/5: EquivalenceCriterion.equivalent_up_to_global_phase (import: 1.57ms, transpile: 23.30ms, gates: {'cx': 111, 'rz': 84, 'sx': 24, 'x': 1, 'measure': 1})
[QCEC] Warning: circuits have different number of primary inputs! Proceed with caution!
  Run 4/5: EquivalenceCriterion.equivalent_up_to_global_phase (import: 1.03ms, transpile: 20.17ms, gates: {'cx': 111, 'rz': 84, 'sx': 24, 'x': 1, 'measure': 1})
[QCEC] Warning: circuits have different number of primary inputs! Proceed with caution!
  Run 5/5: EquivalenceCriterion.equivalent_up_to_global_phase (import: 1.09ms, transpile: 21.83ms, gates: {'cx': 111, 'rz': 84, 'sx': 24, 'x': 1, 'measure': 1})
Running 5 transpilation tests on hhl_07...
[QCEC] Warning: circuits have different number of primary inputs! Proceed with caution!
  Run 1/5: EquivalenceCriterion.equivalent_up_to_global_phase (import: 1.27ms, transpile: 24.76ms, gates: {'cx': 164, 'rz': 141, 'sx': 48, 'x': 4, 'measure': 1})
[QCEC] Warning: circuits have different number of primary inputs! Proceed with caution!
  Run 2/5: EquivalenceCriterion.equivalent (import: 1.09ms, transpile: 23.86ms, gates: {'cx': 178, 'rz': 128, 'sx': 32, 'x': 2, 'measure': 1})
[QCEC] Warning: circuits have different number of primary inputs! Proceed with caution!
  Run 3/5: EquivalenceCriterion.equivalent_up_to_global_phase (import: 1.03ms, transpile: 26.69ms, gates: {'cx': 178, 'rz': 119, 'sx': 28, 'x': 1, 'measure': 1})
[QCEC] Warning: circuits have different number of primary inputs! Proceed with caution!
  Run 4/5: EquivalenceCriterion.equivalent (import: 1.13ms, transpile: 24.88ms, gates: {'cx': 178, 'rz': 128, 'sx': 32, 'x': 2, 'measure': 1})
[QCEC] Warning: circuits have different number of primary inputs! Proceed with caution!
  Run 5/5: EquivalenceCriterion.equivalent (import: 1.10ms, transpile: 22.70ms, gates: {'cx': 178, 'rz': 128, 'sx': 32, 'x': 2, 'measure': 1})
Running 5 transpilation tests on hhl_08...
[QCEC] Warning: circuits have different number of primary inputs! Proceed with caution!
  Run 1/5: EquivalenceCriterion.equivalent_up_to_global_phase (import: 1.05ms, transpile: 32.82ms, gates: {'rz': 217, 'cx': 187, 'sx': 91, 'x': 3, 'measure': 1})
[QCEC] Warning: circuits have different number of primary inputs! Proceed with caution!
  Run 2/5: EquivalenceCriterion.equivalent_up_to_global_phase (import: 1.06ms, transpile: 27.56ms, gates: {'rz': 201, 'cx': 199, 'sx': 79, 'x': 2, 'measure': 1})
[QCEC] Warning: circuits have different number of primary inputs! Proceed with caution!
  Run 3/5: EquivalenceCriterion.equivalent_up_to_global_phase (import: 1.16ms, transpile: 27.87ms, gates: {'rz': 205, 'cx': 195, 'sx': 82, 'x': 6, 'measure': 1})
[QCEC] Warning: circuits have different number of primary inputs! Proceed with caution!
  Run 4/5: EquivalenceCriterion.equivalent_up_to_global_phase (import: 1.16ms, transpile: 28.34ms, gates: {'rz': 217, 'cx': 187, 'sx': 91, 'x': 3, 'measure': 1})
[QCEC] Warning: circuits have different number of primary inputs! Proceed with caution!
  Run 5/5: EquivalenceCriterion.equivalent_up_to_global_phase (import: 1.40ms, transpile: 29.18ms, gates: {'rz': 227, 'cx': 183, 'sx': 100, 'x': 6, 'measure': 1})
Running 5 transpilation tests on grover_02...
  Run 1/5: EquivalenceCriterion.equivalent_up_to_global_phase (import: 0.44ms, transpile: 15.70ms, gates: {'rz': 5, 'sx': 3, 'measure': 2, 'cx': 1, 'x': 1, 'barrier': 1})
  Run 2/5: EquivalenceCriterion.equivalent_up_to_global_phase (import: 0.52ms, transpile: 16.21ms, gates: {'rz': 5, 'sx': 3, 'measure': 2, 'cx': 1, 'x': 1, 'barrier': 1})
  Run 3/5: EquivalenceCriterion.equivalent_up_to_global_phase (import: 0.52ms, transpile: 13.76ms, gates: {'rz': 5, 'sx': 3, 'measure': 2, 'cx': 1, 'x': 1, 'barrier': 1})
  Run 4/5: EquivalenceCriterion.equivalent_up_to_global_phase (import: 0.68ms, transpile: 16.49ms, gates: {'rz': 5, 'sx': 3, 'measure': 2, 'cx': 1, 'x': 1, 'barrier': 1})
  Run 5/5: EquivalenceCriterion.equivalent_up_to_global_phase (import: 0.59ms, transpile: 16.98ms, gates: {'rz': 5, 'sx': 3, 'measure': 2, 'cx': 1, 'x': 1, 'barrier': 1})
Running 5 transpilation tests on grover_03...
  Run 1/5: EquivalenceCriterion.equivalent_up_to_global_phase (import: 0.51ms, transpile: 15.10ms, gates: {'rz': 17, 'cx': 9, 'sx': 8, 'measure': 3, 'x': 1, 'barrier': 1})
  Run 2/5: EquivalenceCriterion.equivalent_up_to_global_phase (import: 1.00ms, transpile: 12.83ms, gates: {'rz': 17, 'cx': 9, 'sx': 8, 'measure': 3, 'x': 1, 'barrier': 1})
  Run 3/5: EquivalenceCriterion.equivalent_up_to_global_phase (import: 1.01ms, transpile: 17.01ms, gates: {'rz': 17, 'cx': 9, 'sx': 8, 'measure': 3, 'x': 1, 'barrier': 1})
  Run 4/5: EquivalenceCriterion.equivalent_up_to_global_phase (import: 1.51ms, transpile: 13.82ms, gates: {'rz': 17, 'cx': 9, 'sx': 8, 'measure': 3, 'x': 1, 'barrier': 1})
  Run 5/5: EquivalenceCriterion.equivalent_up_to_global_phase (import: 0.82ms, transpile: 16.09ms, gates: {'rz': 17, 'cx': 9, 'sx': 8, 'measure': 3, 'x': 1, 'barrier': 1})
Running 5 transpilation tests on grover_04...
  Run 1/5: EquivalenceCriterion.equivalent_up_to_global_phase (import: 0.75ms, transpile: 30.06ms, gates: {'cx': 108, 'rz': 104, 'sx': 38, 'measure': 4, 'barrier': 1})
  Run 2/5: EquivalenceCriterion.equivalent_up_to_global_phase (import: 0.99ms, transpile: 32.08ms, gates: {'rz': 115, 'cx': 102, 'sx': 52, 'measure': 4, 'x': 1, 'barrier': 1})
The ZX checker suggests that the circuits are not equivalent, but the simulation checker suggests that they are probably equivalent. Thus, no conclusion can be drawn.
  Run 3/5: EquivalenceCriterion.no_information (import: 0.72ms, transpile: 26.74ms, gates: {'cx': 108, 'rz': 104, 'sx': 38, 'measure': 4, 'barrier': 1})
The ZX checker suggests that the circuits are not equivalent, but the simulation checker suggests that they are probably equivalent. Thus, no conclusion can be drawn.
  Run 4/5: EquivalenceCriterion.no_information (import: 0.71ms, transpile: 26.10ms, gates: {'rz': 115, 'cx': 102, 'sx': 52, 'measure': 4, 'x': 1, 'barrier': 1})
The ZX checker suggests that the circuits are not equivalent, but the simulation checker suggests that they are probably equivalent. Thus, no conclusion can be drawn.
  Run 5/5: EquivalenceCriterion.no_information (import: 0.84ms, transpile: 23.45ms, gates: {'rz': 115, 'cx': 102, 'sx': 52, 'measure': 4, 'x': 1, 'barrier': 1})
Running 5 transpilation tests on grover_05...
  Run 1/5: EquivalenceCriterion.equivalent_up_to_global_phase (import: 1.65ms, transpile: 57.75ms, gates: {'rz': 405, 'cx': 315, 'sx': 197, 'x': 16, 'measure': 5, 'barrier': 1})
  Run 2/5: EquivalenceCriterion.equivalent_up_to_global_phase (import: 0.81ms, transpile: 49.31ms, gates: {'rz': 405, 'cx': 315, 'sx': 197, 'x': 16, 'measure': 5, 'barrier': 1})
  Run 3/5: EquivalenceCriterion.equivalent_up_to_global_phase (import: 0.87ms, transpile: 51.38ms, gates: {'rz': 409, 'cx': 313, 'sx': 202, 'x': 16, 'measure': 5, 'barrier': 1})
  Run 4/5: EquivalenceCriterion.equivalent_up_to_global_phase (import: 0.87ms, transpile: 51.42ms, gates: {'rz': 429, 'cx': 317, 'sx': 220, 'x': 18, 'measure': 5, 'barrier': 1})
  Run 5/5: EquivalenceCriterion.equivalent_up_to_global_phase (import: 0.78ms, transpile: 62.35ms, gates: {'rz': 441, 'cx': 317, 'sx': 233, 'x': 20, 'measure': 5, 'barrier': 1})
Running 5 transpilation tests on grover_06...
The ZX checker suggests that the circuits are not equivalent, but the simulation checker suggests that they are probably equivalent. Thus, no conclusion can be drawn.
  Run 1/5: EquivalenceCriterion.no_information (import: 0.91ms, transpile: 152.46ms, gates: {'rz': 1045, 'cx': 954, 'sx': 537, 'x': 26, 'measure': 6, 'barrier': 1})
The ZX checker suggests that the circuits are not equivalent, but the simulation checker suggests that they are probably equivalent. Thus, no conclusion can be drawn.
  Run 2/5: EquivalenceCriterion.no_information (import: 1.00ms, transpile: 147.62ms, gates: {'rz': 1049, 'cx': 965, 'sx': 537, 'x': 25, 'measure': 6, 'barrier': 1})
The ZX checker suggests that the circuits are not equivalent, but the simulation checker suggests that they are probably equivalent. Thus, no conclusion can be drawn.
  Run 3/5: EquivalenceCriterion.no_information (import: 1.03ms, transpile: 141.58ms, gates: {'rz': 1036, 'cx': 961, 'sx': 534, 'x': 26, 'measure': 6, 'barrier': 1})
The ZX checker suggests that the circuits are not equivalent, but the simulation checker suggests that they are probably equivalent. Thus, no conclusion can be drawn.
  Run 4/5: EquivalenceCriterion.no_information (import: 0.98ms, transpile: 135.76ms, gates: {'rz': 1054, 'cx': 967, 'sx': 541, 'x': 26, 'measure': 6, 'barrier': 1})
The ZX checker suggests that the circuits are not equivalent, but the simulation checker suggests that they are probably equivalent. Thus, no conclusion can be drawn.
  Run 5/5: EquivalenceCriterion.no_information (import: 1.20ms, transpile: 147.70ms, gates: {'rz': 1059, 'cx': 965, 'sx': 549, 'x': 28, 'measure': 6, 'barrier': 1})
Running 5 transpilation tests on grover_07...
  Run 1/5: EquivalenceCriterion.equivalent_up_to_global_phase (import: 1.51ms, transpile: 431.22ms, gates: {'cx': 3021, 'rz': 2830, 'sx': 1397, 'x': 67, 'measure': 7, 'barrier': 1})
The ZX checker suggests that the circuits are not equivalent, but the simulation checker suggests that they are probably equivalent. Thus, no conclusion can be drawn.
  Run 2/5: EquivalenceCriterion.no_information (import: 1.32ms, transpile: 446.29ms, gates: {'cx': 3084, 'rz': 2793, 'sx': 1373, 'x': 71, 'measure': 7, 'barrier': 1})
The ZX checker suggests that the circuits are not equivalent, but the simulation checker suggests that they are probably equivalent. Thus, no conclusion can be drawn.
  Run 3/5: EquivalenceCriterion.no_information (import: 2.31ms, transpile: 467.98ms, gates: {'cx': 3069, 'rz': 2761, 'sx': 1332, 'x': 56, 'measure': 7, 'barrier': 1})
The ZX checker suggests that the circuits are not equivalent, but the simulation checker suggests that they are probably equivalent. Thus, no conclusion can be drawn.
  Run 4/5: EquivalenceCriterion.no_information (import: 1.60ms, transpile: 429.13ms, gates: {'cx': 3122, 'rz': 2830, 'sx': 1382, 'x': 66, 'measure': 7, 'barrier': 1})
The ZX checker suggests that the circuits are not equivalent, but the simulation checker suggests that they are probably equivalent. Thus, no conclusion can be drawn.
  Run 5/5: EquivalenceCriterion.no_information (import: 1.58ms, transpile: 434.09ms, gates: {'cx': 3063, 'rz': 2878, 'sx': 1434, 'x': 69, 'measure': 7, 'barrier': 1})
Running 5 transpilation tests on grover_08...
The ZX checker suggests that the circuits are not equivalent, but the simulation checker suggests that they are probably equivalent. Thus, no conclusion can be drawn.
  Run 1/5: EquivalenceCriterion.no_information (import: 1.73ms, transpile: 1007.97ms, gates: {'cx': 7244, 'rz': 5781, 'sx': 2663, 'x': 127, 'measure': 8, 'barrier': 1})
  Run 2/5: EquivalenceCriterion.equivalent_up_to_global_phase (import: 5.50ms, transpile: 1137.64ms, gates: {'cx': 7223, 'rz': 5855, 'sx': 2718, 'x': 119, 'measure': 8, 'barrier': 1})
The ZX checker suggests that the circuits are not equivalent, but the simulation checker suggests that they are probably equivalent. Thus, no conclusion can be drawn.
  Run 3/5: EquivalenceCriterion.no_information (import: 2.64ms, transpile: 1000.30ms, gates: {'cx': 7229, 'rz': 5748, 'sx': 2625, 'x': 137, 'measure': 8, 'barrier': 1})
  Run 4/5: EquivalenceCriterion.equivalent_up_to_global_phase (import: 4.83ms, transpile: 1037.49ms, gates: {'cx': 7256, 'rz': 5777, 'sx': 2659, 'x': 126, 'measure': 8, 'barrier': 1})
The ZX checker suggests that the circuits are not equivalent, but the simulation checker suggests that they are probably equivalent. Thus, no conclusion can be drawn.
  Run 5/5: EquivalenceCriterion.no_information (import: 2.57ms, transpile: 1055.93ms, gates: {'cx': 7192, 'rz': 5835, 'sx': 2687, 'x': 118, 'measure': 8, 'barrier': 1})
Results saved to experiments/transpiler_result_20260611_144450_Qiskit_mapped_line_IBM_gateset.json
Processing SDK: Qiskit_mapped_all_to_all_Quantinuum_gateset
Running 5 transpilation tests on qaoa_02...
  Run 1/5: EquivalenceCriterion.equivalent (import: 0.34ms, transpile: 10.72ms, gates: {'rx': 6, 'ry': 2, 'rzz': 2})
  Run 2/5: EquivalenceCriterion.equivalent (import: 0.79ms, transpile: 11.84ms, gates: {'rx': 6, 'ry': 2, 'rzz': 2})
  Run 3/5: EquivalenceCriterion.equivalent (import: 0.62ms, transpile: 11.86ms, gates: {'rx': 6, 'ry': 2, 'rzz': 2})
  Run 4/5: EquivalenceCriterion.equivalent (import: 0.68ms, transpile: 9.85ms, gates: {'rx': 6, 'ry': 2, 'rzz': 2})
  Run 5/5: EquivalenceCriterion.equivalent (import: 0.49ms, transpile: 9.68ms, gates: {'rx': 6, 'ry': 2, 'rzz': 2})
Running 5 transpilation tests on qaoa_03...
  Run 1/5: EquivalenceCriterion.equivalent_up_to_global_phase (import: 0.38ms, transpile: 12.44ms, gates: {'rx': 9, 'rzz': 4, 'ry': 3})
  Run 2/5: EquivalenceCriterion.equivalent_up_to_global_phase (import: 0.57ms, transpile: 11.86ms, gates: {'rx': 9, 'rzz': 4, 'ry': 3})
  Run 3/5: EquivalenceCriterion.equivalent_up_to_global_phase (import: 0.51ms, transpile: 10.70ms, gates: {'rx': 9, 'rzz': 4, 'ry': 3})
  Run 4/5: EquivalenceCriterion.equivalent_up_to_global_phase (import: 0.63ms, transpile: 8.91ms, gates: {'rx': 9, 'rzz': 4, 'ry': 3})
  Run 5/5: EquivalenceCriterion.equivalent_up_to_global_phase (import: 0.50ms, transpile: 9.41ms, gates: {'rx': 9, 'rzz': 4, 'ry': 3})
Running 5 transpilation tests on qaoa_04...
  Run 1/5: EquivalenceCriterion.equivalent_up_to_global_phase (import: 0.38ms, transpile: 9.46ms, gates: {'rx': 9, 'ry': 4, 'rzz': 4, 'rz': 1})
  Run 2/5: EquivalenceCriterion.equivalent_up_to_global_phase (import: 0.74ms, transpile: 14.79ms, gates: {'rx': 9, 'ry': 4, 'rzz': 4, 'rz': 1})
  Run 3/5: EquivalenceCriterion.equivalent_up_to_global_phase (import: 0.67ms, transpile: 12.45ms, gates: {'rx': 9, 'ry': 4, 'rzz': 4, 'rz': 1})
  Run 4/5: EquivalenceCriterion.equivalent_up_to_global_phase (import: 0.72ms, transpile: 14.81ms, gates: {'rx': 9, 'ry': 4, 'rzz': 4, 'rz': 1})
  Run 5/5: EquivalenceCriterion.equivalent_up_to_global_phase (import: 0.90ms, transpile: 10.98ms, gates: {'rx': 9, 'ry': 4, 'rzz': 4, 'rz': 1})
Running 5 transpilation tests on qaoa_05...
  Run 1/5: EquivalenceCriterion.equivalent_up_to_global_phase (import: 0.56ms, transpile: 12.57ms, gates: {'rx': 15, 'rzz': 12, 'ry': 5})
  Run 2/5: EquivalenceCriterion.equivalent_up_to_global_phase (import: 1.26ms, transpile: 17.35ms, gates: {'rx': 15, 'rzz': 12, 'ry': 5})
  Run 3/5: EquivalenceCriterion.equivalent_up_to_global_phase (import: 0.68ms, transpile: 13.72ms, gates: {'rx': 15, 'rzz': 12, 'ry': 5})
  Run 4/5: EquivalenceCriterion.equivalent_up_to_global_phase (import: 1.35ms, transpile: 16.86ms, gates: {'rx': 15, 'rzz': 12, 'ry': 5})
  Run 5/5: EquivalenceCriterion.equivalent_up_to_global_phase (import: 0.74ms, transpile: 11.03ms, gates: {'rx': 15, 'rzz': 12, 'ry': 5})
Running 5 transpilation tests on qaoa_06...
  Run 1/5: EquivalenceCriterion.equivalent (import: 0.63ms, transpile: 16.69ms, gates: {'rx': 18, 'rzz': 14, 'ry': 6})
  Run 2/5: EquivalenceCriterion.equivalent (import: 0.84ms, transpile: 15.21ms, gates: {'rx': 18, 'rzz': 14, 'ry': 6})
  Run 3/5: EquivalenceCriterion.equivalent (import: 0.78ms, transpile: 14.38ms, gates: {'rx': 18, 'rzz': 14, 'ry': 6})
  Run 4/5: EquivalenceCriterion.equivalent (import: 0.78ms, transpile: 15.33ms, gates: {'rx': 18, 'rzz': 14, 'ry': 6})
  Run 5/5: EquivalenceCriterion.equivalent (import: 0.70ms, transpile: 18.77ms, gates: {'rx': 18, 'rzz': 14, 'ry': 6})
Running 5 transpilation tests on qaoa_07...
  Run 1/5: EquivalenceCriterion.equivalent_up_to_global_phase (import: 0.67ms, transpile: 14.48ms, gates: {'rzz': 24, 'rx': 21, 'ry': 7})
  Run 2/5: EquivalenceCriterion.equivalent_up_to_global_phase (import: 0.92ms, transpile: 13.44ms, gates: {'rzz': 24, 'rx': 21, 'ry': 7})
  Run 3/5: EquivalenceCriterion.equivalent_up_to_global_phase (import: 0.84ms, transpile: 13.37ms, gates: {'rzz': 24, 'rx': 21, 'ry': 7})
  Run 4/5: EquivalenceCriterion.equivalent_up_to_global_phase (import: 0.73ms, transpile: 13.61ms, gates: {'rzz': 24, 'rx': 21, 'ry': 7})
  Run 5/5: EquivalenceCriterion.equivalent_up_to_global_phase (import: 0.72ms, transpile: 15.56ms, gates: {'rzz': 24, 'rx': 21, 'ry': 7})
Running 5 transpilation tests on qaoa_08...
  Run 1/5: EquivalenceCriterion.equivalent (import: 0.90ms, transpile: 13.63ms, gates: {'rzz': 28, 'rx': 24, 'ry': 8})
  Run 2/5: EquivalenceCriterion.equivalent (import: 0.82ms, transpile: 13.26ms, gates: {'rzz': 28, 'rx': 24, 'ry': 8})
  Run 3/5: EquivalenceCriterion.equivalent (import: 1.02ms, transpile: 15.77ms, gates: {'rzz': 28, 'rx': 24, 'ry': 8})
  Run 4/5: EquivalenceCriterion.equivalent (import: 0.94ms, transpile: 17.17ms, gates: {'rzz': 28, 'rx': 24, 'ry': 8})
  Run 5/5: EquivalenceCriterion.equivalent (import: 1.18ms, transpile: 15.77ms, gates: {'rzz': 28, 'rx': 24, 'ry': 8})
Running 5 transpilation tests on qft_02...
  Run 1/5: EquivalenceCriterion.equivalent_up_to_global_phase (import: 0.64ms, transpile: 19.77ms, gates: {'rz': 8, 'ry': 4, 'rzz': 3, 'rx': 2, 'measure': 2, 'barrier': 1})
  Run 2/5: EquivalenceCriterion.equivalent_up_to_global_phase (import: 0.81ms, transpile: 14.30ms, gates: {'rz': 8, 'ry': 4, 'rzz': 3, 'rx': 2, 'measure': 2, 'barrier': 1})
  Run 3/5: EquivalenceCriterion.equivalent_up_to_global_phase (import: 0.55ms, transpile: 16.07ms, gates: {'rz': 8, 'ry': 4, 'rzz': 3, 'rx': 2, 'measure': 2, 'barrier': 1})
  Run 4/5: EquivalenceCriterion.equivalent_up_to_global_phase (import: 0.53ms, transpile: 15.32ms, gates: {'rz': 8, 'ry': 4, 'rzz': 3, 'rx': 2, 'measure': 2, 'barrier': 1})
  Run 5/5: EquivalenceCriterion.equivalent_up_to_global_phase (import: 0.70ms, transpile: 13.77ms, gates: {'rz': 8, 'ry': 4, 'rzz': 3, 'rx': 2, 'measure': 2, 'barrier': 1})
Running 5 transpilation tests on qft_03...
  Run 1/5: EquivalenceCriterion.equivalent_up_to_global_phase (import: 0.37ms, transpile: 16.12ms, gates: {'rz': 6, 'ry': 3, 'rzz': 3, 'measure': 3, 'rx': 1, 'barrier': 1})
  Run 2/5: EquivalenceCriterion.equivalent_up_to_global_phase (import: 0.62ms, transpile: 15.79ms, gates: {'rz': 6, 'ry': 3, 'rzz': 3, 'measure': 3, 'rx': 1, 'barrier': 1})
  Run 3/5: EquivalenceCriterion.equivalent_up_to_global_phase (import: 0.51ms, transpile: 12.03ms, gates: {'rz': 6, 'ry': 3, 'rzz': 3, 'measure': 3, 'rx': 1, 'barrier': 1})
  Run 4/5: EquivalenceCriterion.equivalent_up_to_global_phase (import: 0.50ms, transpile: 11.43ms, gates: {'rz': 6, 'ry': 3, 'rzz': 3, 'measure': 3, 'rx': 1, 'barrier': 1})
  Run 5/5: EquivalenceCriterion.equivalent_up_to_global_phase (import: 0.58ms, transpile: 10.29ms, gates: {'rz': 6, 'ry': 3, 'rzz': 3, 'measure': 3, 'rx': 1, 'barrier': 1})
Running 5 transpilation tests on qft_04...
  Run 1/5: EquivalenceCriterion.equivalent_up_to_global_phase (import: 0.41ms, transpile: 10.34ms, gates: {'rz': 12, 'rzz': 6, 'ry': 4, 'measure': 4, 'rx': 1, 'barrier': 1})
  Run 2/5: EquivalenceCriterion.equivalent_up_to_global_phase (import: 0.65ms, transpile: 10.76ms, gates: {'rz': 12, 'rzz': 6, 'ry': 4, 'measure': 4, 'rx': 1, 'barrier': 1})
  Run 3/5: EquivalenceCriterion.equivalent_up_to_global_phase (import: 0.59ms, transpile: 18.58ms, gates: {'rz': 12, 'rzz': 6, 'ry': 4, 'measure': 4, 'rx': 1, 'barrier': 1})
  Run 4/5: EquivalenceCriterion.equivalent_up_to_global_phase (import: 0.62ms, transpile: 13.82ms, gates: {'rz': 12, 'rzz': 6, 'ry': 4, 'measure': 4, 'rx': 1, 'barrier': 1})
  Run 5/5: EquivalenceCriterion.equivalent_up_to_global_phase (import: 1.19ms, transpile: 14.05ms, gates: {'rz': 12, 'rzz': 6, 'ry': 4, 'measure': 4, 'rx': 1, 'barrier': 1})
Running 5 transpilation tests on qft_05...
  Run 1/5: EquivalenceCriterion.equivalent_up_to_global_phase (import: 0.61ms, transpile: 12.81ms, gates: {'rz': 20, 'rzz': 10, 'ry': 5, 'measure': 5, 'rx': 1, 'barrier': 1})
  Run 2/5: EquivalenceCriterion.equivalent_up_to_global_phase (import: 0.65ms, transpile: 14.36ms, gates: {'rz': 20, 'rzz': 10, 'ry': 5, 'measure': 5, 'rx': 1, 'barrier': 1})
  Run 3/5: EquivalenceCriterion.equivalent_up_to_global_phase (import: 0.53ms, transpile: 11.53ms, gates: {'rz': 20, 'rzz': 10, 'ry': 5, 'measure': 5, 'rx': 1, 'barrier': 1})
  Run 4/5: EquivalenceCriterion.equivalent_up_to_global_phase (import: 0.54ms, transpile: 15.43ms, gates: {'rz': 20, 'rzz': 10, 'ry': 5, 'measure': 5, 'rx': 1, 'barrier': 1})
  Run 5/5: EquivalenceCriterion.equivalent_up_to_global_phase (import: 0.54ms, transpile: 19.22ms, gates: {'rz': 20, 'rzz': 10, 'ry': 5, 'measure': 5, 'rx': 1, 'barrier': 1})
Running 5 transpilation tests on qft_06...
  Run 1/5: EquivalenceCriterion.equivalent_up_to_global_phase (import: 0.41ms, transpile: 19.26ms, gates: {'rz': 30, 'rzz': 15, 'ry': 6, 'measure': 6, 'rx': 1, 'barrier': 1})
  Run 2/5: EquivalenceCriterion.equivalent_up_to_global_phase (import: 0.59ms, transpile: 18.94ms, gates: {'rz': 30, 'rzz': 15, 'ry': 6, 'measure': 6, 'rx': 1, 'barrier': 1})
  Run 3/5: EquivalenceCriterion.equivalent_up_to_global_phase (import: 0.87ms, transpile: 20.63ms, gates: {'rz': 30, 'rzz': 15, 'ry': 6, 'measure': 6, 'rx': 1, 'barrier': 1})
  Run 4/5: EquivalenceCriterion.equivalent_up_to_global_phase (import: 0.94ms, transpile: 22.90ms, gates: {'rz': 30, 'rzz': 15, 'ry': 6, 'measure': 6, 'rx': 1, 'barrier': 1})
  Run 5/5: EquivalenceCriterion.equivalent_up_to_global_phase (import: 0.61ms, transpile: 18.56ms, gates: {'rz': 30, 'rzz': 15, 'ry': 6, 'measure': 6, 'rx': 1, 'barrier': 1})
Running 5 transpilation tests on qft_07...
  Run 1/5: EquivalenceCriterion.equivalent_up_to_global_phase (import: 0.52ms, transpile: 16.32ms, gates: {'rz': 42, 'rzz': 21, 'ry': 7, 'measure': 7, 'rx': 1, 'barrier': 1})
  Run 2/5: EquivalenceCriterion.equivalent_up_to_global_phase (import: 0.61ms, transpile: 19.62ms, gates: {'rz': 42, 'rzz': 21, 'ry': 7, 'measure': 7, 'rx': 1, 'barrier': 1})
  Run 3/5: EquivalenceCriterion.equivalent_up_to_global_phase (import: 0.75ms, transpile: 18.66ms, gates: {'rz': 42, 'rzz': 21, 'ry': 7, 'measure': 7, 'rx': 1, 'barrier': 1})
  Run 4/5: EquivalenceCriterion.equivalent_up_to_global_phase (import: 0.83ms, transpile: 24.04ms, gates: {'rz': 42, 'rzz': 21, 'ry': 7, 'measure': 7, 'rx': 1, 'barrier': 1})
  Run 5/5: EquivalenceCriterion.equivalent_up_to_global_phase (import: 0.72ms, transpile: 19.23ms, gates: {'rz': 42, 'rzz': 21, 'ry': 7, 'measure': 7, 'rx': 1, 'barrier': 1})
Running 5 transpilation tests on qft_08...
  Run 1/5: EquivalenceCriterion.equivalent_up_to_global_phase (import: 0.55ms, transpile: 16.15ms, gates: {'rz': 56, 'rzz': 28, 'ry': 8, 'measure': 8, 'rx': 1, 'barrier': 1})
  Run 2/5: EquivalenceCriterion.equivalent_up_to_global_phase (import: 0.81ms, transpile: 18.90ms, gates: {'rz': 56, 'rzz': 28, 'ry': 8, 'measure': 8, 'rx': 1, 'barrier': 1})
  Run 3/5: EquivalenceCriterion.equivalent_up_to_global_phase (import: 0.76ms, transpile: 19.21ms, gates: {'rz': 56, 'rzz': 28, 'ry': 8, 'measure': 8, 'rx': 1, 'barrier': 1})
  Run 4/5: EquivalenceCriterion.equivalent_up_to_global_phase (import: 0.81ms, transpile: 24.54ms, gates: {'rz': 56, 'rzz': 28, 'ry': 8, 'measure': 8, 'rx': 1, 'barrier': 1})
  Run 5/5: EquivalenceCriterion.equivalent_up_to_global_phase (import: 0.68ms, transpile: 17.45ms, gates: {'rz': 56, 'rzz': 28, 'ry': 8, 'measure': 8, 'rx': 1, 'barrier': 1})
Running 5 transpilation tests on randomcircuit_02...
  Run 1/5: EquivalenceCriterion.equivalent_up_to_global_phase (import: 0.50ms, transpile: 12.37ms, gates: {'rz': 5, 'rx': 4, 'ry': 2, 'rzz': 2, 'measure': 2, 'barrier': 1})
  Run 2/5: EquivalenceCriterion.equivalent_up_to_global_phase (import: 1.04ms, transpile: 13.24ms, gates: {'rz': 5, 'rx': 4, 'ry': 2, 'rzz': 2, 'measure': 2, 'barrier': 1})
  Run 3/5: EquivalenceCriterion.equivalent_up_to_global_phase (import: 0.90ms, transpile: 14.04ms, gates: {'rz': 5, 'rx': 4, 'ry': 2, 'rzz': 2, 'measure': 2, 'barrier': 1})
  Run 4/5: EquivalenceCriterion.equivalent_up_to_global_phase (import: 0.72ms, transpile: 13.86ms, gates: {'rz': 5, 'rx': 4, 'ry': 2, 'rzz': 2, 'measure': 2, 'barrier': 1})
  Run 5/5: EquivalenceCriterion.no_information (import: 0.91ms, transpile: 15.10ms, gates: {'rz': 5, 'rx': 4, 'ry': 2, 'rzz': 2, 'measure': 2, 'barrier': 1})
The ZX checker suggests that the circuits are not equivalent, but the simulation checker suggests that they are probably equivalent. Thus, no conclusion can be drawn.
Running 5 transpilation tests on randomcircuit_03...
  Run 1/5: EquivalenceCriterion.equivalent_up_to_global_phase (import: 0.44ms, transpile: 16.42ms, gates: {'rz': 29, 'ry': 20, 'rzz': 17, 'rx': 11, 'measure': 3, 'barrier': 1})
  Run 2/5: EquivalenceCriterion.equivalent_up_to_global_phase (import: 0.61ms, transpile: 16.07ms, gates: {'rz': 29, 'ry': 20, 'rzz': 17, 'rx': 11, 'measure': 3, 'barrier': 1})
  Run 3/5: EquivalenceCriterion.equivalent_up_to_global_phase (import: 0.96ms, transpile: 13.83ms, gates: {'rz': 29, 'ry': 20, 'rzz': 17, 'rx': 11, 'measure': 3, 'barrier': 1})
  Run 4/5: EquivalenceCriterion.equivalent_up_to_global_phase (import: 0.77ms, transpile: 17.94ms, gates: {'rz': 29, 'ry': 20, 'rzz': 17, 'rx': 11, 'measure': 3, 'barrier': 1})
  Run 5/5: EquivalenceCriterion.equivalent_up_to_global_phase (import: 0.83ms, transpile: 21.64ms, gates: {'rz': 29, 'ry': 20, 'rzz': 17, 'rx': 11, 'measure': 3, 'barrier': 1})
Running 5 transpilation tests on randomcircuit_04...
  Run 1/5: EquivalenceCriterion.equivalent_up_to_global_phase (import: 0.85ms, transpile: 19.44ms, gates: {'rz': 77, 'ry': 46, 'rzz': 42, 'rx': 20, 'measure': 4, 'barrier': 1})
  Run 2/5: EquivalenceCriterion.equivalent_up_to_global_phase (import: 0.62ms, transpile: 19.08ms, gates: {'rz': 77, 'ry': 46, 'rzz': 42, 'rx': 20, 'measure': 4, 'barrier': 1})
  Run 3/5: EquivalenceCriterion.equivalent_up_to_global_phase (import: 0.92ms, transpile: 18.96ms, gates: {'rz': 77, 'ry': 46, 'rzz': 42, 'rx': 20, 'measure': 4, 'barrier': 1})
  Run 4/5: EquivalenceCriterion.equivalent_up_to_global_phase (import: 0.72ms, transpile: 18.33ms, gates: {'rz': 77, 'ry': 46, 'rzz': 42, 'rx': 20, 'measure': 4, 'barrier': 1})
  Run 5/5: EquivalenceCriterion.equivalent_up_to_global_phase (import: 1.05ms, transpile: 22.52ms, gates: {'rz': 77, 'ry': 46, 'rzz': 42, 'rx': 20, 'measure': 4, 'barrier': 1})
Running 5 transpilation tests on randomcircuit_05...
  Run 1/5: EquivalenceCriterion.equivalent_up_to_global_phase (import: 0.59ms, transpile: 25.83ms, gates: {'rz': 80, 'ry': 46, 'rzz': 45, 'rx': 20, 'measure': 5, 'barrier': 1})
  Run 2/5: EquivalenceCriterion.equivalent_up_to_global_phase (import: 0.89ms, transpile: 245.49ms, gates: {'rz': 80, 'ry': 46, 'rzz': 45, 'rx': 20, 'measure': 5, 'barrier': 1})
  Run 3/5: EquivalenceCriterion.equivalent_up_to_global_phase (import: 0.78ms, transpile: 22.96ms, gates: {'rz': 80, 'ry': 46, 'rzz': 45, 'rx': 20, 'measure': 5, 'barrier': 1})
  Run 4/5: EquivalenceCriterion.equivalent_up_to_global_phase (import: 0.79ms, transpile: 22.71ms, gates: {'rz': 80, 'ry': 46, 'rzz': 45, 'rx': 20, 'measure': 5, 'barrier': 1})
  Run 5/5: EquivalenceCriterion.equivalent_up_to_global_phase (import: 0.81ms, transpile: 24.15ms, gates: {'rz': 80, 'ry': 46, 'rzz': 45, 'rx': 20, 'measure': 5, 'barrier': 1})
Running 5 transpilation tests on randomcircuit_06...
  Run 1/5: EquivalenceCriterion.equivalent_up_to_global_phase (import: 0.61ms, transpile: 30.29ms, gates: {'rz': 130, 'ry': 82, 'rzz': 75, 'rx': 35, 'measure': 6, 'barrier': 1})
  Run 2/5: EquivalenceCriterion.equivalent_up_to_global_phase (import: 0.98ms, transpile: 27.73ms, gates: {'rz': 130, 'ry': 82, 'rzz': 75, 'rx': 35, 'measure': 6, 'barrier': 1})
  Run 3/5: EquivalenceCriterion.equivalent_up_to_global_phase (import: 0.94ms, transpile: 29.68ms, gates: {'rz': 130, 'ry': 82, 'rzz': 75, 'rx': 35, 'measure': 6, 'barrier': 1})
  Run 4/5: EquivalenceCriterion.equivalent_up_to_global_phase (import: 0.75ms, transpile: 27.78ms, gates: {'rz': 130, 'ry': 82, 'rzz': 75, 'rx': 35, 'measure': 6, 'barrier': 1})
  Run 5/5: EquivalenceCriterion.equivalent_up_to_global_phase (import: 1.00ms, transpile: 29.93ms, gates: {'rz': 130, 'ry': 82, 'rzz': 75, 'rx': 35, 'measure': 6, 'barrier': 1})
Running 5 transpilation tests on randomcircuit_07...
  Run 1/5: EquivalenceCriterion.equivalent_up_to_global_phase (import: 1.11ms, transpile: 37.30ms, gates: {'rz': 210, 'ry': 138, 'rzz': 124, 'rx': 70, 'measure': 7, 'barrier': 1})
  Run 2/5: EquivalenceCriterion.equivalent_up_to_global_phase (import: 1.37ms, transpile: 42.12ms, gates: {'rz': 210, 'ry': 138, 'rzz': 124, 'rx': 70, 'measure': 7, 'barrier': 1})
  Run 3/5: EquivalenceCriterion.equivalent_up_to_global_phase (import: 1.15ms, transpile: 39.90ms, gates: {'rz': 210, 'ry': 138, 'rzz': 124, 'rx': 70, 'measure': 7, 'barrier': 1})
  Run 4/5: EquivalenceCriterion.equivalent_up_to_global_phase (import: 1.10ms, transpile: 37.57ms, gates: {'rz': 210, 'ry': 138, 'rzz': 124, 'rx': 70, 'measure': 7, 'barrier': 1})
  Run 5/5: EquivalenceCriterion.equivalent_up_to_global_phase (import: 1.10ms, transpile: 37.90ms, gates: {'rz': 210, 'ry': 138, 'rzz': 124, 'rx': 70, 'measure': 7, 'barrier': 1})
Running 5 transpilation tests on randomcircuit_08...
  Run 1/5: EquivalenceCriterion.equivalent_up_to_global_phase (import: 1.07ms, transpile: 40.44ms, gates: {'rz': 311, 'ry': 194, 'rzz': 178, 'rx': 93, 'measure': 8, 'barrier': 1})
  Run 2/5: EquivalenceCriterion.equivalent_up_to_global_phase (import: 1.29ms, transpile: 49.40ms, gates: {'rz': 311, 'ry': 194, 'rzz': 178, 'rx': 93, 'measure': 8, 'barrier': 1})
  Run 3/5: EquivalenceCriterion.equivalent_up_to_global_phase (import: 1.19ms, transpile: 45.22ms, gates: {'rz': 311, 'ry': 194, 'rzz': 178, 'rx': 93, 'measure': 8, 'barrier': 1})
  Run 4/5: EquivalenceCriterion.equivalent_up_to_global_phase (import: 1.54ms, transpile: 59.98ms, gates: {'rz': 311, 'ry': 194, 'rzz': 178, 'rx': 93, 'measure': 8, 'barrier': 1})
  Run 5/5: EquivalenceCriterion.equivalent_up_to_global_phase (import: 1.21ms, transpile: 48.71ms, gates: {'rz': 311, 'ry': 194, 'rzz': 178, 'rx': 93, 'measure': 8, 'barrier': 1})
Running 5 transpilation tests on vqe_real_amp_02...
  Run 1/5: EquivalenceCriterion.equivalent_up_to_global_phase (import: 0.76ms, transpile: 20.79ms, gates: {'rz': 7, 'ry': 5, 'rzz': 3, 'rx': 3, 'measure': 2, 'barrier': 1})
  Run 2/5: EquivalenceCriterion.equivalent_up_to_global_phase (import: 0.85ms, transpile: 27.66ms, gates: {'rz': 7, 'ry': 5, 'rzz': 3, 'rx': 3, 'measure': 2, 'barrier': 1})
  Run 3/5: EquivalenceCriterion.equivalent_up_to_global_phase (import: 0.91ms, transpile: 21.24ms, gates: {'rz': 7, 'ry': 5, 'rzz': 3, 'rx': 3, 'measure': 2, 'barrier': 1})
The ZX checker suggests that the circuits are not equivalent, but the simulation checker suggests that they are probably equivalent. Thus, no conclusion can be drawn.
  Run 4/5: EquivalenceCriterion.no_information (import: 0.83ms, transpile: 24.20ms, gates: {'rz': 7, 'ry': 5, 'rzz': 3, 'rx': 3, 'measure': 2, 'barrier': 1})
  Run 5/5: EquivalenceCriterion.equivalent_up_to_global_phase (import: 0.95ms, transpile: 25.83ms, gates: {'rz': 7, 'ry': 5, 'rzz': 3, 'rx': 3, 'measure': 2, 'barrier': 1})
Running 5 transpilation tests on vqe_real_amp_03...
  Run 1/5: EquivalenceCriterion.equivalent_up_to_global_phase (import: 0.69ms, transpile: 16.67ms, gates: {'ry': 15, 'rz': 13, 'rzz': 6, 'measure': 3, 'barrier': 1})
  Run 2/5: EquivalenceCriterion.equivalent_up_to_global_phase (import: 0.67ms, transpile: 12.86ms, gates: {'ry': 15, 'rz': 13, 'rzz': 6, 'measure': 3, 'barrier': 1})
  Run 3/5: EquivalenceCriterion.equivalent_up_to_global_phase (import: 0.97ms, transpile: 12.08ms, gates: {'ry': 15, 'rz': 13, 'rzz': 6, 'measure': 3, 'barrier': 1})
  Run 4/5: EquivalenceCriterion.equivalent_up_to_global_phase (import: 0.62ms, transpile: 10.47ms, gates: {'ry': 15, 'rz': 13, 'rzz': 6, 'measure': 3, 'barrier': 1})
  Run 5/5: EquivalenceCriterion.equivalent_up_to_global_phase (import: 0.58ms, transpile: 14.37ms, gates: {'ry': 15, 'rz': 13, 'rzz': 6, 'measure': 3, 'barrier': 1})
Running 5 transpilation tests on vqe_real_amp_04...
  Run 1/5: EquivalenceCriterion.equivalent_up_to_global_phase (import: 0.61ms, transpile: 12.53ms, gates: {'ry': 22, 'rz': 19, 'rzz': 9, 'measure': 4, 'barrier': 1})
  Run 2/5: EquivalenceCriterion.equivalent_up_to_global_phase (import: 0.71ms, transpile: 14.54ms, gates: {'ry': 22, 'rz': 19, 'rzz': 9, 'measure': 4, 'barrier': 1})
  Run 3/5: EquivalenceCriterion.equivalent_up_to_global_phase (import: 0.99ms, transpile: 15.41ms, gates: {'ry': 22, 'rz': 19, 'rzz': 9, 'measure': 4, 'barrier': 1})
  Run 4/5: EquivalenceCriterion.equivalent_up_to_global_phase (import: 0.70ms, transpile: 10.71ms, gates: {'ry': 22, 'rz': 19, 'rzz': 9, 'measure': 4, 'barrier': 1})
  Run 5/5: EquivalenceCriterion.equivalent_up_to_global_phase (import: 0.65ms, transpile: 10.61ms, gates: {'ry': 22, 'rz': 19, 'rzz': 9, 'measure': 4, 'barrier': 1})
Running 5 transpilation tests on vqe_real_amp_05...
  Run 1/5: EquivalenceCriterion.equivalent_up_to_global_phase (import: 0.63ms, transpile: 15.79ms, gates: {'ry': 29, 'rz': 25, 'rzz': 12, 'measure': 5, 'barrier': 1})
  Run 2/5: EquivalenceCriterion.equivalent_up_to_global_phase (import: 0.78ms, transpile: 11.23ms, gates: {'ry': 29, 'rz': 25, 'rzz': 12, 'measure': 5, 'barrier': 1})
  Run 3/5: EquivalenceCriterion.equivalent_up_to_global_phase (import: 0.98ms, transpile: 13.89ms, gates: {'ry': 29, 'rz': 25, 'rzz': 12, 'measure': 5, 'barrier': 1})
  Run 4/5: EquivalenceCriterion.equivalent_up_to_global_phase (import: 1.37ms, transpile: 15.99ms, gates: {'ry': 29, 'rz': 25, 'rzz': 12, 'measure': 5, 'barrier': 1})
  Run 5/5: EquivalenceCriterion.equivalent_up_to_global_phase (import: 1.18ms, transpile: 13.68ms, gates: {'ry': 29, 'rz': 25, 'rzz': 12, 'measure': 5, 'barrier': 1})
Running 5 transpilation tests on vqe_real_amp_06...
  Run 1/5: EquivalenceCriterion.equivalent_up_to_global_phase (import: 0.62ms, transpile: 21.18ms, gates: {'ry': 36, 'rz': 31, 'rzz': 15, 'measure': 6, 'barrier': 1})
  Run 2/5: EquivalenceCriterion.equivalent_up_to_global_phase (import: 0.89ms, transpile: 15.08ms, gates: {'ry': 36, 'rz': 31, 'rzz': 15, 'measure': 6, 'barrier': 1})
  Run 3/5: EquivalenceCriterion.equivalent_up_to_global_phase (import: 1.51ms, transpile: 21.77ms, gates: {'ry': 36, 'rz': 31, 'rzz': 15, 'measure': 6, 'barrier': 1})
  Run 4/5: EquivalenceCriterion.equivalent_up_to_global_phase (import: 1.06ms, transpile: 20.47ms, gates: {'ry': 36, 'rz': 31, 'rzz': 15, 'measure': 6, 'barrier': 1})
  Run 5/5: EquivalenceCriterion.equivalent_up_to_global_phase (import: 1.10ms, transpile: 14.62ms, gates: {'ry': 36, 'rz': 31, 'rzz': 15, 'measure': 6, 'barrier': 1})
Running 5 transpilation tests on vqe_real_amp_07...
  Run 1/5: EquivalenceCriterion.equivalent_up_to_global_phase (import: 0.67ms, transpile: 16.98ms, gates: {'ry': 43, 'rz': 37, 'rzz': 18, 'measure': 7, 'barrier': 1})
  Run 2/5: EquivalenceCriterion.equivalent_up_to_global_phase (import: 1.55ms, transpile: 23.06ms, gates: {'ry': 43, 'rz': 37, 'rzz': 18, 'measure': 7, 'barrier': 1})
  Run 3/5: EquivalenceCriterion.equivalent_up_to_global_phase (import: 1.31ms, transpile: 16.68ms, gates: {'ry': 43, 'rz': 37, 'rzz': 18, 'measure': 7, 'barrier': 1})
  Run 4/5: EquivalenceCriterion.equivalent_up_to_global_phase (import: 0.80ms, transpile: 14.74ms, gates: {'ry': 43, 'rz': 37, 'rzz': 18, 'measure': 7, 'barrier': 1})
  Run 5/5: EquivalenceCriterion.equivalent_up_to_global_phase (import: 0.93ms, transpile: 13.46ms, gates: {'ry': 43, 'rz': 37, 'rzz': 18, 'measure': 7, 'barrier': 1})
Running 5 transpilation tests on vqe_real_amp_08...
  Run 1/5: EquivalenceCriterion.equivalent_up_to_global_phase (import: 0.68ms, transpile: 12.47ms, gates: {'ry': 50, 'rz': 43, 'rzz': 21, 'measure': 8, 'barrier': 1})
  Run 2/5: EquivalenceCriterion.equivalent_up_to_global_phase (import: 0.91ms, transpile: 16.89ms, gates: {'ry': 50, 'rz': 43, 'rzz': 21, 'measure': 8, 'barrier': 1})
  Run 3/5: EquivalenceCriterion.equivalent_up_to_global_phase (import: 1.02ms, transpile: 18.44ms, gates: {'ry': 50, 'rz': 43, 'rzz': 21, 'measure': 8, 'barrier': 1})
  Run 4/5: EquivalenceCriterion.equivalent_up_to_global_phase (import: 1.89ms, transpile: 14.35ms, gates: {'ry': 50, 'rz': 43, 'rzz': 21, 'measure': 8, 'barrier': 1})
  Run 5/5: EquivalenceCriterion.equivalent_up_to_global_phase (import: 1.01ms, transpile: 16.24ms, gates: {'ry': 50, 'rz': 43, 'rzz': 21, 'measure': 8, 'barrier': 1})
Failed to extract qubits: "<input>:1,0: identifiers cannot start with capital letters except for the builtins 'U' and 'CX'"
Running 5 transpilation tests on hhl_02...
  Run 1/5: FAILED - Import failed: "<input>:1,0: identifiers cannot start with capital letters except for the builtins 'U' and 'CX'"
  Run 2/5: FAILED - Import failed: "<input>:1,0: identifiers cannot start with capital letters except for the builtins 'U' and 'CX'"
  Run 3/5: FAILED - Import failed: "<input>:1,0: identifiers cannot start with capital letters except for the builtins 'U' and 'CX'"
  Run 4/5: FAILED - Import failed: "<input>:1,0: identifiers cannot start with capital letters except for the builtins 'U' and 'CX'"
  Run 5/5: FAILED - Import failed: "<input>:1,0: identifiers cannot start with capital letters except for the builtins 'U' and 'CX'"
Running 5 transpilation tests on hhl_03...
[QCEC] Warning: circuits have different number of primary inputs! Proceed with caution!
  Run 1/5: EquivalenceCriterion.equivalent_up_to_global_phase (import: 0.48ms, transpile: 15.81ms, gates: {'rx': 5, 'rz': 5, 'ry': 4, 'rzz': 3, 'measure': 1})
[QCEC] Warning: circuits have different number of primary inputs! Proceed with caution!
  Run 2/5: EquivalenceCriterion.equivalent_up_to_global_phase (import: 0.75ms, transpile: 14.63ms, gates: {'rx': 5, 'rz': 5, 'ry': 4, 'rzz': 3, 'measure': 1})
[QCEC] Warning: circuits have different number of primary inputs! Proceed with caution!
  Run 3/5: EquivalenceCriterion.equivalent_up_to_global_phase (import: 0.63ms, transpile: 10.42ms, gates: {'rx': 5, 'rz': 5, 'ry': 4, 'rzz': 3, 'measure': 1})
[QCEC] Warning: circuits have different number of primary inputs! Proceed with caution!
  Run 4/5: EquivalenceCriterion.equivalent_up_to_global_phase (import: 0.81ms, transpile: 10.72ms, gates: {'rx': 5, 'rz': 5, 'ry': 4, 'rzz': 3, 'measure': 1})
[QCEC] Warning: circuits have different number of primary inputs! Proceed with caution!
  Run 5/5: EquivalenceCriterion.equivalent_up_to_global_phase (import: 1.02ms, transpile: 13.66ms, gates: {'rx': 5, 'rz': 5, 'ry': 4, 'rzz': 3, 'measure': 1})
Running 5 transpilation tests on hhl_04...
[QCEC] Warning: circuits have different number of primary inputs! Proceed with caution!
  Run 1/5: EquivalenceCriterion.equivalent (import: 1.12ms, transpile: 24.42ms, gates: {'rz': 24, 'ry': 12, 'rzz': 12, 'rx': 11, 'measure': 1})
[QCEC] Warning: circuits have different number of primary inputs! Proceed with caution!
  Run 2/5: EquivalenceCriterion.equivalent (import: 0.98ms, transpile: 22.42ms, gates: {'rz': 24, 'ry': 12, 'rzz': 12, 'rx': 11, 'measure': 1})
[QCEC] Warning: circuits have different number of primary inputs! Proceed with caution!
  Run 3/5: EquivalenceCriterion.equivalent (import: 0.79ms, transpile: 19.32ms, gates: {'rz': 24, 'ry': 12, 'rzz': 12, 'rx': 11, 'measure': 1})
[QCEC] Warning: circuits have different number of primary inputs! Proceed with caution!
  Run 4/5: EquivalenceCriterion.equivalent (import: 1.63ms, transpile: 19.08ms, gates: {'rz': 24, 'ry': 12, 'rzz': 12, 'rx': 11, 'measure': 1})
[QCEC] Warning: circuits have different number of primary inputs! Proceed with caution!
  Run 5/5: EquivalenceCriterion.equivalent (import: 0.82ms, transpile: 16.23ms, gates: {'rz': 24, 'ry': 12, 'rzz': 12, 'rx': 11, 'measure': 1})
Running 5 transpilation tests on hhl_05...
[QCEC] Warning: circuits have different number of primary inputs! Proceed with caution!
  Run 1/5: EquivalenceCriterion.equivalent_up_to_global_phase (import: 0.71ms, transpile: 12.88ms, gates: {'rz': 27, 'rzz': 15, 'ry': 12, 'rx': 7, 'measure': 1})
[QCEC] Warning: circuits have different number of primary inputs! Proceed with caution!
  Run 2/5: EquivalenceCriterion.equivalent_up_to_global_phase (import: 1.49ms, transpile: 18.52ms, gates: {'rz': 27, 'rzz': 15, 'ry': 12, 'rx': 7, 'measure': 1})
[QCEC] Warning: circuits have different number of primary inputs! Proceed with caution!
  Run 3/5: EquivalenceCriterion.equivalent_up_to_global_phase (import: 1.09ms, transpile: 16.06ms, gates: {'rz': 27, 'rzz': 15, 'ry': 12, 'rx': 7, 'measure': 1})
[QCEC] Warning: circuits have different number of primary inputs! Proceed with caution!
  Run 4/5: EquivalenceCriterion.equivalent_up_to_global_phase (import: 1.06ms, transpile: 12.94ms, gates: {'rz': 27, 'rzz': 15, 'ry': 12, 'rx': 7, 'measure': 1})
[QCEC] Warning: circuits have different number of primary inputs! Proceed with caution!
  Run 5/5: EquivalenceCriterion.equivalent_up_to_global_phase (import: 0.88ms, transpile: 13.02ms, gates: {'rz': 27, 'rzz': 15, 'ry': 12, 'rx': 7, 'measure': 1})
Running 5 transpilation tests on hhl_06...
[QCEC] Warning: circuits have different number of primary inputs! Proceed with caution!
  Run 1/5: EquivalenceCriterion.equivalent_up_to_global_phase (import: 0.81ms, transpile: 18.12ms, gates: {'rz': 44, 'rzz': 24, 'ry': 16, 'rx': 8, 'measure': 1})
[QCEC] Warning: circuits have different number of primary inputs! Proceed with caution!
  Run 2/5: EquivalenceCriterion.equivalent_up_to_global_phase (import: 1.76ms, transpile: 20.82ms, gates: {'rz': 44, 'rzz': 24, 'ry': 16, 'rx': 8, 'measure': 1})
[QCEC] Warning: circuits have different number of primary inputs! Proceed with caution!
  Run 3/5: EquivalenceCriterion.equivalent_up_to_global_phase (import: 1.10ms, transpile: 19.10ms, gates: {'rz': 44, 'rzz': 24, 'ry': 16, 'rx': 8, 'measure': 1})
[QCEC] Warning: circuits have different number of primary inputs! Proceed with caution!
  Run 4/5: EquivalenceCriterion.equivalent_up_to_global_phase (import: 1.09ms, transpile: 16.11ms, gates: {'rz': 44, 'rzz': 24, 'ry': 16, 'rx': 8, 'measure': 1})
[QCEC] Warning: circuits have different number of primary inputs! Proceed with caution!
  Run 5/5: EquivalenceCriterion.equivalent_up_to_global_phase (import: 1.13ms, transpile: 16.19ms, gates: {'rz': 44, 'rzz': 24, 'ry': 16, 'rx': 8, 'measure': 1})
Running 5 transpilation tests on hhl_07...
[QCEC] Warning: circuits have different number of primary inputs! Proceed with caution!
  Run 1/5: EquivalenceCriterion.equivalent_up_to_global_phase (import: 0.98ms, transpile: 24.35ms, gates: {'rz': 65, 'rzz': 35, 'ry': 20, 'rx': 9, 'measure': 1})
[QCEC] Warning: circuits have different number of primary inputs! Proceed with caution!
  Run 2/5: EquivalenceCriterion.equivalent_up_to_global_phase (import: 1.79ms, transpile: 19.54ms, gates: {'rz': 65, 'rzz': 35, 'ry': 20, 'rx': 9, 'measure': 1})
[QCEC] Warning: circuits have different number of primary inputs! Proceed with caution!
  Run 3/5: EquivalenceCriterion.equivalent_up_to_global_phase (import: 1.35ms, transpile: 18.71ms, gates: {'rz': 65, 'rzz': 35, 'ry': 20, 'rx': 9, 'measure': 1})
[QCEC] Warning: circuits have different number of primary inputs! Proceed with caution!
  Run 4/5: EquivalenceCriterion.equivalent_up_to_global_phase (import: 1.05ms, transpile: 16.46ms, gates: {'rz': 65, 'rzz': 35, 'ry': 20, 'rx': 9, 'measure': 1})
[QCEC] Warning: circuits have different number of primary inputs! Proceed with caution!
  Run 5/5: EquivalenceCriterion.equivalent_up_to_global_phase (import: 1.23ms, transpile: 16.84ms, gates: {'rz': 65, 'rzz': 35, 'ry': 20, 'rx': 9, 'measure': 1})
Running 5 transpilation tests on hhl_08...
[QCEC] Warning: circuits have different number of primary inputs! Proceed with caution!
  Run 1/5: EquivalenceCriterion.equivalent_up_to_global_phase (import: 2.05ms, transpile: 18.88ms, gates: {'rz': 90, 'rzz': 48, 'ry': 24, 'rx': 10, 'measure': 1})
[QCEC] Warning: circuits have different number of primary inputs! Proceed with caution!
  Run 2/5: EquivalenceCriterion.equivalent_up_to_global_phase (import: 1.38ms, transpile: 19.74ms, gates: {'rz': 90, 'rzz': 48, 'ry': 24, 'rx': 10, 'measure': 1})
[QCEC] Warning: circuits have different number of primary inputs! Proceed with caution!
  Run 3/5: EquivalenceCriterion.equivalent_up_to_global_phase (import: 1.23ms, transpile: 20.33ms, gates: {'rz': 90, 'rzz': 48, 'ry': 24, 'rx': 10, 'measure': 1})
[QCEC] Warning: circuits have different number of primary inputs! Proceed with caution!
  Run 4/5: EquivalenceCriterion.equivalent_up_to_global_phase (import: 1.52ms, transpile: 22.54ms, gates: {'rz': 90, 'rzz': 48, 'ry': 24, 'rx': 10, 'measure': 1})
[QCEC] Warning: circuits have different number of primary inputs! Proceed with caution!
  Run 5/5: EquivalenceCriterion.equivalent_up_to_global_phase (import: 1.14ms, transpile: 16.61ms, gates: {'rz': 90, 'rzz': 48, 'ry': 24, 'rx': 10, 'measure': 1})
Running 5 transpilation tests on grover_02...
  Run 1/5: EquivalenceCriterion.equivalent_up_to_global_phase (import: 0.46ms, transpile: 12.09ms, gates: {'ry': 2, 'rx': 2, 'rz': 2, 'measure': 2, 'rzz': 1, 'barrier': 1})
  Run 2/5: EquivalenceCriterion.equivalent_up_to_global_phase (import: 0.88ms, transpile: 14.67ms, gates: {'ry': 2, 'rx': 2, 'rz': 2, 'measure': 2, 'rzz': 1, 'barrier': 1})
  Run 3/5: EquivalenceCriterion.equivalent_up_to_global_phase (import: 0.70ms, transpile: 16.41ms, gates: {'ry': 2, 'rx': 2, 'rz': 2, 'measure': 2, 'rzz': 1, 'barrier': 1})
  Run 4/5: EquivalenceCriterion.equivalent_up_to_global_phase (import: 0.64ms, transpile: 12.89ms, gates: {'ry': 2, 'rx': 2, 'rz': 2, 'measure': 2, 'rzz': 1, 'barrier': 1})
  Run 5/5: EquivalenceCriterion.equivalent_up_to_global_phase (import: 0.53ms, transpile: 12.62ms, gates: {'ry': 2, 'rx': 2, 'rz': 2, 'measure': 2, 'rzz': 1, 'barrier': 1})
Running 5 transpilation tests on grover_03...
  Run 1/5: EquivalenceCriterion.equivalent_up_to_global_phase (import: 0.39ms, transpile: 11.73ms, gates: {'rz': 12, 'ry': 8, 'rx': 7, 'rzz': 6, 'measure': 3, 'barrier': 1})
  Run 2/5: EquivalenceCriterion.equivalent_up_to_global_phase (import: 0.67ms, transpile: 10.51ms, gates: {'rz': 12, 'ry': 8, 'rx': 7, 'rzz': 6, 'measure': 3, 'barrier': 1})
  Run 3/5: EquivalenceCriterion.equivalent_up_to_global_phase (import: 0.55ms, transpile: 12.96ms, gates: {'rz': 12, 'ry': 8, 'rx': 7, 'rzz': 6, 'measure': 3, 'barrier': 1})
  Run 4/5: EquivalenceCriterion.equivalent_up_to_global_phase (import: 0.66ms, transpile: 16.87ms, gates: {'rz': 12, 'ry': 8, 'rx': 7, 'rzz': 6, 'measure': 3, 'barrier': 1})
  Run 5/5: EquivalenceCriterion.equivalent_up_to_global_phase (import: 0.62ms, transpile: 13.26ms, gates: {'rz': 12, 'ry': 8, 'rx': 7, 'rzz': 6, 'measure': 3, 'barrier': 1})
Running 5 transpilation tests on grover_04...
  Run 1/5: EquivalenceCriterion.equivalent_up_to_global_phase (import: 0.48ms, transpile: 19.84ms, gates: {'rz': 76, 'ry': 51, 'rzz': 44, 'rx': 20, 'measure': 4, 'barrier': 1})
  Run 2/5: EquivalenceCriterion.equivalent_up_to_global_phase (import: 0.62ms, transpile: 16.93ms, gates: {'rz': 76, 'ry': 51, 'rzz': 44, 'rx': 20, 'measure': 4, 'barrier': 1})
  Run 3/5: EquivalenceCriterion.equivalent_up_to_global_phase (import: 0.63ms, transpile: 16.34ms, gates: {'rz': 76, 'ry': 51, 'rzz': 44, 'rx': 20, 'measure': 4, 'barrier': 1})
  Run 4/5: EquivalenceCriterion.equivalent_up_to_global_phase (import: 0.61ms, transpile: 22.43ms, gates: {'rz': 76, 'ry': 51, 'rzz': 44, 'rx': 20, 'measure': 4, 'barrier': 1})
  Run 5/5: EquivalenceCriterion.equivalent_up_to_global_phase (import: 1.02ms, transpile: 23.75ms, gates: {'rz': 76, 'ry': 51, 'rzz': 44, 'rx': 20, 'measure': 4, 'barrier': 1})
Running 5 transpilation tests on grover_05...
  Run 1/5: EquivalenceCriterion.equivalent_up_to_global_phase (import: 1.28ms, transpile: 34.85ms, gates: {'rz': 252, 'ry': 184, 'rzz': 150, 'rx': 50, 'measure': 5, 'barrier': 1})
  Run 2/5: EquivalenceCriterion.equivalent_up_to_global_phase (import: 1.00ms, transpile: 32.48ms, gates: {'rz': 252, 'ry': 184, 'rzz': 150, 'rx': 50, 'measure': 5, 'barrier': 1})
  Run 3/5: EquivalenceCriterion.equivalent_up_to_global_phase (import: 1.13ms, transpile: 30.53ms, gates: {'rz': 252, 'ry': 184, 'rzz': 150, 'rx': 50, 'measure': 5, 'barrier': 1})
  Run 4/5: EquivalenceCriterion.equivalent_up_to_global_phase (import: 0.82ms, transpile: 33.02ms, gates: {'rz': 252, 'ry': 184, 'rzz': 150, 'rx': 50, 'measure': 5, 'barrier': 1})
  Run 5/5: EquivalenceCriterion.equivalent_up_to_global_phase (import: 0.84ms, transpile: 31.69ms, gates: {'rz': 252, 'ry': 184, 'rzz': 150, 'rx': 50, 'measure': 5, 'barrier': 1})
Running 5 transpilation tests on grover_06...
  Run 1/5: EquivalenceCriterion.equivalent_up_to_global_phase (import: 1.24ms, transpile: 64.79ms, gates: {'rz': 730, 'rzz': 400, 'ry': 381, 'rx': 57, 'measure': 6, 'barrier': 1})
  Run 2/5: EquivalenceCriterion.equivalent_up_to_global_phase (import: 1.36ms, transpile: 62.08ms, gates: {'rz': 730, 'rzz': 400, 'ry': 381, 'rx': 57, 'measure': 6, 'barrier': 1})
  Run 3/5: EquivalenceCriterion.equivalent_up_to_global_phase (import: 1.07ms, transpile: 62.84ms, gates: {'rz': 730, 'rzz': 400, 'ry': 381, 'rx': 57, 'measure': 6, 'barrier': 1})
  Run 4/5: EquivalenceCriterion.equivalent_up_to_global_phase (import: 1.19ms, transpile: 65.01ms, gates: {'rz': 730, 'rzz': 400, 'ry': 381, 'rx': 57, 'measure': 6, 'barrier': 1})
  Run 5/5: EquivalenceCriterion.equivalent_up_to_global_phase (import: 1.04ms, transpile: 62.47ms, gates: {'rz': 730, 'rzz': 400, 'ry': 381, 'rx': 57, 'measure': 6, 'barrier': 1})
Running 5 transpilation tests on grover_07...
  Run 1/5: EquivalenceCriterion.equivalent_up_to_global_phase (import: 1.63ms, transpile: 144.89ms, gates: {'rz': 2134, 'rzz': 1188, 'ry': 1054, 'rx': 153, 'measure': 7, 'barrier': 1})
  Run 2/5: EquivalenceCriterion.equivalent_up_to_global_phase (import: 1.98ms, transpile: 132.32ms, gates: {'rz': 2134, 'rzz': 1188, 'ry': 1054, 'rx': 153, 'measure': 7, 'barrier': 1})
  Run 3/5: EquivalenceCriterion.equivalent_up_to_global_phase (import: 2.71ms, transpile: 143.79ms, gates: {'rz': 2134, 'rzz': 1188, 'ry': 1054, 'rx': 153, 'measure': 7, 'barrier': 1})
  Run 4/5: EquivalenceCriterion.equivalent_up_to_global_phase (import: 1.60ms, transpile: 143.61ms, gates: {'rz': 2134, 'rzz': 1188, 'ry': 1054, 'rx': 153, 'measure': 7, 'barrier': 1})
  Run 5/5: EquivalenceCriterion.equivalent_up_to_global_phase (import: 1.57ms, transpile: 151.95ms, gates: {'rz': 2134, 'rzz': 1188, 'ry': 1054, 'rx': 153, 'measure': 7, 'barrier': 1})
Running 5 transpilation tests on grover_08...
  Run 1/5: EquivalenceCriterion.equivalent_up_to_global_phase (import: 1.69ms, transpile: 325.08ms, gates: {'rz': 4784, 'ry': 2839, 'rzz': 2592, 'rx': 399, 'measure': 8, 'barrier': 1})
  Run 2/5: EquivalenceCriterion.equivalent_up_to_global_phase (import: 2.75ms, transpile: 280.25ms, gates: {'rz': 4784, 'ry': 2839, 'rzz': 2592, 'rx': 399, 'measure': 8, 'barrier': 1})
  Run 3/5: EquivalenceCriterion.equivalent_up_to_global_phase (import: 3.08ms, transpile: 289.38ms, gates: {'rz': 4784, 'ry': 2839, 'rzz': 2592, 'rx': 399, 'measure': 8, 'barrier': 1})
  Run 4/5: EquivalenceCriterion.equivalent_up_to_global_phase (import: 3.15ms, transpile: 352.33ms, gates: {'rz': 4784, 'ry': 2839, 'rzz': 2592, 'rx': 399, 'measure': 8, 'barrier': 1})
  Run 5/5: EquivalenceCriterion.equivalent_up_to_global_phase (import: 3.04ms, transpile: 319.53ms, gates: {'rz': 4784, 'ry': 2839, 'rzz': 2592, 'rx': 399, 'measure': 8, 'barrier': 1})
Results saved to experiments/transpiler_result_20260611_144523_Qiskit_mapped_all_to_all_Quantinuum_gateset.json
Processing SDK: Qiskit_mapped_line_Quantinuum_gateset
Running 5 transpilation tests on qaoa_02...
  Run 1/5: EquivalenceCriterion.equivalent (import: 0.34ms, transpile: 9.09ms, gates: {'rx': 6, 'ry': 2, 'rzz': 2})
  Run 2/5: EquivalenceCriterion.equivalent (import: 0.46ms, transpile: 8.32ms, gates: {'rx': 6, 'ry': 2, 'rzz': 2})
  Run 3/5: EquivalenceCriterion.equivalent (import: 0.47ms, transpile: 8.58ms, gates: {'rx': 6, 'ry': 2, 'rzz': 2})
  Run 4/5: EquivalenceCriterion.equivalent (import: 0.83ms, transpile: 8.19ms, gates: {'rx': 6, 'ry': 2, 'rzz': 2})
  Run 5/5: EquivalenceCriterion.equivalent (import: 0.47ms, transpile: 11.03ms, gates: {'rx': 6, 'ry': 2, 'rzz': 2})
Running 5 transpilation tests on qaoa_03...
  Run 1/5: EquivalenceCriterion.equivalent_up_to_global_phase (import: 0.36ms, transpile: 9.85ms, gates: {'rx': 9, 'rzz': 4, 'ry': 3})
  Run 2/5: EquivalenceCriterion.equivalent_up_to_global_phase (import: 0.50ms, transpile: 8.69ms, gates: {'rx': 9, 'rzz': 4, 'ry': 3})
  Run 3/5: EquivalenceCriterion.equivalent_up_to_global_phase (import: 0.51ms, transpile: 8.45ms, gates: {'rx': 9, 'rzz': 4, 'ry': 3})
  Run 4/5: EquivalenceCriterion.equivalent_up_to_global_phase (import: 0.61ms, transpile: 8.46ms, gates: {'rx': 9, 'rzz': 4, 'ry': 3})
  Run 5/5: EquivalenceCriterion.equivalent_up_to_global_phase (import: 0.57ms, transpile: 10.06ms, gates: {'rx': 9, 'rzz': 4, 'ry': 3})
Running 5 transpilation tests on qaoa_04...
  Run 1/5: EquivalenceCriterion.equivalent_up_to_global_phase (import: 0.73ms, transpile: 11.10ms, gates: {'rx': 9, 'ry': 4, 'rzz': 4, 'rz': 1})
  Run 2/5: EquivalenceCriterion.equivalent_up_to_global_phase (import: 0.68ms, transpile: 8.72ms, gates: {'rx': 9, 'ry': 4, 'rzz': 4, 'rz': 1})
  Run 3/5: EquivalenceCriterion.equivalent_up_to_global_phase (import: 1.02ms, transpile: 11.81ms, gates: {'rx': 9, 'ry': 4, 'rzz': 4, 'rz': 1})
  Run 4/5: EquivalenceCriterion.equivalent_up_to_global_phase (import: 0.80ms, transpile: 12.91ms, gates: {'rx': 9, 'ry': 4, 'rzz': 4, 'rz': 1})
  Run 5/5: EquivalenceCriterion.equivalent_up_to_global_phase (import: 0.74ms, transpile: 11.32ms, gates: {'rx': 9, 'ry': 4, 'rzz': 4, 'rz': 1})
Running 5 transpilation tests on qaoa_05...
  Run 1/5: EquivalenceCriterion.equivalent_up_to_global_phase (import: 0.49ms, transpile: 20.75ms, gates: {'rz': 28, 'ry': 24, 'rzz': 22, 'rx': 19})
  Run 2/5: EquivalenceCriterion.equivalent_up_to_global_phase (import: 0.60ms, transpile: 13.86ms, gates: {'rz': 27, 'ry': 25, 'rzz': 22, 'rx': 18})
  Run 3/5: EquivalenceCriterion.equivalent_up_to_global_phase (import: 0.81ms, transpile: 17.86ms, gates: {'rz': 27, 'ry': 25, 'rzz': 22, 'rx': 21})
  Run 4/5: EquivalenceCriterion.equivalent_up_to_global_phase (import: 0.97ms, transpile: 18.48ms, gates: {'rz': 26, 'ry': 25, 'rzz': 22, 'rx': 20})
  Run 5/5: EquivalenceCriterion.equivalent_up_to_global_phase (import: 0.69ms, transpile: 14.77ms, gates: {'rz': 27, 'ry': 25, 'rzz': 22, 'rx': 21})
Running 5 transpilation tests on qaoa_06...
  Run 1/5: EquivalenceCriterion.equivalent_up_to_global_phase (import: 0.56ms, transpile: 18.23ms, gates: {'ry': 39, 'rz': 35, 'rzz': 32, 'rx': 22})
  Run 2/5: EquivalenceCriterion.equivalent_up_to_global_phase (import: 0.75ms, transpile: 15.74ms, gates: {'rz': 36, 'ry': 35, 'rzz': 31, 'rx': 26})
  Run 3/5: EquivalenceCriterion.equivalent_up_to_global_phase (import: 0.67ms, transpile: 15.59ms, gates: {'rz': 39, 'ry': 33, 'rzz': 30, 'rx': 25})
  Run 4/5: EquivalenceCriterion.equivalent_up_to_global_phase (import: 0.72ms, transpile: 17.99ms, gates: {'rz': 38, 'ry': 35, 'rzz': 31, 'rx': 25})
  Run 5/5: EquivalenceCriterion.equivalent_up_to_global_phase (import: 0.93ms, transpile: 16.33ms, gates: {'rz': 39, 'ry': 33, 'rzz': 30, 'rx': 25})
Running 5 transpilation tests on qaoa_07...
  Run 1/5: EquivalenceCriterion.equivalent_up_to_global_phase (import: 0.61ms, transpile: 22.06ms, gates: {'rz': 148, 'ry': 119, 'rzz': 94, 'rx': 51})
  Run 2/5: EquivalenceCriterion.equivalent_up_to_global_phase (import: 1.01ms, transpile: 24.10ms, gates: {'rz': 150, 'ry': 119, 'rzz': 94, 'rx': 50})
The ZX checker suggests that the circuits are not equivalent, but the simulation checker suggests that they are probably equivalent. Thus, no conclusion can be drawn.
  Run 3/5: EquivalenceCriterion.no_information (import: 0.73ms, transpile: 22.74ms, gates: {'rz': 145, 'ry': 119, 'rzz': 93, 'rx': 51})
The ZX checker suggests that the circuits are not equivalent, but the simulation checker suggests that they are probably equivalent. Thus, no conclusion can be drawn.
  Run 4/5: EquivalenceCriterion.no_information (import: 0.71ms, transpile: 24.19ms, gates: {'rz': 148, 'ry': 119, 'rzz': 93, 'rx': 51})
The ZX checker suggests that the circuits are not equivalent, but the simulation checker suggests that they are probably equivalent. Thus, no conclusion can be drawn.
  Run 5/5: EquivalenceCriterion.no_information (import: 0.74ms, transpile: 29.11ms, gates: {'rz': 149, 'ry': 118, 'rzz': 93, 'rx': 50})
Running 5 transpilation tests on qaoa_08...
  Run 1/5: EquivalenceCriterion.equivalent_up_to_global_phase (import: 1.17ms, transpile: 27.46ms, gates: {'rz': 146, 'ry': 131, 'rzz': 101, 'rx': 49})
  Run 2/5: EquivalenceCriterion.equivalent_up_to_global_phase (import: 0.76ms, transpile: 24.49ms, gates: {'rz': 146, 'ry': 131, 'rzz': 101, 'rx': 49})
  Run 3/5: EquivalenceCriterion.equivalent_up_to_global_phase (import: 1.33ms, transpile: 37.31ms, gates: {'rz': 146, 'ry': 125, 'rzz': 101, 'rx': 54})
  Run 4/5: EquivalenceCriterion.equivalent_up_to_global_phase (import: 1.26ms, transpile: 34.10ms, gates: {'rz': 146, 'ry': 131, 'rzz': 101, 'rx': 49})
  Run 5/5: EquivalenceCriterion.equivalent_up_to_global_phase (import: 1.66ms, transpile: 37.25ms, gates: {'rz': 146, 'ry': 131, 'rzz': 101, 'rx': 49})
Running 5 transpilation tests on qft_02...
  Run 1/5: EquivalenceCriterion.equivalent_up_to_global_phase (import: 0.76ms, transpile: 35.90ms, gates: {'rz': 7, 'ry': 5, 'rzz': 3, 'rx': 2, 'measure': 2, 'barrier': 1})
  Run 2/5: EquivalenceCriterion.equivalent_up_to_global_phase (import: 0.81ms, transpile: 29.80ms, gates: {'rz': 7, 'ry': 5, 'rzz': 3, 'rx': 2, 'measure': 2, 'barrier': 1})
  Run 3/5: EquivalenceCriterion.equivalent_up_to_global_phase (import: 0.71ms, transpile: 24.99ms, gates: {'rz': 7, 'ry': 5, 'rzz': 3, 'rx': 2, 'measure': 2, 'barrier': 1})
  Run 4/5: EquivalenceCriterion.equivalent_up_to_global_phase (import: 1.08ms, transpile: 24.88ms, gates: {'rz': 7, 'ry': 5, 'rzz': 3, 'rx': 2, 'measure': 2, 'barrier': 1})
  Run 5/5: EquivalenceCriterion.equivalent_up_to_global_phase (import: 0.79ms, transpile: 30.13ms, gates: {'rz': 7, 'ry': 5, 'rzz': 3, 'rx': 2, 'measure': 2, 'barrier': 1})
Running 5 transpilation tests on qft_03...
  Run 1/5: EquivalenceCriterion.equivalent_up_to_global_phase (import: 0.69ms, transpile: 22.68ms, gates: {'rz': 10, 'ry': 6, 'rzz': 6, 'rx': 4, 'measure': 3, 'barrier': 1})
  Run 2/5: EquivalenceCriterion.equivalent_up_to_global_phase (import: 0.65ms, transpile: 16.25ms, gates: {'rz': 12, 'ry': 7, 'rzz': 6, 'measure': 3, 'rx': 1, 'barrier': 1})
  Run 3/5: EquivalenceCriterion.equivalent_up_to_global_phase (import: 0.72ms, transpile: 14.38ms, gates: {'rz': 10, 'ry': 6, 'rzz': 6, 'rx': 4, 'measure': 3, 'barrier': 1})
  Run 4/5: EquivalenceCriterion.equivalent_up_to_global_phase (import: 0.57ms, transpile: 14.61ms, gates: {'rz': 12, 'ry': 7, 'rzz': 6, 'measure': 3, 'rx': 1, 'barrier': 1})
  Run 5/5: EquivalenceCriterion.equivalent_up_to_global_phase (import: 0.91ms, transpile: 14.04ms, gates: {'rz': 10, 'ry': 6, 'rzz': 6, 'rx': 4, 'measure': 3, 'barrier': 1})
Running 5 transpilation tests on qft_04...
  Run 1/5: EquivalenceCriterion.equivalent_up_to_global_phase (import: 0.40ms, transpile: 14.43ms, gates: {'rz': 29, 'ry': 19, 'rzz': 14, 'measure': 4, 'rx': 3, 'barrier': 1})
  Run 2/5: EquivalenceCriterion.equivalent_up_to_global_phase (import: 0.81ms, transpile: 19.67ms, gates: {'rz': 29, 'ry': 19, 'rzz': 14, 'measure': 4, 'rx': 3, 'barrier': 1})
  Run 3/5: EquivalenceCriterion.equivalent_up_to_global_phase (import: 0.63ms, transpile: 20.35ms, gates: {'rz': 28, 'ry': 18, 'rzz': 13, 'rx': 5, 'measure': 4, 'barrier': 1})
  Run 4/5: EquivalenceCriterion.equivalent_up_to_global_phase (import: 0.62ms, transpile: 17.95ms, gates: {'rz': 28, 'ry': 16, 'rzz': 14, 'rx': 6, 'measure': 4, 'barrier': 1})
  Run 5/5: EquivalenceCriterion.equivalent_up_to_global_phase (import: 0.92ms, transpile: 15.68ms, gates: {'rz': 29, 'ry': 19, 'rzz': 14, 'measure': 4, 'rx': 3, 'barrier': 1})
Running 5 transpilation tests on qft_05...
  Run 1/5: EquivalenceCriterion.equivalent_up_to_global_phase (import: 0.41ms, transpile: 21.48ms, gates: {'rz': 50, 'ry': 34, 'rzz': 24, 'rx': 9, 'measure': 5, 'barrier': 1})
  Run 2/5: EquivalenceCriterion.equivalent_up_to_global_phase (import: 0.57ms, transpile: 16.73ms, gates: {'rz': 50, 'ry': 34, 'rzz': 24, 'rx': 9, 'measure': 5, 'barrier': 1})
  Run 3/5: EquivalenceCriterion.equivalent_up_to_global_phase (import: 0.57ms, transpile: 19.46ms, gates: {'rz': 50, 'ry': 30, 'rzz': 24, 'rx': 9, 'measure': 5, 'barrier': 1})
  Run 4/5: EquivalenceCriterion.equivalent_up_to_global_phase (import: 0.73ms, transpile: 23.22ms, gates: {'rz': 50, 'ry': 30, 'rzz': 24, 'rx': 9, 'measure': 5, 'barrier': 1})
  Run 5/5: EquivalenceCriterion.equivalent_up_to_global_phase (import: 0.88ms, transpile: 20.05ms, gates: {'rz': 50, 'ry': 34, 'rzz': 24, 'rx': 9, 'measure': 5, 'barrier': 1})
Running 5 transpilation tests on qft_06...
  Run 1/5: EquivalenceCriterion.equivalent_up_to_global_phase (import: 0.79ms, transpile: 24.02ms, gates: {'rz': 85, 'ry': 54, 'rzz': 42, 'rx': 16, 'measure': 6, 'barrier': 1})
  Run 2/5: EquivalenceCriterion.equivalent_up_to_global_phase (import: 0.59ms, transpile: 23.50ms, gates: {'rz': 85, 'ry': 54, 'rzz': 42, 'rx': 16, 'measure': 6, 'barrier': 1})
  Run 3/5: EquivalenceCriterion.equivalent_up_to_global_phase (import: 1.11ms, transpile: 29.70ms, gates: {'rz': 85, 'ry': 55, 'rzz': 42, 'rx': 16, 'measure': 6, 'barrier': 1})
  Run 4/5: EquivalenceCriterion.equivalent_up_to_global_phase (import: 0.61ms, transpile: 21.70ms, gates: {'rz': 85, 'ry': 54, 'rzz': 42, 'rx': 16, 'measure': 6, 'barrier': 1})
  Run 5/5: EquivalenceCriterion.equivalent_up_to_global_phase (import: 0.63ms, transpile: 19.83ms, gates: {'rz': 85, 'ry': 59, 'rzz': 42, 'rx': 16, 'measure': 6, 'barrier': 1})
Running 5 transpilation tests on qft_07...
  Run 1/5: EquivalenceCriterion.equivalent_up_to_global_phase (import: 0.82ms, transpile: 42.33ms, gates: {'rz': 126, 'ry': 82, 'rzz': 63, 'rx': 24, 'measure': 7, 'barrier': 1})
  Run 2/5: EquivalenceCriterion.equivalent_up_to_global_phase (import: 0.93ms, transpile: 32.98ms, gates: {'rz': 126, 'ry': 84, 'rzz': 63, 'rx': 25, 'measure': 7, 'barrier': 1})
  Run 3/5: EquivalenceCriterion.equivalent_up_to_global_phase (import: 0.68ms, transpile: 26.10ms, gates: {'rz': 126, 'ry': 82, 'rzz': 63, 'rx': 24, 'measure': 7, 'barrier': 1})
  Run 4/5: EquivalenceCriterion.equivalent_up_to_global_phase (import: 0.62ms, transpile: 21.86ms, gates: {'rz': 125, 'ry': 86, 'rzz': 63, 'rx': 25, 'measure': 7, 'barrier': 1})
  Run 5/5: EquivalenceCriterion.equivalent_up_to_global_phase (import: 0.57ms, transpile: 27.01ms, gates: {'rz': 126, 'ry': 84, 'rzz': 63, 'rx': 25, 'measure': 7, 'barrier': 1})
Running 5 transpilation tests on qft_08...
+
  Run 1/5: EquivalenceCriterion.equivalent_up_to_global_phase (import: 0.55ms, transpile: 27.50ms, gates: {'rz': 172, 'ry': 115, 'rzz': 87, 'rx': 29, 'measure': 8, 'barrier': 1})
  Run 2/5: EquivalenceCriterion.equivalent_up_to_global_phase (import: 0.66ms, transpile: 28.68ms, gates: {'rz': 174, 'ry': 114, 'rzz': 87, 'rx': 25, 'measure': 8, 'barrier': 1})
  Run 3/5: EquivalenceCriterion.equivalent_up_to_global_phase (import: 0.57ms, transpile: 26.96ms, gates: {'rz': 172, 'ry': 115, 'rzz': 87, 'rx': 29, 'measure': 8, 'barrier': 1})
  Run 4/5: EquivalenceCriterion.equivalent_up_to_global_phase (import: 0.92ms, transpile: 26.52ms, gates: {'rz': 172, 'ry': 115, 'rzz': 87, 'rx': 29, 'measure': 8, 'barrier': 1})
  Run 5/5: EquivalenceCriterion.equivalent_up_to_global_phase (import: 0.67ms, transpile: 27.51ms, gates: {'rz': 174, 'ry': 114, 'rzz': 87, 'rx': 25, 'measure': 8, 'barrier': 1})
Running 5 transpilation tests on randomcircuit_02...
  Run 1/5: EquivalenceCriterion.equivalent_up_to_global_phase (import: 0.50ms, transpile: 12.78ms, gates: {'rz': 5, 'rx': 4, 'ry': 2, 'rzz': 2, 'measure': 2, 'barrier': 1})
  Run 2/5: EquivalenceCriterion.no_information (import: 0.68ms, transpile: 12.36ms, gates: {'rz': 5, 'rx': 4, 'ry': 2, 'rzz': 2, 'measure': 2, 'barrier': 1})
The ZX checker suggests that the circuits are not equivalent, but the simulation checker suggests that they are probably equivalent. Thus, no conclusion can be drawn.
  Run 3/5: EquivalenceCriterion.equivalent_up_to_global_phase (import: 0.73ms, transpile: 12.44ms, gates: {'rz': 5, 'rx': 4, 'ry': 2, 'rzz': 2, 'measure': 2, 'barrier': 1})
  Run 4/5: EquivalenceCriterion.equivalent_up_to_global_phase (import: 0.59ms, transpile: 11.71ms, gates: {'rz': 5, 'rx': 4, 'ry': 2, 'rzz': 2, 'measure': 2, 'barrier': 1})
  Run 5/5: EquivalenceCriterion.equivalent_up_to_global_phase (import: 0.60ms, transpile: 11.41ms, gates: {'rz': 5, 'rx': 4, 'ry': 2, 'rzz': 2, 'measure': 2, 'barrier': 1})
Running 5 transpilation tests on randomcircuit_03...
  Run 1/5: EquivalenceCriterion.equivalent_up_to_global_phase (import: 0.44ms, transpile: 17.77ms, gates: {'rz': 48, 'ry': 29, 'rzz': 27, 'rx': 20, 'measure': 3, 'barrier': 1})
The ZX checker suggests that the circuits are not equivalent, but the simulation checker suggests that they are probably equivalent. Thus, no conclusion can be drawn.
  Run 2/5: EquivalenceCriterion.no_information (import: 0.97ms, transpile: 26.44ms, gates: {'rz': 45, 'ry': 29, 'rzz': 25, 'rx': 18, 'measure': 3, 'barrier': 1})
  Run 3/5: EquivalenceCriterion.equivalent_up_to_global_phase (import: 0.97ms, transpile: 21.76ms, gates: {'rz': 48, 'ry': 29, 'rzz': 27, 'rx': 20, 'measure': 3, 'barrier': 1})
  Run 4/5: EquivalenceCriterion.equivalent_up_to_global_phase (import: 0.64ms, transpile: 18.03ms, gates: {'rz': 48, 'ry': 29, 'rzz': 27, 'rx': 20, 'measure': 3, 'barrier': 1})
The ZX checker suggests that the circuits are not equivalent, but the simulation checker suggests that they are probably equivalent. Thus, no conclusion can be drawn.
  Run 5/5: EquivalenceCriterion.no_information (import: 0.65ms, transpile: 17.99ms, gates: {'rz': 45, 'ry': 29, 'rzz': 25, 'rx': 18, 'measure': 3, 'barrier': 1})
Running 5 transpilation tests on randomcircuit_04...
  Run 1/5: EquivalenceCriterion.equivalent_up_to_global_phase (import: 0.59ms, transpile: 32.19ms, gates: {'rz': 170, 'ry': 114, 'rzz': 93, 'rx': 50, 'measure': 4, 'barrier': 1})
  Run 2/5: EquivalenceCriterion.equivalent_up_to_global_phase (import: 0.71ms, transpile: 38.10ms, gates: {'rz': 173, 'ry': 112, 'rzz': 93, 'rx': 49, 'measure': 4, 'barrier': 1})
  Run 3/5: EquivalenceCriterion.equivalent_up_to_global_phase (import: 0.67ms, transpile: 43.12ms, gates: {'rz': 171, 'ry': 113, 'rzz': 93, 'rx': 49, 'measure': 4, 'barrier': 1})
  Run 4/5: EquivalenceCriterion.equivalent_up_to_global_phase (import: 0.75ms, transpile: 31.43ms, gates: {'rz': 170, 'ry': 114, 'rzz': 93, 'rx': 50, 'measure': 4, 'barrier': 1})
  Run 5/5: EquivalenceCriterion.equivalent_up_to_global_phase (import: 0.77ms, transpile: 36.23ms, gates: {'rz': 169, 'ry': 110, 'rzz': 93, 'rx': 53, 'measure': 4, 'barrier': 1})
Running 5 transpilation tests on randomcircuit_05...
  Run 1/5: EquivalenceCriterion.equivalent_up_to_global_phase (import: 0.67ms, transpile: 38.54ms, gates: {'rz': 200, 'ry': 140, 'rzz': 109, 'rx': 55, 'measure': 5, 'barrier': 1})
  Run 2/5: EquivalenceCriterion.equivalent_up_to_global_phase (import: 0.85ms, transpile: 43.30ms, gates: {'rz': 200, 'ry': 140, 'rzz': 109, 'rx': 55, 'measure': 5, 'barrier': 1})
  Run 3/5: EquivalenceCriterion.equivalent_up_to_global_phase (import: 0.87ms, transpile: 39.57ms, gates: {'rz': 202, 'ry': 138, 'rzz': 109, 'rx': 56, 'measure': 5, 'barrier': 1})
  Run 4/5: EquivalenceCriterion.equivalent_up_to_global_phase (import: 1.27ms, transpile: 44.52ms, gates: {'rz': 202, 'ry': 138, 'rzz': 109, 'rx': 56, 'measure': 5, 'barrier': 1})
  Run 5/5: EquivalenceCriterion.equivalent_up_to_global_phase (import: 0.83ms, transpile: 45.68ms, gates: {'rz': 202, 'ry': 138, 'rzz': 109, 'rx': 56, 'measure': 5, 'barrier': 1})
Running 5 transpilation tests on randomcircuit_06...
  Run 1/5: EquivalenceCriterion.equivalent_up_to_global_phase (import: 0.69ms, transpile: 45.67ms, gates: {'rz': 319, 'ry': 236, 'rzz': 178, 'rx': 89, 'measure': 6, 'barrier': 1})
  Run 2/5: EquivalenceCriterion.equivalent_up_to_global_phase (import: 0.91ms, transpile: 51.23ms, gates: {'rz': 321, 'ry': 235, 'rzz': 180, 'rx': 91, 'measure': 6, 'barrier': 1})
  Run 3/5: EquivalenceCriterion.equivalent_up_to_global_phase (import: 0.90ms, transpile: 48.54ms, gates: {'rz': 320, 'ry': 228, 'rzz': 181, 'rx': 98, 'measure': 6, 'barrier': 1})
  Run 4/5: EquivalenceCriterion.equivalent_up_to_global_phase (import: 0.84ms, transpile: 47.48ms, gates: {'rz': 318, 'ry': 229, 'rzz': 179, 'rx': 96, 'measure': 6, 'barrier': 1})
  Run 5/5: EquivalenceCriterion.equivalent_up_to_global_phase (import: 0.93ms, transpile: 47.61ms, gates: {'rz': 322, 'ry': 231, 'rzz': 181, 'rx': 93, 'measure': 6, 'barrier': 1})
Running 5 transpilation tests on randomcircuit_07...
  Run 1/5: EquivalenceCriterion.equivalent_up_to_global_phase (import: 1.34ms, transpile: 89.48ms, gates: {'rz': 621, 'ry': 431, 'rzz': 341, 'rx': 184, 'measure': 7, 'barrier': 1})
  Run 2/5: EquivalenceCriterion.equivalent_up_to_global_phase (import: 1.11ms, transpile: 76.57ms, gates: {'rz': 630, 'ry': 448, 'rzz': 347, 'rx': 182, 'measure': 7, 'barrier': 1})
  Run 3/5: EquivalenceCriterion.equivalent_up_to_global_phase (import: 1.19ms, transpile: 81.48ms, gates: {'rz': 623, 'ry': 436, 'rzz': 343, 'rx': 187, 'measure': 7, 'barrier': 1})
  Run 4/5: EquivalenceCriterion.equivalent_up_to_global_phase (import: 1.05ms, transpile: 81.45ms, gates: {'rz': 630, 'ry': 448, 'rzz': 347, 'rx': 182, 'measure': 7, 'barrier': 1})
  Run 5/5: EquivalenceCriterion.equivalent_up_to_global_phase (import: 1.16ms, transpile: 82.30ms, gates: {'rz': 626, 'ry': 434, 'rzz': 343, 'rx': 193, 'measure': 7, 'barrier': 1})
Running 5 transpilation tests on randomcircuit_08...
  Run 1/5: EquivalenceCriterion.equivalent_up_to_global_phase (import: 0.95ms, transpile: 103.72ms, gates: {'rz': 873, 'ry': 604, 'rzz': 481, 'rx': 274, 'measure': 8, 'barrier': 1})
  Run 2/5: EquivalenceCriterion.equivalent_up_to_global_phase (import: 1.10ms, transpile: 115.25ms, gates: {'rz': 870, 'ry': 593, 'rzz': 482, 'rx': 280, 'measure': 8, 'barrier': 1})
  Run 3/5: EquivalenceCriterion.equivalent_up_to_global_phase (import: 1.20ms, transpile: 108.40ms, gates: {'rz': 869, 'ry': 597, 'rzz': 481, 'rx': 275, 'measure': 8, 'barrier': 1})
  Run 4/5: EquivalenceCriterion.equivalent_up_to_global_phase (import: 1.88ms, transpile: 117.69ms, gates: {'rz': 873, 'ry': 595, 'rzz': 483, 'rx': 278, 'measure': 8, 'barrier': 1})
  Run 5/5: EquivalenceCriterion.equivalent_up_to_global_phase (import: 1.11ms, transpile: 114.55ms, gates: {'rz': 870, 'ry': 593, 'rzz': 482, 'rx': 280, 'measure': 8, 'barrier': 1})
Running 5 transpilation tests on vqe_real_amp_02...
  Run 1/5: EquivalenceCriterion.equivalent_up_to_global_phase (import: 0.48ms, transpile: 11.54ms, gates: {'rz': 6, 'ry': 5, 'rzz': 3, 'rx': 3, 'measure': 2, 'barrier': 1})
  Run 2/5: EquivalenceCriterion.equivalent_up_to_global_phase (import: 0.53ms, transpile: 9.82ms, gates: {'rz': 6, 'ry': 5, 'rzz': 3, 'rx': 3, 'measure': 2, 'barrier': 1})
  Run 3/5: EquivalenceCriterion.equivalent_up_to_global_phase (import: 0.52ms, transpile: 9.64ms, gates: {'rz': 6, 'ry': 5, 'rzz': 3, 'rx': 3, 'measure': 2, 'barrier': 1})
  Run 4/5: EquivalenceCriterion.equivalent_up_to_global_phase (import: 0.63ms, transpile: 9.66ms, gates: {'rz': 6, 'ry': 5, 'rzz': 3, 'rx': 3, 'measure': 2, 'barrier': 1})
  Run 5/5: EquivalenceCriterion.equivalent_up_to_global_phase (import: 0.53ms, transpile: 10.39ms, gates: {'rz': 6, 'ry': 5, 'rzz': 3, 'rx': 3, 'measure': 2, 'barrier': 1})
Running 5 transpilation tests on vqe_real_amp_03...
  Run 1/5: EquivalenceCriterion.equivalent_up_to_global_phase (import: 0.71ms, transpile: 14.04ms, gates: {'ry': 15, 'rz': 13, 'rzz': 6, 'measure': 3, 'barrier': 1})
  Run 2/5: EquivalenceCriterion.equivalent_up_to_global_phase (import: 0.76ms, transpile: 10.21ms, gates: {'ry': 15, 'rz': 13, 'rzz': 6, 'measure': 3, 'barrier': 1})
  Run 3/5: EquivalenceCriterion.equivalent_up_to_global_phase (import: 0.60ms, transpile: 9.69ms, gates: {'ry': 15, 'rz': 13, 'rzz': 6, 'measure': 3, 'barrier': 1})
  Run 4/5: EquivalenceCriterion.equivalent_up_to_global_phase (import: 1.06ms, transpile: 15.60ms, gates: {'ry': 15, 'rz': 13, 'rzz': 6, 'measure': 3, 'barrier': 1})
  Run 5/5: EquivalenceCriterion.equivalent_up_to_global_phase (import: 0.70ms, transpile: 9.82ms, gates: {'ry': 15, 'rz': 13, 'rzz': 6, 'measure': 3, 'barrier': 1})
Running 5 transpilation tests on vqe_real_amp_04...
  Run 1/5: EquivalenceCriterion.equivalent_up_to_global_phase (import: 0.56ms, transpile: 10.28ms, gates: {'ry': 22, 'rz': 19, 'rzz': 9, 'measure': 4, 'barrier': 1})
  Run 2/5: EquivalenceCriterion.equivalent_up_to_global_phase (import: 0.68ms, transpile: 10.06ms, gates: {'ry': 22, 'rz': 19, 'rzz': 9, 'measure': 4, 'barrier': 1})
  Run 3/5: EquivalenceCriterion.equivalent_up_to_global_phase (import: 0.81ms, transpile: 12.25ms, gates: {'ry': 22, 'rz': 19, 'rzz': 9, 'measure': 4, 'barrier': 1})
  Run 4/5: EquivalenceCriterion.equivalent_up_to_global_phase (import: 0.84ms, transpile: 13.22ms, gates: {'ry': 22, 'rz': 19, 'rzz': 9, 'measure': 4, 'barrier': 1})
  Run 5/5: EquivalenceCriterion.equivalent_up_to_global_phase (import: 0.93ms, transpile: 12.57ms, gates: {'ry': 22, 'rz': 19, 'rzz': 9, 'measure': 4, 'barrier': 1})
Running 5 transpilation tests on vqe_real_amp_05...
  Run 1/5: EquivalenceCriterion.equivalent_up_to_global_phase (import: 0.51ms, transpile: 10.53ms, gates: {'ry': 29, 'rz': 25, 'rzz': 12, 'measure': 5, 'barrier': 1})
  Run 2/5: EquivalenceCriterion.equivalent_up_to_global_phase (import: 0.75ms, transpile: 9.52ms, gates: {'ry': 29, 'rz': 25, 'rzz': 12, 'measure': 5, 'barrier': 1})
  Run 3/5: EquivalenceCriterion.equivalent_up_to_global_phase (import: 0.75ms, transpile: 9.83ms, gates: {'ry': 29, 'rz': 25, 'rzz': 12, 'measure': 5, 'barrier': 1})
  Run 4/5: EquivalenceCriterion.equivalent_up_to_global_phase (import: 0.72ms, transpile: 9.85ms, gates: {'ry': 29, 'rz': 25, 'rzz': 12, 'measure': 5, 'barrier': 1})
  Run 5/5: EquivalenceCriterion.equivalent_up_to_global_phase (import: 0.92ms, transpile: 10.83ms, gates: {'ry': 29, 'rz': 25, 'rzz': 12, 'measure': 5, 'barrier': 1})
Running 5 transpilation tests on vqe_real_amp_06...
  Run 1/5: EquivalenceCriterion.equivalent_up_to_global_phase (import: 0.58ms, transpile: 10.69ms, gates: {'ry': 36, 'rz': 31, 'rzz': 15, 'measure': 6, 'barrier': 1})
  Run 2/5: EquivalenceCriterion.equivalent_up_to_global_phase (import: 1.33ms, transpile: 12.48ms, gates: {'ry': 36, 'rz': 31, 'rzz': 15, 'measure': 6, 'barrier': 1})
  Run 3/5: EquivalenceCriterion.equivalent_up_to_global_phase (import: 0.88ms, transpile: 11.57ms, gates: {'ry': 36, 'rz': 31, 'rzz': 15, 'measure': 6, 'barrier': 1})
  Run 4/5: EquivalenceCriterion.equivalent_up_to_global_phase (import: 0.69ms, transpile: 10.15ms, gates: {'ry': 36, 'rz': 31, 'rzz': 15, 'measure': 6, 'barrier': 1})
  Run 5/5: EquivalenceCriterion.equivalent_up_to_global_phase (import: 0.95ms, transpile: 9.89ms, gates: {'ry': 36, 'rz': 31, 'rzz': 15, 'measure': 6, 'barrier': 1})
Running 5 transpilation tests on vqe_real_amp_07...
  Run 1/5: EquivalenceCriterion.equivalent_up_to_global_phase (import: 1.28ms, transpile: 13.00ms, gates: {'ry': 43, 'rz': 37, 'rzz': 18, 'measure': 7, 'barrier': 1})
  Run 2/5: EquivalenceCriterion.equivalent_up_to_global_phase (import: 0.99ms, transpile: 11.53ms, gates: {'ry': 43, 'rz': 37, 'rzz': 18, 'measure': 7, 'barrier': 1})
  Run 3/5: EquivalenceCriterion.equivalent_up_to_global_phase (import: 0.87ms, transpile: 10.15ms, gates: {'ry': 43, 'rz': 37, 'rzz': 18, 'measure': 7, 'barrier': 1})
  Run 4/5: EquivalenceCriterion.equivalent_up_to_global_phase (import: 1.28ms, transpile: 10.92ms, gates: {'ry': 43, 'rz': 37, 'rzz': 18, 'measure': 7, 'barrier': 1})
  Run 5/5: EquivalenceCriterion.equivalent_up_to_global_phase (import: 0.80ms, transpile: 11.35ms, gates: {'ry': 43, 'rz': 37, 'rzz': 18, 'measure': 7, 'barrier': 1})
Running 5 transpilation tests on vqe_real_amp_08...
  Run 1/5: EquivalenceCriterion.equivalent_up_to_global_phase (import: 1.14ms, transpile: 12.23ms, gates: {'ry': 50, 'rz': 43, 'rzz': 21, 'measure': 8, 'barrier': 1})
  Run 2/5: EquivalenceCriterion.equivalent_up_to_global_phase (import: 0.85ms, transpile: 10.34ms, gates: {'ry': 50, 'rz': 43, 'rzz': 21, 'measure': 8, 'barrier': 1})
  Run 3/5: EquivalenceCriterion.equivalent_up_to_global_phase (import: 0.79ms, transpile: 10.04ms, gates: {'ry': 50, 'rz': 43, 'rzz': 21, 'measure': 8, 'barrier': 1})
  Run 4/5: EquivalenceCriterion.equivalent_up_to_global_phase (import: 0.85ms, transpile: 11.47ms, gates: {'ry': 50, 'rz': 43, 'rzz': 21, 'measure': 8, 'barrier': 1})
  Run 5/5: EquivalenceCriterion.equivalent_up_to_global_phase (import: 0.86ms, transpile: 11.28ms, gates: {'ry': 50, 'rz': 43, 'rzz': 21, 'measure': 8, 'barrier': 1})
Failed to extract qubits: "<input>:1,0: identifiers cannot start with capital letters except for the builtins 'U' and 'CX'"
Running 5 transpilation tests on hhl_02...
  Run 1/5: FAILED - Import failed: "<input>:1,0: identifiers cannot start with capital letters except for the builtins 'U' and 'CX'"
  Run 2/5: FAILED - Import failed: "<input>:1,0: identifiers cannot start with capital letters except for the builtins 'U' and 'CX'"
  Run 3/5: FAILED - Import failed: "<input>:1,0: identifiers cannot start with capital letters except for the builtins 'U' and 'CX'"
  Run 4/5: FAILED - Import failed: "<input>:1,0: identifiers cannot start with capital letters except for the builtins 'U' and 'CX'"
  Run 5/5: FAILED - Import failed: "<input>:1,0: identifiers cannot start with capital letters except for the builtins 'U' and 'CX'"
Running 5 transpilation tests on hhl_03...
[QCEC] Warning: circuits have different number of primary inputs! Proceed with caution!
  Run 1/5: EquivalenceCriterion.equivalent_up_to_global_phase (import: 0.48ms, transpile: 12.78ms, gates: {'rx': 5, 'rz': 5, 'ry': 4, 'rzz': 3, 'measure': 1})
[QCEC] Warning: circuits have different number of primary inputs! Proceed with caution!
  Run 2/5: EquivalenceCriterion.equivalent_up_to_global_phase (import: 1.07ms, transpile: 14.18ms, gates: {'rx': 5, 'rz': 5, 'ry': 4, 'rzz': 3, 'measure': 1})
[QCEC] Warning: circuits have different number of primary inputs! Proceed with caution!
  Run 3/5: EquivalenceCriterion.equivalent_up_to_global_phase (import: 1.37ms, transpile: 16.89ms, gates: {'rx': 5, 'rz': 5, 'ry': 4, 'rzz': 3, 'measure': 1})
[QCEC] Warning: circuits have different number of primary inputs! Proceed with caution!
  Run 4/5: EquivalenceCriterion.equivalent_up_to_global_phase (import: 1.50ms, transpile: 16.38ms, gates: {'rx': 5, 'rz': 5, 'ry': 4, 'rzz': 3, 'measure': 1})
[QCEC] Warning: circuits have different number of primary inputs! Proceed with caution!
  Run 5/5: EquivalenceCriterion.equivalent_up_to_global_phase (import: 0.98ms, transpile: 12.12ms, gates: {'rx': 5, 'rz': 5, 'ry': 4, 'rzz': 3, 'measure': 1})
Running 5 transpilation tests on hhl_04...
[QCEC] Warning: circuits have different number of primary inputs! Proceed with caution!
  Run 1/5: EquivalenceCriterion.equivalent_up_to_global_phase (import: 0.78ms, transpile: 17.67ms, gates: {'rz': 40, 'ry': 25, 'rzz': 21, 'rx': 12, 'measure': 1})
[QCEC] Warning: circuits have different number of primary inputs! Proceed with caution!
  Run 2/5: EquivalenceCriterion.equivalent_up_to_global_phase (import: 0.83ms, transpile: 18.55ms, gates: {'rz': 39, 'ry': 24, 'rzz': 20, 'rx': 12, 'measure': 1})
[QCEC] Warning: circuits have different number of primary inputs! Proceed with caution!
  Run 3/5: EquivalenceCriterion.equivalent_up_to_global_phase (import: 0.87ms, transpile: 15.54ms, gates: {'rz': 39, 'ry': 24, 'rzz': 20, 'rx': 12, 'measure': 1})
[QCEC] Warning: circuits have different number of primary inputs! Proceed with caution!
  Run 4/5: EquivalenceCriterion.equivalent_up_to_global_phase (import: 0.93ms, transpile: 20.51ms, gates: {'rz': 39, 'ry': 24, 'rzz': 20, 'rx': 12, 'measure': 1})
[QCEC] Warning: circuits have different number of primary inputs! Proceed with caution!
  Run 5/5: EquivalenceCriterion.equivalent_up_to_global_phase (import: 1.10ms, transpile: 21.50ms, gates: {'rz': 40, 'ry': 25, 'rzz': 21, 'rx': 12, 'measure': 1})
Running 5 transpilation tests on hhl_05...
[QCEC] Warning: circuits have different number of primary inputs! Proceed with caution!
  Run 1/5: EquivalenceCriterion.equivalent_up_to_global_phase (import: 0.70ms, transpile: 16.15ms, gates: {'rz': 76, 'ry': 57, 'rzz': 42, 'rx': 12, 'measure': 1})
[QCEC] Warning: circuits have different number of primary inputs! Proceed with caution!
  Run 2/5: EquivalenceCriterion.equivalent_up_to_global_phase (import: 1.05ms, transpile: 16.04ms, gates: {'rz': 76, 'ry': 57, 'rzz': 42, 'rx': 12, 'measure': 1})
[QCEC] Warning: circuits have different number of primary inputs! Proceed with caution!
  Run 3/5: EquivalenceCriterion.equivalent_up_to_global_phase (import: 1.02ms, transpile: 21.94ms, gates: {'rz': 76, 'ry': 57, 'rzz': 42, 'rx': 12, 'measure': 1})
[QCEC] Warning: circuits have different number of primary inputs! Proceed with caution!
  Run 4/5: EquivalenceCriterion.equivalent_up_to_global_phase (import: 0.94ms, transpile: 25.80ms, gates: {'rz': 76, 'ry': 57, 'rzz': 42, 'rx': 12, 'measure': 1})
[QCEC] Warning: circuits have different number of primary inputs! Proceed with caution!
  Run 5/5: EquivalenceCriterion.equivalent_up_to_global_phase (import: 0.89ms, transpile: 17.24ms, gates: {'rz': 76, 'ry': 55, 'rzz': 42, 'rx': 12, 'measure': 1})
Running 5 transpilation tests on hhl_06...
[QCEC] Warning: circuits have different number of primary inputs! Proceed with caution!
  Run 1/5: EquivalenceCriterion.equivalent_up_to_global_phase (import: 1.03ms, transpile: 37.44ms, gates: {'rz': 163, 'ry': 105, 'rzz': 89, 'rx': 33, 'measure': 1})
[QCEC] Warning: circuits have different number of primary inputs! Proceed with caution!
  Run 2/5: EquivalenceCriterion.equivalent_up_to_global_phase (import: 1.03ms, transpile: 26.49ms, gates: {'rz': 166, 'ry': 119, 'rzz': 90, 'rx': 24, 'measure': 1})
[QCEC] Warning: circuits have different number of primary inputs! Proceed with caution!
  Run 3/5: EquivalenceCriterion.equivalent (import: 0.94ms, transpile: 25.58ms, gates: {'rz': 165, 'ry': 120, 'rzz': 90, 'rx': 25, 'measure': 1})
[QCEC] Warning: circuits have different number of primary inputs! Proceed with caution!
  Run 4/5: EquivalenceCriterion.equivalent_up_to_global_phase (import: 1.68ms, transpile: 31.19ms, gates: {'rz': 163, 'ry': 105, 'rzz': 89, 'rx': 33, 'measure': 1})
[QCEC] Warning: circuits have different number of primary inputs! Proceed with caution!
  Run 5/5: EquivalenceCriterion.equivalent (import: 1.15ms, transpile: 26.91ms, gates: {'rz': 163, 'ry': 115, 'rzz': 90, 'rx': 27, 'measure': 1})
Running 5 transpilation tests on hhl_07...
[QCEC] Warning: circuits have different number of primary inputs! Proceed with caution!
  Run 1/5: EquivalenceCriterion.equivalent_up_to_global_phase (import: 0.87ms, transpile: 33.03ms, gates: {'rz': 272, 'ry': 189, 'rzz': 149, 'rx': 47, 'measure': 1})
[QCEC] Warning: circuits have different number of primary inputs! Proceed with caution!
  Run 2/5: EquivalenceCriterion.equivalent_up_to_global_phase (import: 1.03ms, transpile: 32.22ms, gates: {'rz': 272, 'ry': 185, 'rzz': 149, 'rx': 48, 'measure': 1})
[QCEC] Warning: circuits have different number of primary inputs! Proceed with caution!
  Run 3/5: EquivalenceCriterion.equivalent (import: 1.06ms, transpile: 33.45ms, gates: {'rz': 278, 'ry': 191, 'rzz': 149, 'rx': 51, 'measure': 1})
[QCEC] Warning: circuits have different number of primary inputs! Proceed with caution!
  Run 4/5: EquivalenceCriterion.equivalent (import: 1.11ms, transpile: 31.93ms, gates: {'rz': 278, 'ry': 191, 'rzz': 149, 'rx': 51, 'measure': 1})
[QCEC] Warning: circuits have different number of primary inputs! Proceed with caution!
  Run 5/5: EquivalenceCriterion.equivalent_up_to_global_phase (import: 1.10ms, transpile: 31.96ms, gates: {'rz': 278, 'ry': 193, 'rzz': 149, 'rx': 49, 'measure': 1})
Running 5 transpilation tests on hhl_08...
[QCEC] Warning: circuits have different number of primary inputs! Proceed with caution!
  Run 1/5: EquivalenceCriterion.equivalent_up_to_global_phase (import: 1.21ms, transpile: 51.33ms, gates: {'rz': 303, 'ry': 204, 'rzz': 160, 'rx': 77, 'measure': 1})
[QCEC] Warning: circuits have different number of primary inputs! Proceed with caution!
  Run 2/5: EquivalenceCriterion.equivalent_up_to_global_phase (import: 1.37ms, transpile: 38.86ms, gates: {'rz': 305, 'ry': 213, 'rzz': 161, 'rx': 73, 'measure': 1})
[QCEC] Warning: circuits have different number of primary inputs! Proceed with caution!
  Run 3/5: EquivalenceCriterion.equivalent_up_to_global_phase (import: 1.44ms, transpile: 39.72ms, gates: {'rz': 309, 'ry': 210, 'rzz': 164, 'rx': 75, 'measure': 1})
[QCEC] Warning: circuits have different number of primary inputs! Proceed with caution!
  Run 4/5: EquivalenceCriterion.equivalent_up_to_global_phase (import: 1.19ms, transpile: 44.23ms, gates: {'rz': 333, 'ry': 228, 'rzz': 181, 'rx': 76, 'measure': 1})
[QCEC] Warning: circuits have different number of primary inputs! Proceed with caution!
  Run 5/5: EquivalenceCriterion.equivalent_up_to_global_phase (import: 1.02ms, transpile: 42.65ms, gates: {'rz': 304, 'ry': 212, 'rzz': 160, 'rx': 75, 'measure': 1})
Running 5 transpilation tests on grover_02...
  Run 1/5: EquivalenceCriterion.equivalent_up_to_global_phase (import: 0.44ms, transpile: 13.66ms, gates: {'rx': 2, 'ry': 2, 'rz': 2, 'measure': 2, 'rzz': 1, 'barrier': 1})
  Run 2/5: EquivalenceCriterion.equivalent_up_to_global_phase (import: 0.58ms, transpile: 14.18ms, gates: {'rx': 2, 'ry': 2, 'rz': 2, 'measure': 2, 'rzz': 1, 'barrier': 1})
  Run 3/5: EquivalenceCriterion.equivalent_up_to_global_phase (import: 0.81ms, transpile: 11.82ms, gates: {'rx': 2, 'ry': 2, 'rz': 2, 'measure': 2, 'rzz': 1, 'barrier': 1})
  Run 4/5: EquivalenceCriterion.equivalent_up_to_global_phase (import: 0.61ms, transpile: 11.82ms, gates: {'rx': 2, 'ry': 2, 'rz': 2, 'measure': 2, 'rzz': 1, 'barrier': 1})
  Run 5/5: EquivalenceCriterion.equivalent_up_to_global_phase (import: 0.65ms, transpile: 11.91ms, gates: {'rx': 2, 'ry': 2, 'rz': 2, 'measure': 2, 'rzz': 1, 'barrier': 1})
Running 5 transpilation tests on grover_03...
  Run 1/5: EquivalenceCriterion.equivalent_up_to_global_phase (import: 0.70ms, transpile: 21.36ms, gates: {'rz': 18, 'ry': 14, 'rzz': 9, 'rx': 7, 'measure': 3, 'barrier': 1})
  Run 2/5: EquivalenceCriterion.equivalent_up_to_global_phase (import: 0.60ms, transpile: 13.68ms, gates: {'rz': 13, 'ry': 10, 'rx': 9, 'rzz': 7, 'measure': 3, 'barrier': 1})
  Run 3/5: EquivalenceCriterion.equivalent_up_to_global_phase (import: 0.67ms, transpile: 13.86ms, gates: {'rz': 13, 'ry': 10, 'rx': 9, 'rzz': 7, 'measure': 3, 'barrier': 1})
  Run 4/5: EquivalenceCriterion.equivalent_up_to_global_phase (import: 0.76ms, transpile: 14.22ms, gates: {'rz': 13, 'ry': 10, 'rx': 9, 'rzz': 7, 'measure': 3, 'barrier': 1})
  Run 5/5: EquivalenceCriterion.equivalent_up_to_global_phase (import: 0.54ms, transpile: 11.93ms, gates: {'rz': 18, 'ry': 14, 'rzz': 9, 'rx': 7, 'measure': 3, 'barrier': 1})
Running 5 transpilation tests on grover_04...
  Run 1/5: EquivalenceCriterion.equivalent_up_to_global_phase (import: 0.47ms, transpile: 32.74ms, gates: {'rz': 210, 'ry': 140, 'rzz': 112, 'rx': 61, 'measure': 4, 'barrier': 1})
  Run 2/5: EquivalenceCriterion.equivalent_up_to_global_phase (import: 0.99ms, transpile: 36.61ms, gates: {'rz': 199, 'ry': 133, 'rzz': 106, 'rx': 64, 'measure': 4, 'barrier': 1})
  Run 3/5: EquivalenceCriterion.equivalent_up_to_global_phase (import: 0.73ms, transpile: 35.43ms, gates: {'rz': 203, 'ry': 136, 'rzz': 108, 'rx': 62, 'measure': 4, 'barrier': 1})
  Run 4/5: EquivalenceCriterion.equivalent_up_to_global_phase (import: 0.71ms, transpile: 36.13ms, gates: {'rz': 211, 'ry': 142, 'rzz': 112, 'rx': 59, 'measure': 4, 'barrier': 1})
  Run 5/5: EquivalenceCriterion.equivalent_up_to_global_phase (import: 0.63ms, transpile: 40.68ms, gates: {'rz': 199, 'ry': 133, 'rzz': 106, 'rx': 64, 'measure': 4, 'barrier': 1})
Running 5 transpilation tests on grover_05...
  Run 1/5: EquivalenceCriterion.equivalent_up_to_global_phase (import: 0.84ms, transpile: 82.87ms, gates: {'rz': 582, 'ry': 388, 'rzz': 319, 'rx': 198, 'measure': 5, 'barrier': 1})
  Run 2/5: EquivalenceCriterion.equivalent_up_to_global_phase (import: 0.91ms, transpile: 80.64ms, gates: {'rz': 556, 'ry': 351, 'rzz': 307, 'rx': 211, 'measure': 5, 'barrier': 1})
  Run 3/5: EquivalenceCriterion.equivalent_up_to_global_phase (import: 0.78ms, transpile: 91.04ms, gates: {'rz': 566, 'ry': 364, 'rzz': 311, 'rx': 204, 'measure': 5, 'barrier': 1})
  Run 4/5: EquivalenceCriterion.equivalent_up_to_global_phase (import: 0.82ms, transpile: 81.02ms, gates: {'rz': 574, 'ry': 384, 'rzz': 315, 'rx': 197, 'measure': 5, 'barrier': 1})
  Run 5/5: EquivalenceCriterion.equivalent_up_to_global_phase (import: 0.82ms, transpile: 88.18ms, gates: {'rz': 574, 'ry': 368, 'rzz': 315, 'rx': 205, 'measure': 5, 'barrier': 1})
Running 5 transpilation tests on grover_06...
The ZX checker suggests that the circuits are not equivalent, but the simulation checker suggests that they are probably equivalent. Thus, no conclusion can be drawn.
  Run 1/5: EquivalenceCriterion.no_information (import: 0.85ms, transpile: 245.03ms, gates: {'rz': 1904, 'ry': 1195, 'rzz': 1014, 'rx': 604, 'measure': 6, 'barrier': 1})
The ZX checker suggests that the circuits are not equivalent, but the simulation checker suggests that they are probably equivalent. Thus, no conclusion can be drawn.
  Run 2/5: EquivalenceCriterion.no_information (import: 1.00ms, transpile: 260.11ms, gates: {'rz': 1906, 'ry': 1192, 'rzz': 1008, 'rx': 600, 'measure': 6, 'barrier': 1})
The ZX checker suggests that the circuits are not equivalent, but the simulation checker suggests that they are probably equivalent. Thus, no conclusion can be drawn.
  Run 3/5: EquivalenceCriterion.no_information (import: 1.03ms, transpile: 234.18ms, gates: {'rz': 1911, 'ry': 1214, 'rzz': 1023, 'rx': 589, 'measure': 6, 'barrier': 1})
The ZX checker suggests that the circuits are not equivalent, but the simulation checker suggests that they are probably equivalent. Thus, no conclusion can be drawn.
  Run 4/5: EquivalenceCriterion.no_information (import: 1.17ms, transpile: 229.06ms, gates: {'rz': 1887, 'ry': 1187, 'rzz': 1014, 'rx': 615, 'measure': 6, 'barrier': 1})
The ZX checker suggests that the circuits are not equivalent, but the simulation checker suggests that they are probably equivalent. Thus, no conclusion can be drawn.
  Run 5/5: EquivalenceCriterion.no_information (import: 1.06ms, transpile: 236.64ms, gates: {'rz': 1889, 'ry': 1189, 'rzz': 1012, 'rx': 604, 'measure': 6, 'barrier': 1})
Running 5 transpilation tests on grover_07...
The ZX checker suggests that the circuits are not equivalent, but the simulation checker suggests that they are probably equivalent. Thus, no conclusion can be drawn.
  Run 1/5: EquivalenceCriterion.no_information (import: 1.94ms, transpile: 762.93ms, gates: {'rz': 6231, 'ry': 4044, 'rzz': 3399, 'rx': 1918, 'measure': 7, 'barrier': 1})
The ZX checker suggests that the circuits are not equivalent, but the simulation checker suggests that they are probably equivalent. Thus, no conclusion can be drawn.
  Run 2/5: EquivalenceCriterion.no_information (import: 1.56ms, transpile: 762.96ms, gates: {'rz': 6302, 'ry': 4083, 'rzz': 3427, 'rx': 1923, 'measure': 7, 'barrier': 1})
The ZX checker suggests that the circuits are not equivalent, but the simulation checker suggests that they are probably equivalent. Thus, no conclusion can be drawn.
  Run 3/5: EquivalenceCriterion.no_information (import: 1.60ms, transpile: 759.83ms, gates: {'rz': 6357, 'ry': 4169, 'rzz': 3449, 'rx': 1902, 'measure': 7, 'barrier': 1})
The ZX checker suggests that the circuits are not equivalent, but the simulation checker suggests that they are probably equivalent. Thus, no conclusion can be drawn.
  Run 4/5: EquivalenceCriterion.no_information (import: 2.50ms, transpile: 753.03ms, gates: {'rz': 6256, 'ry': 4061, 'rzz': 3417, 'rx': 1916, 'measure': 7, 'barrier': 1})
The ZX checker suggests that the circuits are not equivalent, but the simulation checker suggests that they are probably equivalent. Thus, no conclusion can be drawn.
  Run 5/5: EquivalenceCriterion.no_information (import: 1.39ms, transpile: 757.24ms, gates: {'rz': 6270, 'ry': 4105, 'rzz': 3426, 'rx': 1931, 'measure': 7, 'barrier': 1})
Running 5 transpilation tests on grover_08...
The ZX checker suggests that the circuits are not equivalent, but the simulation checker suggests that they are probably equivalent. Thus, no conclusion can be drawn.
  Run 1/5: EquivalenceCriterion.no_information (import: 2.56ms, transpile: 1898.01ms, gates: {'rz': 15149, 'ry': 9960, 'rzz': 8220, 'rx': 4330, 'measure': 8, 'barrier': 1})
The ZX checker suggests that the circuits are not equivalent, but the simulation checker suggests that they are probably equivalent. Thus, no conclusion can be drawn.
  Run 2/5: EquivalenceCriterion.no_information (import: 7.37ms, transpile: 1672.65ms, gates: {'rz': 15180, 'ry': 9976, 'rzz': 8222, 'rx': 4291, 'measure': 8, 'barrier': 1})
The ZX checker suggests that the circuits are not equivalent, but the simulation checker suggests that they are probably equivalent. Thus, no conclusion can be drawn.
  Run 3/5: EquivalenceCriterion.no_information (import: 6.74ms, transpile: 1754.44ms, gates: {'rz': 15214, 'ry': 10028, 'rzz': 8245, 'rx': 4305, 'measure': 8, 'barrier': 1})
The ZX checker suggests that the circuits are not equivalent, but the simulation checker suggests that they are probably equivalent. Thus, no conclusion can be drawn.
  Run 4/5: EquivalenceCriterion.no_information (import: 4.41ms, transpile: 1713.92ms, gates: {'rz': 15254, 'ry': 10048, 'rzz': 8260, 'rx': 4265, 'measure': 8, 'barrier': 1})
The ZX checker suggests that the circuits are not equivalent, but the simulation checker suggests that they are probably equivalent. Thus, no conclusion can be drawn.
  Run 5/5: EquivalenceCriterion.no_information (import: 4.35ms, transpile: 2078.51ms, gates: {'rz': 15278, 'ry': 10055, 'rzz': 8223, 'rx': 4210, 'measure': 8, 'barrier': 1})
Results saved to experiments/transpiler_result_20260611_154939_Qiskit_mapped_line_Quantinuum_gateset.json
Processing SDK: Pytket_independent
Running 5 transpilation tests on qaoa_02...
  Run 1/5: EquivalenceCriterion.equivalent_up_to_global_phase (import: 1.67ms, transpile: 120.55ms, gates: {'OpType.TK1': 6, 'OpType.CX': 2})
The ZX checker suggests that the circuits are not equivalent, but the simulation checker suggests that they are probably equivalent. Thus, no conclusion can be drawn.
  Run 2/5: EquivalenceCriterion.no_information (import: 1.31ms, transpile: 136.72ms, gates: {'OpType.TK1': 6, 'OpType.CX': 2})
  Run 3/5: EquivalenceCriterion.equivalent_up_to_global_phase (import: 1.41ms, transpile: 114.83ms, gates: {'OpType.TK1': 6, 'OpType.CX': 2})
  Run 4/5: EquivalenceCriterion.equivalent_up_to_global_phase (import: 1.70ms, transpile: 137.58ms, gates: {'OpType.TK1': 6, 'OpType.CX': 2})
  Run 5/5: EquivalenceCriterion.equivalent_up_to_global_phase (import: 1.11ms, transpile: 109.72ms, gates: {'OpType.TK1': 6, 'OpType.CX': 2})
Running 5 transpilation tests on qaoa_03...
  Run 1/5: EquivalenceCriterion.equivalent_up_to_global_phase (import: 3.26ms, transpile: 433.95ms, gates: {'OpType.TK1': 11, 'OpType.CX': 8})
  Run 2/5: EquivalenceCriterion.equivalent_up_to_global_phase (import: 3.54ms, transpile: 643.20ms, gates: {'OpType.TK1': 11, 'OpType.CX': 8})
  Run 3/5: EquivalenceCriterion.equivalent_up_to_global_phase (import: 1.70ms, transpile: 329.84ms, gates: {'OpType.TK1': 11, 'OpType.CX': 8})
  Run 4/5: EquivalenceCriterion.equivalent_up_to_global_phase (import: 3.71ms, transpile: 305.30ms, gates: {'OpType.TK1': 11, 'OpType.CX': 8})
  Run 5/5: EquivalenceCriterion.equivalent_up_to_global_phase (import: 1.68ms, transpile: 329.76ms, gates: {'OpType.TK1': 11, 'OpType.CX': 8})
Running 5 transpilation tests on qaoa_04...
  Run 1/5: EquivalenceCriterion.equivalent_up_to_global_phase (import: 1.78ms, transpile: 340.76ms, gates: {'OpType.TK1': 12, 'OpType.CX': 8})
  Run 2/5: EquivalenceCriterion.equivalent_up_to_global_phase (import: 2.47ms, transpile: 305.20ms, gates: {'OpType.TK1': 12, 'OpType.CX': 8})
  Run 3/5: EquivalenceCriterion.equivalent_up_to_global_phase (import: 1.87ms, transpile: 336.16ms, gates: {'OpType.TK1': 12, 'OpType.CX': 8})
  Run 4/5: EquivalenceCriterion.equivalent_up_to_global_phase (import: 3.89ms, transpile: 348.83ms, gates: {'OpType.TK1': 12, 'OpType.CX': 8})
  Run 5/5: EquivalenceCriterion.equivalent_up_to_global_phase (import: 1.76ms, transpile: 406.68ms, gates: {'OpType.TK1': 12, 'OpType.CX': 8})
Running 5 transpilation tests on qaoa_05...
  Run 1/5: EquivalenceCriterion.equivalent_up_to_global_phase (import: 5.00ms, transpile: 948.46ms, gates: {'OpType.TK1': 25, 'OpType.CX': 24})
  Run 2/5: EquivalenceCriterion.equivalent_up_to_global_phase (import: 3.94ms, transpile: 955.92ms, gates: {'OpType.TK1': 25, 'OpType.CX': 24})
  Run 3/5: EquivalenceCriterion.equivalent_up_to_global_phase (import: 3.03ms, transpile: 910.22ms, gates: {'OpType.TK1': 25, 'OpType.CX': 24})
  Run 4/5: EquivalenceCriterion.equivalent_up_to_global_phase (import: 3.28ms, transpile: 1007.07ms, gates: {'OpType.TK1': 25, 'OpType.CX': 24})
  Run 5/5: EquivalenceCriterion.equivalent_up_to_global_phase (import: 3.84ms, transpile: 976.52ms, gates: {'OpType.TK1': 25, 'OpType.CX': 24})
Running 5 transpilation tests on qaoa_06...
  Run 1/5: EquivalenceCriterion.equivalent_up_to_global_phase (import: 3.69ms, transpile: 1012.17ms, gates: {'OpType.TK1': 28, 'OpType.CX': 28})
  Run 2/5: EquivalenceCriterion.equivalent_up_to_global_phase (import: 3.92ms, transpile: 1123.55ms, gates: {'OpType.TK1': 28, 'OpType.CX': 28})
  Run 3/5: EquivalenceCriterion.equivalent_up_to_global_phase (import: 4.06ms, transpile: 1058.17ms, gates: {'OpType.TK1': 28, 'OpType.CX': 28})
  Run 4/5: EquivalenceCriterion.equivalent_up_to_global_phase (import: 4.46ms, transpile: 1044.38ms, gates: {'OpType.TK1': 28, 'OpType.CX': 28})
  Run 5/5: EquivalenceCriterion.equivalent_up_to_global_phase (import: 3.33ms, transpile: 1125.87ms, gates: {'OpType.TK1': 28, 'OpType.CX': 28})
Running 5 transpilation tests on qaoa_07...
  Run 1/5: EquivalenceCriterion.equivalent_up_to_global_phase (import: 7.22ms, transpile: 2117.71ms, gates: {'OpType.TK1': 41, 'OpType.CX': 48})
  Run 2/5: EquivalenceCriterion.equivalent_up_to_global_phase (import: 5.09ms, transpile: 1810.63ms, gates: {'OpType.TK1': 41, 'OpType.CX': 48})
  Run 3/5: EquivalenceCriterion.equivalent_up_to_global_phase (import: 5.24ms, transpile: 1711.24ms, gates: {'OpType.TK1': 41, 'OpType.CX': 48})
  Run 4/5: EquivalenceCriterion.equivalent_up_to_global_phase (import: 4.67ms, transpile: 1688.10ms, gates: {'OpType.TK1': 41, 'OpType.CX': 48})
  Run 5/5: EquivalenceCriterion.equivalent_up_to_global_phase (import: 5.11ms, transpile: 1776.87ms, gates: {'OpType.TK1': 41, 'OpType.CX': 48})
Running 5 transpilation tests on qaoa_08...
  Run 1/5: EquivalenceCriterion.equivalent_up_to_global_phase (import: 8.00ms, transpile: 2214.92ms, gates: {'OpType.TK1': 50, 'OpType.CX': 56})
  Run 2/5: EquivalenceCriterion.equivalent_up_to_global_phase (import: 7.59ms, transpile: 2087.23ms, gates: {'OpType.TK1': 50, 'OpType.CX': 56})
  Run 3/5: EquivalenceCriterion.equivalent_up_to_global_phase (import: 7.46ms, transpile: 2018.54ms, gates: {'OpType.TK1': 50, 'OpType.CX': 56})
  Run 4/5: EquivalenceCriterion.equivalent_up_to_global_phase (import: 5.51ms, transpile: 2014.47ms, gates: {'OpType.TK1': 50, 'OpType.CX': 56})
  Run 5/5: EquivalenceCriterion.equivalent_up_to_global_phase (import: 6.29ms, transpile: 2124.84ms, gates: {'OpType.TK1': 50, 'OpType.CX': 56})
Running 5 transpilation tests on qft_02...
  Run 1/5: EquivalenceCriterion.equivalent_up_to_global_phase (import: 3.89ms, transpile: 110.47ms, gates: {'OpType.TK1': 8, 'OpType.CX': 3, 'OpType.Barrier': 1, 'OpType.Measure': 2})
  Run 2/5: EquivalenceCriterion.equivalent_up_to_global_phase (import: 3.20ms, transpile: 119.64ms, gates: {'OpType.TK1': 8, 'OpType.CX': 3, 'OpType.Barrier': 1, 'OpType.Measure': 2})
  Run 3/5: EquivalenceCriterion.equivalent_up_to_global_phase (import: 2.99ms, transpile: 112.02ms, gates: {'OpType.TK1': 8, 'OpType.CX': 3, 'OpType.Barrier': 1, 'OpType.Measure': 2})
  Run 4/5: EquivalenceCriterion.equivalent_up_to_global_phase (import: 3.49ms, transpile: 125.96ms, gates: {'OpType.TK1': 8, 'OpType.CX': 3, 'OpType.Barrier': 1, 'OpType.Measure': 2})
  Run 5/5: EquivalenceCriterion.equivalent_up_to_global_phase (import: 3.27ms, transpile: 119.96ms, gates: {'OpType.TK1': 8, 'OpType.CX': 3, 'OpType.Barrier': 1, 'OpType.Measure': 2})
Running 5 transpilation tests on qft_03...
  Run 1/5: EquivalenceCriterion.equivalent_up_to_global_phase (import: 5.16ms, transpile: 219.31ms, gates: {'OpType.TK1': 7, 'OpType.CX': 9, 'OpType.Barrier': 1, 'OpType.Measure': 3})
  Run 2/5: EquivalenceCriterion.equivalent_up_to_global_phase (import: 6.85ms, transpile: 231.45ms, gates: {'OpType.TK1': 7, 'OpType.CX': 9, 'OpType.Barrier': 1, 'OpType.Measure': 3})
  Run 3/5: EquivalenceCriterion.equivalent_up_to_global_phase (import: 6.85ms, transpile: 224.01ms, gates: {'OpType.TK1': 7, 'OpType.CX': 9, 'OpType.Barrier': 1, 'OpType.Measure': 3})
  Run 4/5: EquivalenceCriterion.equivalent_up_to_global_phase (import: 7.58ms, transpile: 207.02ms, gates: {'OpType.TK1': 7, 'OpType.CX': 9, 'OpType.Barrier': 1, 'OpType.Measure': 3})
  Run 5/5: EquivalenceCriterion.equivalent_up_to_global_phase (import: 9.64ms, transpile: 222.71ms, gates: {'OpType.TK1': 7, 'OpType.CX': 9, 'OpType.Barrier': 1, 'OpType.Measure': 3})
Running 5 transpilation tests on qft_04...
  Run 1/5: EquivalenceCriterion.equivalent_up_to_global_phase (import: 11.11ms, transpile: 558.85ms, gates: {'OpType.TK1': 13, 'OpType.CX': 18, 'OpType.Barrier': 1, 'OpType.Measure': 4})
  Run 2/5: EquivalenceCriterion.equivalent_up_to_global_phase (import: 11.93ms, transpile: 533.81ms, gates: {'OpType.TK1': 13, 'OpType.CX': 18, 'OpType.Barrier': 1, 'OpType.Measure': 4})
  Run 3/5: EquivalenceCriterion.equivalent_up_to_global_phase (import: 14.90ms, transpile: 495.98ms, gates: {'OpType.TK1': 13, 'OpType.CX': 18, 'OpType.Barrier': 1, 'OpType.Measure': 4})
  Run 4/5: EquivalenceCriterion.equivalent_up_to_global_phase (import: 740.68ms, transpile: 595.48ms, gates: {'OpType.TK1': 13, 'OpType.CX': 18, 'OpType.Barrier': 1, 'OpType.Measure': 4})
  Run 5/5: EquivalenceCriterion.equivalent_up_to_global_phase (import: 12.87ms, transpile: 565.85ms, gates: {'OpType.TK1': 13, 'OpType.CX': 18, 'OpType.Barrier': 1, 'OpType.Measure': 4})
Running 5 transpilation tests on qft_05...
  Run 1/5: EquivalenceCriterion.equivalent_up_to_global_phase (import: 16.80ms, transpile: 834.62ms, gates: {'OpType.TK1': 21, 'OpType.CX': 26, 'OpType.Barrier': 1, 'OpType.Measure': 5})
  Run 2/5: EquivalenceCriterion.equivalent_up_to_global_phase (import: 15.88ms, transpile: 776.57ms, gates: {'OpType.TK1': 21, 'OpType.CX': 26, 'OpType.Barrier': 1, 'OpType.Measure': 5})
  Run 3/5: EquivalenceCriterion.equivalent_up_to_global_phase (import: 18.27ms, transpile: 769.91ms, gates: {'OpType.TK1': 21, 'OpType.CX': 26, 'OpType.Barrier': 1, 'OpType.Measure': 5})
  Run 4/5: EquivalenceCriterion.equivalent_up_to_global_phase (import: 16.57ms, transpile: 729.07ms, gates: {'OpType.TK1': 21, 'OpType.CX': 26, 'OpType.Barrier': 1, 'OpType.Measure': 5})
  Run 5/5: EquivalenceCriterion.equivalent_up_to_global_phase (import: 16.78ms, transpile: 777.16ms, gates: {'OpType.TK1': 21, 'OpType.CX': 26, 'OpType.Barrier': 1, 'OpType.Measure': 5})
Running 5 transpilation tests on qft_06...
  Run 1/5: EquivalenceCriterion.equivalent (import: 29.04ms, transpile: 1548.35ms, gates: {'OpType.TK1': 31, 'OpType.CX': 39, 'OpType.Barrier': 1, 'OpType.Measure': 6})
  Run 2/5: EquivalenceCriterion.equivalent (import: 25.68ms, transpile: 1204.72ms, gates: {'OpType.TK1': 31, 'OpType.CX': 39, 'OpType.Barrier': 1, 'OpType.Measure': 6})
  Run 3/5: EquivalenceCriterion.equivalent (import: 28.62ms, transpile: 1218.59ms, gates: {'OpType.TK1': 31, 'OpType.CX': 39, 'OpType.Barrier': 1, 'OpType.Measure': 6})
  Run 4/5: EquivalenceCriterion.equivalent (import: 40.50ms, transpile: 1418.42ms, gates: {'OpType.TK1': 31, 'OpType.CX': 39, 'OpType.Barrier': 1, 'OpType.Measure': 6})
  Run 5/5: EquivalenceCriterion.equivalent (import: 29.35ms, transpile: 1412.39ms, gates: {'OpType.TK1': 31, 'OpType.CX': 39, 'OpType.Barrier': 1, 'OpType.Measure': 6})
Running 5 transpilation tests on qft_07...
  Run 1/5: EquivalenceCriterion.equivalent_up_to_global_phase (import: 34.47ms, transpile: 1761.33ms, gates: {'OpType.TK1': 43, 'OpType.CX': 51, 'OpType.Barrier': 1, 'OpType.Measure': 7})
  Run 2/5: EquivalenceCriterion.equivalent_up_to_global_phase (import: 39.85ms, transpile: 1719.21ms, gates: {'OpType.TK1': 43, 'OpType.CX': 51, 'OpType.Barrier': 1, 'OpType.Measure': 7})
  Run 3/5: EquivalenceCriterion.equivalent_up_to_global_phase (import: 31.48ms, transpile: 1524.77ms, gates: {'OpType.TK1': 43, 'OpType.CX': 51, 'OpType.Barrier': 1, 'OpType.Measure': 7})
  Run 4/5: EquivalenceCriterion.equivalent_up_to_global_phase (import: 39.57ms, transpile: 1685.91ms, gates: {'OpType.TK1': 43, 'OpType.CX': 51, 'OpType.Barrier': 1, 'OpType.Measure': 7})
  Run 5/5: EquivalenceCriterion.equivalent_up_to_global_phase (import: 32.49ms, transpile: 1555.21ms, gates: {'OpType.TK1': 43, 'OpType.CX': 51, 'OpType.Barrier': 1, 'OpType.Measure': 7})
Running 5 transpilation tests on qft_08...
  Run 1/5: EquivalenceCriterion.equivalent_up_to_global_phase (import: 41.60ms, transpile: 2234.74ms, gates: {'OpType.TK1': 57, 'OpType.CX': 68, 'OpType.Barrier': 1, 'OpType.Measure': 8})
  Run 2/5: EquivalenceCriterion.equivalent_up_to_global_phase (import: 44.40ms, transpile: 2352.14ms, gates: {'OpType.TK1': 57, 'OpType.CX': 68, 'OpType.Barrier': 1, 'OpType.Measure': 8})
  Run 3/5: EquivalenceCriterion.equivalent (import: 41.95ms, transpile: 2023.80ms, gates: {'OpType.TK1': 57, 'OpType.CX': 68, 'OpType.Barrier': 1, 'OpType.Measure': 8})
  Run 4/5: EquivalenceCriterion.equivalent_up_to_global_phase (import: 39.65ms, transpile: 2174.31ms, gates: {'OpType.TK1': 57, 'OpType.CX': 68, 'OpType.Barrier': 1, 'OpType.Measure': 8})
  Run 5/5: EquivalenceCriterion.equivalent_up_to_global_phase (import: 49.79ms, transpile: 2189.14ms, gates: {'OpType.TK1': 57, 'OpType.CX': 68, 'OpType.Barrier': 1, 'OpType.Measure': 8})
Running 5 transpilation tests on randomcircuit_02...
  Run 1/5: EquivalenceCriterion.equivalent_up_to_global_phase (import: 3.31ms, transpile: 110.32ms, gates: {'OpType.TK1': 6, 'OpType.CX': 2, 'OpType.Barrier': 1, 'OpType.Measure': 2})
The ZX checker suggests that the circuits are not equivalent, but the simulation checker suggests that they are probably equivalent. Thus, no conclusion can be drawn.
  Run 2/5: EquivalenceCriterion.no_information (import: 3.68ms, transpile: 121.11ms, gates: {'OpType.TK1': 6, 'OpType.CX': 2, 'OpType.Barrier': 1, 'OpType.Measure': 2})
  Run 3/5: EquivalenceCriterion.equivalent_up_to_global_phase (import: 3.97ms, transpile: 111.79ms, gates: {'OpType.TK1': 6, 'OpType.CX': 2, 'OpType.Barrier': 1, 'OpType.Measure': 2})
  Run 4/5: EquivalenceCriterion.equivalent_up_to_global_phase (import: 3.10ms, transpile: 128.20ms, gates: {'OpType.TK1': 6, 'OpType.CX': 2, 'OpType.Barrier': 1, 'OpType.Measure': 2})
  Run 5/5: EquivalenceCriterion.equivalent_up_to_global_phase (import: 3.49ms, transpile: 113.08ms, gates: {'OpType.TK1': 6, 'OpType.CX': 2, 'OpType.Barrier': 1, 'OpType.Measure': 2})
Running 5 transpilation tests on randomcircuit_03...
  Run 1/5: EquivalenceCriterion.equivalent_up_to_global_phase (import: 3.75ms, transpile: 451.08ms, gates: {'OpType.TK1': 33, 'OpType.CX': 19, 'OpType.Barrier': 1, 'OpType.Measure': 3})
  Run 2/5: EquivalenceCriterion.equivalent_up_to_global_phase (import: 3.86ms, transpile: 505.66ms, gates: {'OpType.TK1': 33, 'OpType.CX': 19, 'OpType.Barrier': 1, 'OpType.Measure': 3})
  Run 3/5: EquivalenceCriterion.equivalent_up_to_global_phase (import: 4.56ms, transpile: 505.18ms, gates: {'OpType.TK1': 33, 'OpType.CX': 19, 'OpType.Barrier': 1, 'OpType.Measure': 3})
  Run 4/5: EquivalenceCriterion.equivalent_up_to_global_phase (import: 3.25ms, transpile: 445.13ms, gates: {'OpType.TK1': 33, 'OpType.CX': 19, 'OpType.Barrier': 1, 'OpType.Measure': 3})
  Run 5/5: EquivalenceCriterion.equivalent_up_to_global_phase (import: 2.86ms, transpile: 434.24ms, gates: {'OpType.TK1': 33, 'OpType.CX': 19, 'OpType.Barrier': 1, 'OpType.Measure': 3})
Running 5 transpilation tests on randomcircuit_04...
  Run 1/5: EquivalenceCriterion.equivalent_up_to_global_phase (import: 16.45ms, transpile: 1676.19ms, gates: {'OpType.TK1': 47, 'OpType.CX': 41, 'OpType.Barrier': 1, 'OpType.Measure': 4})
  Run 2/5: EquivalenceCriterion.equivalent_up_to_global_phase (import: 17.65ms, transpile: 1538.41ms, gates: {'OpType.TK1': 47, 'OpType.CX': 41, 'OpType.Barrier': 1, 'OpType.Measure': 4})
  Run 3/5: EquivalenceCriterion.equivalent_up_to_global_phase (import: 12.78ms, transpile: 1665.49ms, gates: {'OpType.TK1': 47, 'OpType.CX': 41, 'OpType.Barrier': 1, 'OpType.Measure': 4})
  Run 4/5: EquivalenceCriterion.equivalent_up_to_global_phase (import: 14.23ms, transpile: 1701.33ms, gates: {'OpType.TK1': 47, 'OpType.CX': 41, 'OpType.Barrier': 1, 'OpType.Measure': 4})
  Run 5/5: EquivalenceCriterion.equivalent_up_to_global_phase (import: 10.88ms, transpile: 1710.65ms, gates: {'OpType.TK1': 47, 'OpType.CX': 41, 'OpType.Barrier': 1, 'OpType.Measure': 4})
Running 5 transpilation tests on randomcircuit_05...
  Run 1/5: EquivalenceCriterion.equivalent_up_to_global_phase (import: 36.08ms, transpile: 2510.69ms, gates: {'OpType.TK1': 65, 'OpType.CX': 58, 'OpType.Barrier': 1, 'OpType.Measure': 5})
  Run 2/5: EquivalenceCriterion.equivalent_up_to_global_phase (import: 14.78ms, transpile: 2188.62ms, gates: {'OpType.TK1': 65, 'OpType.CX': 58, 'OpType.Barrier': 1, 'OpType.Measure': 5})
  Run 3/5: EquivalenceCriterion.equivalent_up_to_global_phase (import: 14.73ms, transpile: 2184.81ms, gates: {'OpType.TK1': 65, 'OpType.CX': 58, 'OpType.Barrier': 1, 'OpType.Measure': 5})
  Run 4/5: EquivalenceCriterion.equivalent_up_to_global_phase (import: 14.13ms, transpile: 2229.04ms, gates: {'OpType.TK1': 65, 'OpType.CX': 58, 'OpType.Barrier': 1, 'OpType.Measure': 5})
  Run 5/5: EquivalenceCriterion.equivalent_up_to_global_phase (import: 12.67ms, transpile: 2263.49ms, gates: {'OpType.TK1': 65, 'OpType.CX': 58, 'OpType.Barrier': 1, 'OpType.Measure': 5})
Running 5 transpilation tests on randomcircuit_06...
  Run 1/5: EquivalenceCriterion.equivalent_up_to_global_phase (import: 18.56ms, transpile: 3840.21ms, gates: {'OpType.TK1': 107, 'OpType.CX': 94, 'OpType.Barrier': 1, 'OpType.Measure': 6})
  Run 2/5: EquivalenceCriterion.equivalent_up_to_global_phase (import: 14.47ms, transpile: 3839.94ms, gates: {'OpType.TK1': 107, 'OpType.CX': 94, 'OpType.Barrier': 1, 'OpType.Measure': 6})
  Run 3/5: EquivalenceCriterion.equivalent_up_to_global_phase (import: 14.90ms, transpile: 3722.29ms, gates: {'OpType.TK1': 107, 'OpType.CX': 94, 'OpType.Barrier': 1, 'OpType.Measure': 6})
  Run 4/5: EquivalenceCriterion.equivalent_up_to_global_phase (import: 14.50ms, transpile: 3685.49ms, gates: {'OpType.TK1': 107, 'OpType.CX': 94, 'OpType.Barrier': 1, 'OpType.Measure': 6})
  Run 5/5: EquivalenceCriterion.equivalent_up_to_global_phase (import: 13.49ms, transpile: 3724.13ms, gates: {'OpType.TK1': 107, 'OpType.CX': 94, 'OpType.Barrier': 1, 'OpType.Measure': 6})
Running 5 transpilation tests on randomcircuit_07...
  Run 1/5: EquivalenceCriterion.equivalent_up_to_global_phase (import: 26.91ms, transpile: 5255.61ms, gates: {'OpType.TK1': 157, 'OpType.CX': 145, 'OpType.Barrier': 1, 'OpType.Measure': 7})
  Run 2/5: EquivalenceCriterion.equivalent_up_to_global_phase (import: 23.56ms, transpile: 5347.44ms, gates: {'OpType.TK1': 157, 'OpType.CX': 145, 'OpType.Barrier': 1, 'OpType.Measure': 7})
  Run 3/5: EquivalenceCriterion.equivalent_up_to_global_phase (import: 20.22ms, transpile: 5257.11ms, gates: {'OpType.TK1': 157, 'OpType.CX': 145, 'OpType.Barrier': 1, 'OpType.Measure': 7})
  Run 4/5: EquivalenceCriterion.equivalent_up_to_global_phase (import: 22.24ms, transpile: 5182.68ms, gates: {'OpType.TK1': 157, 'OpType.CX': 145, 'OpType.Barrier': 1, 'OpType.Measure': 7})
  Run 5/5: EquivalenceCriterion.equivalent_up_to_global_phase (import: 26.00ms, transpile: 5102.32ms, gates: {'OpType.TK1': 157, 'OpType.CX': 145, 'OpType.Barrier': 1, 'OpType.Measure': 7})
Running 5 transpilation tests on randomcircuit_08...
  Run 1/5: EquivalenceCriterion.equivalent_up_to_global_phase (import: 40.12ms, transpile: 7519.60ms, gates: {'OpType.TK1': 228, 'OpType.CX': 208, 'OpType.Barrier': 1, 'OpType.Measure': 8})
  Run 2/5: EquivalenceCriterion.equivalent_up_to_global_phase (import: 35.75ms, transpile: 7781.78ms, gates: {'OpType.TK1': 228, 'OpType.CX': 208, 'OpType.Barrier': 1, 'OpType.Measure': 8})
  Run 3/5: EquivalenceCriterion.equivalent_up_to_global_phase (import: 36.16ms, transpile: 7173.59ms, gates: {'OpType.TK1': 228, 'OpType.CX': 208, 'OpType.Barrier': 1, 'OpType.Measure': 8})
  Run 4/5: EquivalenceCriterion.equivalent_up_to_global_phase (import: 33.45ms, transpile: 8731.94ms, gates: {'OpType.TK1': 228, 'OpType.CX': 208, 'OpType.Barrier': 1, 'OpType.Measure': 8})
  Run 5/5: EquivalenceCriterion.equivalent_up_to_global_phase (import: 44.92ms, transpile: 9072.83ms, gates: {'OpType.TK1': 228, 'OpType.CX': 208, 'OpType.Barrier': 1, 'OpType.Measure': 8})
Running 5 transpilation tests on vqe_real_amp_02...
  Run 1/5: EquivalenceCriterion.equivalent_up_to_global_phase (import: 1.77ms, transpile: 104.52ms, gates: {'OpType.TK1': 8, 'OpType.CX': 3, 'OpType.Barrier': 1, 'OpType.Measure': 2})
  Run 2/5: EquivalenceCriterion.equivalent_up_to_global_phase (import: 1.89ms, transpile: 119.39ms, gates: {'OpType.TK1': 8, 'OpType.CX': 3, 'OpType.Barrier': 1, 'OpType.Measure': 2})
  Run 3/5: EquivalenceCriterion.equivalent_up_to_global_phase (import: 1.90ms, transpile: 121.11ms, gates: {'OpType.TK1': 8, 'OpType.CX': 3, 'OpType.Barrier': 1, 'OpType.Measure': 2})
  Run 4/5: EquivalenceCriterion.equivalent_up_to_global_phase (import: 3.77ms, transpile: 129.41ms, gates: {'OpType.TK1': 8, 'OpType.CX': 3, 'OpType.Barrier': 1, 'OpType.Measure': 2})
  Run 5/5: EquivalenceCriterion.equivalent_up_to_global_phase (import: 3.00ms, transpile: 112.37ms, gates: {'OpType.TK1': 8, 'OpType.CX': 3, 'OpType.Barrier': 1, 'OpType.Measure': 2})
Running 5 transpilation tests on vqe_real_amp_03...
  Run 1/5: EquivalenceCriterion.equivalent_up_to_global_phase (import: 7.42ms, transpile: 259.76ms, gates: {'OpType.TK1': 12, 'OpType.CX': 6, 'OpType.Barrier': 1, 'OpType.Measure': 3})
  Run 2/5: EquivalenceCriterion.equivalent_up_to_global_phase (import: 2.81ms, transpile: 259.57ms, gates: {'OpType.TK1': 12, 'OpType.CX': 6, 'OpType.Barrier': 1, 'OpType.Measure': 3})
  Run 3/5: EquivalenceCriterion.equivalent_up_to_global_phase (import: 2.60ms, transpile: 240.94ms, gates: {'OpType.TK1': 12, 'OpType.CX': 6, 'OpType.Barrier': 1, 'OpType.Measure': 3})
  Run 4/5: EquivalenceCriterion.equivalent_up_to_global_phase (import: 3.56ms, transpile: 250.49ms, gates: {'OpType.TK1': 12, 'OpType.CX': 6, 'OpType.Barrier': 1, 'OpType.Measure': 3})
  Run 5/5: EquivalenceCriterion.equivalent_up_to_global_phase (import: 2.77ms, transpile: 246.78ms, gates: {'OpType.TK1': 12, 'OpType.CX': 6, 'OpType.Barrier': 1, 'OpType.Measure': 3})
Running 5 transpilation tests on vqe_real_amp_04...
  Run 1/5: EquivalenceCriterion.equivalent_up_to_global_phase (import: 4.40ms, transpile: 462.23ms, gates: {'OpType.TK1': 16, 'OpType.CX': 9, 'OpType.Barrier': 1, 'OpType.Measure': 4})
  Run 2/5: EquivalenceCriterion.equivalent_up_to_global_phase (import: 4.45ms, transpile: 444.71ms, gates: {'OpType.TK1': 16, 'OpType.CX': 9, 'OpType.Barrier': 1, 'OpType.Measure': 4})
  Run 3/5: EquivalenceCriterion.equivalent_up_to_global_phase (import: 3.91ms, transpile: 497.45ms, gates: {'OpType.TK1': 16, 'OpType.CX': 9, 'OpType.Barrier': 1, 'OpType.Measure': 4})
  Run 4/5: EquivalenceCriterion.equivalent_up_to_global_phase (import: 3.91ms, transpile: 517.99ms, gates: {'OpType.TK1': 16, 'OpType.CX': 9, 'OpType.Barrier': 1, 'OpType.Measure': 4})
  Run 5/5: EquivalenceCriterion.equivalent_up_to_global_phase (import: 3.13ms, transpile: 515.57ms, gates: {'OpType.TK1': 16, 'OpType.CX': 9, 'OpType.Barrier': 1, 'OpType.Measure': 4})
Running 5 transpilation tests on vqe_real_amp_05...
  Run 1/5: EquivalenceCriterion.equivalent_up_to_global_phase (import: 4.95ms, transpile: 678.32ms, gates: {'OpType.TK1': 20, 'OpType.CX': 12, 'OpType.Barrier': 1, 'OpType.Measure': 5})
  Run 2/5: EquivalenceCriterion.equivalent_up_to_global_phase (import: 7.21ms, transpile: 810.19ms, gates: {'OpType.TK1': 20, 'OpType.CX': 12, 'OpType.Barrier': 1, 'OpType.Measure': 5})
  Run 3/5: EquivalenceCriterion.equivalent_up_to_global_phase (import: 4.35ms, transpile: 724.94ms, gates: {'OpType.TK1': 20, 'OpType.CX': 12, 'OpType.Barrier': 1, 'OpType.Measure': 5})
  Run 4/5: EquivalenceCriterion.equivalent_up_to_global_phase (import: 4.00ms, transpile: 657.99ms, gates: {'OpType.TK1': 20, 'OpType.CX': 12, 'OpType.Barrier': 1, 'OpType.Measure': 5})
  Run 5/5: EquivalenceCriterion.equivalent_up_to_global_phase (import: 4.42ms, transpile: 644.11ms, gates: {'OpType.TK1': 20, 'OpType.CX': 12, 'OpType.Barrier': 1, 'OpType.Measure': 5})
Running 5 transpilation tests on vqe_real_amp_06...
  Run 1/5: EquivalenceCriterion.equivalent_up_to_global_phase (import: 5.90ms, transpile: 813.52ms, gates: {'OpType.TK1': 24, 'OpType.CX': 15, 'OpType.Barrier': 1, 'OpType.Measure': 6})
  Run 2/5: EquivalenceCriterion.equivalent_up_to_global_phase (import: 4.24ms, transpile: 910.59ms, gates: {'OpType.TK1': 24, 'OpType.CX': 15, 'OpType.Barrier': 1, 'OpType.Measure': 6})
  Run 3/5: EquivalenceCriterion.equivalent_up_to_global_phase (import: 5.32ms, transpile: 868.14ms, gates: {'OpType.TK1': 24, 'OpType.CX': 15, 'OpType.Barrier': 1, 'OpType.Measure': 6})
  Run 4/5: EquivalenceCriterion.equivalent_up_to_global_phase (import: 5.54ms, transpile: 874.48ms, gates: {'OpType.TK1': 24, 'OpType.CX': 15, 'OpType.Barrier': 1, 'OpType.Measure': 6})
  Run 5/5: EquivalenceCriterion.equivalent_up_to_global_phase (import: 5.45ms, transpile: 901.59ms, gates: {'OpType.TK1': 24, 'OpType.CX': 15, 'OpType.Barrier': 1, 'OpType.Measure': 6})
Running 5 transpilation tests on vqe_real_amp_07...
  Run 1/5: EquivalenceCriterion.equivalent_up_to_global_phase (import: 5.34ms, transpile: 1142.14ms, gates: {'OpType.TK1': 28, 'OpType.CX': 18, 'OpType.Barrier': 1, 'OpType.Measure': 7})
  Run 2/5: EquivalenceCriterion.equivalent_up_to_global_phase (import: 6.54ms, transpile: 1073.75ms, gates: {'OpType.TK1': 28, 'OpType.CX': 18, 'OpType.Barrier': 1, 'OpType.Measure': 7})
  Run 3/5: EquivalenceCriterion.equivalent_up_to_global_phase (import: 10.47ms, transpile: 1136.68ms, gates: {'OpType.TK1': 28, 'OpType.CX': 18, 'OpType.Barrier': 1, 'OpType.Measure': 7})
  Run 4/5: EquivalenceCriterion.equivalent_up_to_global_phase (import: 6.24ms, transpile: 1084.54ms, gates: {'OpType.TK1': 28, 'OpType.CX': 18, 'OpType.Barrier': 1, 'OpType.Measure': 7})
  Run 5/5: EquivalenceCriterion.equivalent_up_to_global_phase (import: 5.04ms, transpile: 1028.78ms, gates: {'OpType.TK1': 28, 'OpType.CX': 18, 'OpType.Barrier': 1, 'OpType.Measure': 7})
Running 5 transpilation tests on vqe_real_amp_08...
  Run 1/5: EquivalenceCriterion.equivalent_up_to_global_phase (import: 11.48ms, transpile: 1246.46ms, gates: {'OpType.TK1': 32, 'OpType.CX': 21, 'OpType.Barrier': 1, 'OpType.Measure': 8})
  Run 2/5: EquivalenceCriterion.equivalent_up_to_global_phase (import: 5.94ms, transpile: 1153.47ms, gates: {'OpType.TK1': 32, 'OpType.CX': 21, 'OpType.Barrier': 1, 'OpType.Measure': 8})
  Run 3/5: EquivalenceCriterion.equivalent_up_to_global_phase (import: 8.31ms, transpile: 1164.02ms, gates: {'OpType.TK1': 32, 'OpType.CX': 21, 'OpType.Barrier': 1, 'OpType.Measure': 8})
  Run 4/5: EquivalenceCriterion.equivalent_up_to_global_phase (import: 14.64ms, transpile: 1190.34ms, gates: {'OpType.TK1': 32, 'OpType.CX': 21, 'OpType.Barrier': 1, 'OpType.Measure': 8})
  Run 5/5: EquivalenceCriterion.equivalent_up_to_global_phase (import: 8.38ms, transpile: 1153.10ms, gates: {'OpType.TK1': 32, 'OpType.CX': 21, 'OpType.Barrier': 1, 'OpType.Measure': 8})
Failed to extract qubits: Unexpected token Token('INAM', 'recent') at line 1, column 17.
Expected one of:
	* STAR
	* COMMA
	* SLASH
	* RPAR
	* PLUS
	* MINUS
	* "**"
Previous tokens: [Token('ARG', 'most')]

Running 5 transpilation tests on hhl_02...
  Run 1/5: FAILED - Import failed: Unexpected token Token('INAM', 'recent') at line 1, column 17.
Expected one of:
	* STAR
	* COMMA
	* SLASH
	* RPAR
	* PLUS
	* MINUS
	* "**"
Previous tokens: [Token('ARG', 'most')]

  Run 2/5: FAILED - Import failed: Unexpected token Token('INAM', 'recent') at line 1, column 17.
Expected one of:
	* STAR
	* COMMA
	* SLASH
	* RPAR
	* PLUS
	* MINUS
	* "**"
Previous tokens: [Token('ARG', 'most')]

  Run 3/5: FAILED - Import failed: Unexpected token Token('INAM', 'recent') at line 1, column 17.
Expected one of:
	* STAR
	* COMMA
	* SLASH
	* RPAR
	* PLUS
	* MINUS
	* "**"
Previous tokens: [Token('ARG', 'most')]

  Run 4/5: FAILED - Import failed: Unexpected token Token('INAM', 'recent') at line 1, column 17.
Expected one of:
	* STAR
	* COMMA
	* SLASH
	* RPAR
	* PLUS
	* MINUS
	* "**"
Previous tokens: [Token('ARG', 'most')]

  Run 5/5: FAILED - Import failed: Unexpected token Token('INAM', 'recent') at line 1, column 17.
Expected one of:
	* STAR
	* COMMA
	* SLASH
	* RPAR
	* PLUS
	* MINUS
	* "**"
Previous tokens: [Token('ARG', 'most')]

Running 5 transpilation tests on hhl_03...
  Run 1/5: EquivalenceCriterion.equivalent_up_to_global_phase (import: 3.66ms, transpile: 255.41ms, gates: {'OpType.TK1': 10, 'OpType.CX': 6, 'OpType.Measure': 1})
  Run 2/5: EquivalenceCriterion.equivalent_up_to_global_phase (import: 3.14ms, transpile: 217.96ms, gates: {'OpType.TK1': 10, 'OpType.CX': 6, 'OpType.Measure': 1})
  Run 3/5: EquivalenceCriterion.equivalent_up_to_global_phase (import: 2.60ms, transpile: 234.12ms, gates: {'OpType.TK1': 10, 'OpType.CX': 6, 'OpType.Measure': 1})
  Run 4/5: EquivalenceCriterion.equivalent_up_to_global_phase (import: 2.61ms, transpile: 218.42ms, gates: {'OpType.TK1': 10, 'OpType.CX': 6, 'OpType.Measure': 1})
  Run 5/5: EquivalenceCriterion.equivalent_up_to_global_phase (import: 3.05ms, transpile: 224.37ms, gates: {'OpType.TK1': 10, 'OpType.CX': 6, 'OpType.Measure': 1})
Running 5 transpilation tests on hhl_04...
  Run 1/5: EquivalenceCriterion.equivalent_up_to_global_phase (import: 8.17ms, transpile: 684.14ms, gates: {'OpType.TK1': 30, 'OpType.CX': 17, 'OpType.Measure': 1})
  Run 2/5: EquivalenceCriterion.equivalent_up_to_global_phase (import: 7.35ms, transpile: 665.63ms, gates: {'OpType.TK1': 30, 'OpType.CX': 17, 'OpType.Measure': 1})
  Run 3/5: EquivalenceCriterion.equivalent_up_to_global_phase (import: 7.41ms, transpile: 671.87ms, gates: {'OpType.TK1': 30, 'OpType.CX': 17, 'OpType.Measure': 1})
  Run 4/5: EquivalenceCriterion.equivalent_up_to_global_phase (import: 7.59ms, transpile: 677.50ms, gates: {'OpType.TK1': 30, 'OpType.CX': 17, 'OpType.Measure': 1})
  Run 5/5: EquivalenceCriterion.equivalent_up_to_global_phase (import: 8.02ms, transpile: 682.39ms, gates: {'OpType.TK1': 30, 'OpType.CX': 17, 'OpType.Measure': 1})
Running 5 transpilation tests on hhl_05...
  Run 1/5: EquivalenceCriterion.equivalent_up_to_global_phase (import: 14.60ms, transpile: 1212.52ms, gates: {'OpType.TK1': 41, 'OpType.CX': 34, 'OpType.Measure': 1})
  Run 2/5: EquivalenceCriterion.equivalent_up_to_global_phase (import: 20.46ms, transpile: 1206.97ms, gates: {'OpType.TK1': 41, 'OpType.CX': 34, 'OpType.Measure': 1})
  Run 3/5: EquivalenceCriterion.equivalent_up_to_global_phase (import: 13.91ms, transpile: 1340.03ms, gates: {'OpType.TK1': 41, 'OpType.CX': 34, 'OpType.Measure': 1})
  Run 4/5: EquivalenceCriterion.equivalent_up_to_global_phase (import: 20.25ms, transpile: 1235.21ms, gates: {'OpType.TK1': 41, 'OpType.CX': 34, 'OpType.Measure': 1})
  Run 5/5: EquivalenceCriterion.equivalent_up_to_global_phase (import: 14.46ms, transpile: 1233.74ms, gates: {'OpType.TK1': 41, 'OpType.CX': 34, 'OpType.Measure': 1})
Running 5 transpilation tests on hhl_06...
  Run 1/5: EquivalenceCriterion.equivalent_up_to_global_phase (import: 24.80ms, transpile: 2080.56ms, gates: {'OpType.TK1': 65, 'OpType.CX': 56, 'OpType.Measure': 1})
  Run 2/5: EquivalenceCriterion.equivalent_up_to_global_phase (import: 29.00ms, transpile: 2098.55ms, gates: {'OpType.TK1': 65, 'OpType.CX': 56, 'OpType.Measure': 1})
  Run 3/5: EquivalenceCriterion.equivalent_up_to_global_phase (import: 26.56ms, transpile: 2026.86ms, gates: {'OpType.TK1': 65, 'OpType.CX': 56, 'OpType.Measure': 1})
  Run 4/5: EquivalenceCriterion.equivalent_up_to_global_phase (import: 24.46ms, transpile: 2197.27ms, gates: {'OpType.TK1': 65, 'OpType.CX': 56, 'OpType.Measure': 1})
  Run 5/5: EquivalenceCriterion.equivalent_up_to_global_phase (import: 27.13ms, transpile: 2215.19ms, gates: {'OpType.TK1': 65, 'OpType.CX': 56, 'OpType.Measure': 1})
Running 5 transpilation tests on hhl_07...
  Run 1/5: EquivalenceCriterion.equivalent_up_to_global_phase (import: 43.86ms, transpile: 3003.12ms, gates: {'OpType.TK1': 87, 'OpType.CX': 78, 'OpType.Measure': 1})
  Run 2/5: EquivalenceCriterion.equivalent_up_to_global_phase (import: 44.00ms, transpile: 2812.43ms, gates: {'OpType.TK1': 87, 'OpType.CX': 78, 'OpType.Measure': 1})
  Run 3/5: EquivalenceCriterion.equivalent_up_to_global_phase (import: 40.74ms, transpile: 3080.99ms, gates: {'OpType.TK1': 87, 'OpType.CX': 78, 'OpType.Measure': 1})
  Run 4/5: EquivalenceCriterion.equivalent_up_to_global_phase (import: 43.12ms, transpile: 3059.24ms, gates: {'OpType.TK1': 87, 'OpType.CX': 78, 'OpType.Measure': 1})
  Run 5/5: EquivalenceCriterion.equivalent_up_to_global_phase (import: 46.57ms, transpile: 2816.04ms, gates: {'OpType.TK1': 87, 'OpType.CX': 78, 'OpType.Measure': 1})
Running 5 transpilation tests on hhl_08...
  Run 1/5: EquivalenceCriterion.equivalent_up_to_global_phase (import: 47.79ms, transpile: 3939.65ms, gates: {'OpType.TK1': 119, 'OpType.CX': 108, 'OpType.Measure': 1})
  Run 2/5: EquivalenceCriterion.equivalent_up_to_global_phase (import: 59.61ms, transpile: 4185.60ms, gates: {'OpType.TK1': 119, 'OpType.CX': 108, 'OpType.Measure': 1})
  Run 3/5: EquivalenceCriterion.equivalent_up_to_global_phase (import: 55.95ms, transpile: 4079.01ms, gates: {'OpType.TK1': 119, 'OpType.CX': 108, 'OpType.Measure': 1})
  Run 4/5: EquivalenceCriterion.equivalent_up_to_global_phase (import: 55.29ms, transpile: 4162.50ms, gates: {'OpType.TK1': 119, 'OpType.CX': 108, 'OpType.Measure': 1})
  Run 5/5: EquivalenceCriterion.equivalent_up_to_global_phase (import: 53.49ms, transpile: 4231.66ms, gates: {'OpType.TK1': 119, 'OpType.CX': 108, 'OpType.Measure': 1})
Running 5 transpilation tests on grover_02...
  Run 1/5: EquivalenceCriterion.equivalent_up_to_global_phase (import: 5.56ms, transpile: 53.41ms, gates: {'OpType.TK1': 3, 'OpType.CX': 1, 'OpType.Barrier': 1, 'OpType.Measure': 2})
  Run 2/5: EquivalenceCriterion.equivalent_up_to_global_phase (import: 5.17ms, transpile: 50.74ms, gates: {'OpType.TK1': 3, 'OpType.CX': 1, 'OpType.Barrier': 1, 'OpType.Measure': 2})
  Run 3/5: EquivalenceCriterion.equivalent_up_to_global_phase (import: 4.98ms, transpile: 52.65ms, gates: {'OpType.TK1': 3, 'OpType.CX': 1, 'OpType.Barrier': 1, 'OpType.Measure': 2})
  Run 4/5: EquivalenceCriterion.equivalent_up_to_global_phase (import: 4.11ms, transpile: 48.56ms, gates: {'OpType.TK1': 3, 'OpType.CX': 1, 'OpType.Barrier': 1, 'OpType.Measure': 2})
  Run 5/5: EquivalenceCriterion.equivalent_up_to_global_phase (import: 5.70ms, transpile: 59.51ms, gates: {'OpType.TK1': 3, 'OpType.CX': 1, 'OpType.Barrier': 1, 'OpType.Measure': 2})
Running 5 transpilation tests on grover_03...
  Run 1/5: EquivalenceCriterion.equivalent_up_to_global_phase (import: 5.42ms, transpile: 229.75ms, gates: {'OpType.TK1': 10, 'OpType.CX': 6, 'OpType.Barrier': 1, 'OpType.Measure': 3})
  Run 2/5: EquivalenceCriterion.equivalent_up_to_global_phase (import: 5.89ms, transpile: 216.86ms, gates: {'OpType.TK1': 10, 'OpType.CX': 6, 'OpType.Barrier': 1, 'OpType.Measure': 3})
  Run 3/5: EquivalenceCriterion.equivalent_up_to_global_phase (import: 4.39ms, transpile: 225.40ms, gates: {'OpType.TK1': 10, 'OpType.CX': 6, 'OpType.Barrier': 1, 'OpType.Measure': 3})
  Run 4/5: EquivalenceCriterion.equivalent_up_to_global_phase (import: 4.91ms, transpile: 207.33ms, gates: {'OpType.TK1': 10, 'OpType.CX': 6, 'OpType.Barrier': 1, 'OpType.Measure': 3})
  Run 5/5: EquivalenceCriterion.equivalent_up_to_global_phase (import: 4.32ms, transpile: 203.63ms, gates: {'OpType.TK1': 10, 'OpType.CX': 6, 'OpType.Barrier': 1, 'OpType.Measure': 3})
Running 5 transpilation tests on grover_04...
  Run 1/5: EquivalenceCriterion.equivalent_up_to_global_phase (import: 11.51ms, transpile: 1826.11ms, gates: {'OpType.TK1': 60, 'OpType.CX': 52, 'OpType.Barrier': 1, 'OpType.Measure': 4})
  Run 2/5: EquivalenceCriterion.equivalent_up_to_global_phase (import: 9.68ms, transpile: 1896.69ms, gates: {'OpType.TK1': 60, 'OpType.CX': 52, 'OpType.Barrier': 1, 'OpType.Measure': 4})
  Run 3/5: EquivalenceCriterion.equivalent_up_to_global_phase (import: 13.85ms, transpile: 1967.85ms, gates: {'OpType.TK1': 60, 'OpType.CX': 52, 'OpType.Barrier': 1, 'OpType.Measure': 4})
  Run 4/5: EquivalenceCriterion.equivalent_up_to_global_phase (import: 10.90ms, transpile: 1990.53ms, gates: {'OpType.TK1': 60, 'OpType.CX': 52, 'OpType.Barrier': 1, 'OpType.Measure': 4})
  Run 5/5: EquivalenceCriterion.equivalent_up_to_global_phase (import: 13.72ms, transpile: 2130.21ms, gates: {'OpType.TK1': 60, 'OpType.CX': 52, 'OpType.Barrier': 1, 'OpType.Measure': 4})
Running 5 transpilation tests on grover_05...
  Run 1/5: EquivalenceCriterion.equivalent_up_to_global_phase (import: 42.35ms, transpile: 7563.71ms, gates: {'OpType.TK1': 188, 'OpType.CX': 168, 'OpType.Barrier': 1, 'OpType.Measure': 5})
  Run 2/5: EquivalenceCriterion.equivalent_up_to_global_phase (import: 38.05ms, transpile: 7943.65ms, gates: {'OpType.TK1': 188, 'OpType.CX': 168, 'OpType.Barrier': 1, 'OpType.Measure': 5})
  Run 3/5: EquivalenceCriterion.equivalent_up_to_global_phase (import: 25.36ms, transpile: 7711.85ms, gates: {'OpType.TK1': 188, 'OpType.CX': 168, 'OpType.Barrier': 1, 'OpType.Measure': 5})
  Run 4/5: EquivalenceCriterion.equivalent_up_to_global_phase (import: 32.76ms, transpile: 7207.57ms, gates: {'OpType.TK1': 188, 'OpType.CX': 168, 'OpType.Barrier': 1, 'OpType.Measure': 5})
  Run 5/5: EquivalenceCriterion.equivalent_up_to_global_phase (import: 27.65ms, transpile: 7382.53ms, gates: {'OpType.TK1': 188, 'OpType.CX': 168, 'OpType.Barrier': 1, 'OpType.Measure': 5})
Running 5 transpilation tests on grover_06...
  Run 1/5: EquivalenceCriterion.equivalent_up_to_global_phase (import: 116.20ms, transpile: 18323.14ms, gates: {'OpType.TK1': 502, 'OpType.CX': 480, 'OpType.Barrier': 1, 'OpType.Measure': 6})
  Run 2/5: EquivalenceCriterion.equivalent_up_to_global_phase (import: 95.61ms, transpile: 19314.59ms, gates: {'OpType.TK1': 502, 'OpType.CX': 480, 'OpType.Barrier': 1, 'OpType.Measure': 6})
  Run 3/5: EquivalenceCriterion.equivalent_up_to_global_phase (import: 92.26ms, transpile: 19772.47ms, gates: {'OpType.TK1': 502, 'OpType.CX': 480, 'OpType.Barrier': 1, 'OpType.Measure': 6})
  Run 4/5: EquivalenceCriterion.equivalent_up_to_global_phase (import: 86.98ms, transpile: 18739.51ms, gates: {'OpType.TK1': 502, 'OpType.CX': 480, 'OpType.Barrier': 1, 'OpType.Measure': 6})
  Run 5/5: EquivalenceCriterion.equivalent_up_to_global_phase (import: 101.67ms, transpile: 17972.53ms, gates: {'OpType.TK1': 502, 'OpType.CX': 480, 'OpType.Barrier': 1, 'OpType.Measure': 6})
Running 5 transpilation tests on grover_07...
  Run 1/5: EquivalenceCriterion.equivalent_up_to_global_phase (import: 159.17ms, transpile: 57957.09ms, gates: {'OpType.TK1': 1328, 'OpType.CX': 1322, 'OpType.Barrier': 1, 'OpType.Measure': 7})
  Run 2/5: EquivalenceCriterion.equivalent_up_to_global_phase (import: 132.56ms, transpile: 55383.88ms, gates: {'OpType.TK1': 1328, 'OpType.CX': 1322, 'OpType.Barrier': 1, 'OpType.Measure': 7})
  Run 3/5: EquivalenceCriterion.equivalent_up_to_global_phase (import: 142.29ms, transpile: 55959.93ms, gates: {'OpType.TK1': 1328, 'OpType.CX': 1322, 'OpType.Barrier': 1, 'OpType.Measure': 7})
  Run 4/5: EquivalenceCriterion.equivalent_up_to_global_phase (import: 127.61ms, transpile: 55852.34ms, gates: {'OpType.TK1': 1328, 'OpType.CX': 1322, 'OpType.Barrier': 1, 'OpType.Measure': 7})
  Run 5/5: EquivalenceCriterion.equivalent_up_to_global_phase (import: 127.24ms, transpile: 58468.30ms, gates: {'OpType.TK1': 1328, 'OpType.CX': 1322, 'OpType.Barrier': 1, 'OpType.Measure': 7})
Running 5 transpilation tests on grover_08...
  Run 1/5: EquivalenceCriterion.equivalent_up_to_global_phase (import: 363.56ms, transpile: 128545.09ms, gates: {'OpType.TK1': 2849, 'OpType.CX': 2864, 'OpType.Barrier': 1, 'OpType.Measure': 8})
  Run 2/5: EquivalenceCriterion.equivalent_up_to_global_phase (import: 253.48ms, transpile: 129290.58ms, gates: {'OpType.TK1': 2849, 'OpType.CX': 2864, 'OpType.Barrier': 1, 'OpType.Measure': 8})
  Run 3/5: EquivalenceCriterion.equivalent_up_to_global_phase (import: 303.51ms, transpile: 125398.49ms, gates: {'OpType.TK1': 2849, 'OpType.CX': 2864, 'OpType.Barrier': 1, 'OpType.Measure': 8})
  Run 4/5: EquivalenceCriterion.equivalent_up_to_global_phase (import: 220.81ms, transpile: 123658.83ms, gates: {'OpType.TK1': 2849, 'OpType.CX': 2864, 'OpType.Barrier': 1, 'OpType.Measure': 8})
  Run 5/5: EquivalenceCriterion.equivalent_up_to_global_phase (import: 245.51ms, transpile: 125161.77ms, gates: {'OpType.TK1': 2849, 'OpType.CX': 2864, 'OpType.Barrier': 1, 'OpType.Measure': 8})
Results saved to experiments/transpiler_result_20260611_161220_Pytket_independent.json
Processing SDK: Pytket_Targeted_IBM_gateset
Running 5 transpilation tests on qaoa_02...
  Run 1/5: EquivalenceCriterion.equivalent_up_to_global_phase (import: 3.09ms, transpile: 171.83ms, gates: {'OpType.Rz': 13, 'OpType.SX': 8, 'OpType.CX': 2})
The ZX checker suggests that the circuits are not equivalent, but the simulation checker suggests that they are probably equivalent. Thus, no conclusion can be drawn.
  Run 2/5: EquivalenceCriterion.no_information (import: 1.39ms, transpile: 145.97ms, gates: {'OpType.Rz': 13, 'OpType.SX': 8, 'OpType.CX': 2})
  Run 3/5: EquivalenceCriterion.equivalent_up_to_global_phase (import: 1.46ms, transpile: 173.16ms, gates: {'OpType.Rz': 13, 'OpType.SX': 8, 'OpType.CX': 2})
  Run 4/5: EquivalenceCriterion.equivalent_up_to_global_phase (import: 2.64ms, transpile: 194.65ms, gates: {'OpType.Rz': 13, 'OpType.SX': 8, 'OpType.CX': 2})
  Run 5/5: EquivalenceCriterion.equivalent_up_to_global_phase (import: 1.66ms, transpile: 114.69ms, gates: {'OpType.Rz': 13, 'OpType.SX': 8, 'OpType.CX': 2})
Running 5 transpilation tests on qaoa_03...
  Run 1/5: EquivalenceCriterion.equivalent_up_to_global_phase (import: 1.53ms, transpile: 329.95ms, gates: {'OpType.Rz': 26, 'OpType.SX': 15, 'OpType.CX': 8})
  Run 2/5: EquivalenceCriterion.equivalent_up_to_global_phase (import: 3.90ms, transpile: 374.09ms, gates: {'OpType.Rz': 26, 'OpType.SX': 15, 'OpType.CX': 8})
  Run 3/5: EquivalenceCriterion.equivalent_up_to_global_phase (import: 2.82ms, transpile: 339.33ms, gates: {'OpType.Rz': 26, 'OpType.SX': 15, 'OpType.CX': 8})
  Run 4/5: EquivalenceCriterion.equivalent_up_to_global_phase (import: 3.78ms, transpile: 366.59ms, gates: {'OpType.Rz': 26, 'OpType.SX': 15, 'OpType.CX': 8})
  Run 5/5: EquivalenceCriterion.equivalent_up_to_global_phase (import: 3.90ms, transpile: 301.50ms, gates: {'OpType.Rz': 26, 'OpType.SX': 15, 'OpType.CX': 8})
Running 5 transpilation tests on qaoa_04...
  Run 1/5: EquivalenceCriterion.equivalent_up_to_global_phase (import: 2.67ms, transpile: 344.94ms, gates: {'OpType.Rz': 28, 'OpType.SX': 16, 'OpType.CX': 8})
  Run 2/5: EquivalenceCriterion.equivalent_up_to_global_phase (import: 2.73ms, transpile: 330.25ms, gates: {'OpType.Rz': 28, 'OpType.SX': 16, 'OpType.CX': 8})
  Run 3/5: EquivalenceCriterion.equivalent_up_to_global_phase (import: 2.39ms, transpile: 422.78ms, gates: {'OpType.Rz': 28, 'OpType.SX': 16, 'OpType.CX': 8})
  Run 4/5: EquivalenceCriterion.equivalent_up_to_global_phase (import: 2.08ms, transpile: 770.88ms, gates: {'OpType.Rz': 28, 'OpType.SX': 16, 'OpType.CX': 8})
  Run 5/5: EquivalenceCriterion.equivalent_up_to_global_phase (import: 4.71ms, transpile: 908.29ms, gates: {'OpType.Rz': 28, 'OpType.SX': 16, 'OpType.CX': 8})
Running 5 transpilation tests on qaoa_05...
  Run 1/5: EquivalenceCriterion.equivalent_up_to_global_phase (import: 5.90ms, transpile: 990.66ms, gates: {'OpType.Rz': 50, 'OpType.SX': 25, 'OpType.CX': 24})
  Run 2/5: EquivalenceCriterion.equivalent_up_to_global_phase (import: 6.63ms, transpile: 1092.52ms, gates: {'OpType.Rz': 50, 'OpType.SX': 25, 'OpType.CX': 24})
  Run 3/5: EquivalenceCriterion.equivalent_up_to_global_phase (import: 2.86ms, transpile: 934.62ms, gates: {'OpType.Rz': 50, 'OpType.SX': 25, 'OpType.CX': 24})
  Run 4/5: EquivalenceCriterion.equivalent_up_to_global_phase (import: 3.77ms, transpile: 888.86ms, gates: {'OpType.Rz': 50, 'OpType.SX': 25, 'OpType.CX': 24})
  Run 5/5: EquivalenceCriterion.equivalent_up_to_global_phase (import: 3.03ms, transpile: 1134.57ms, gates: {'OpType.Rz': 50, 'OpType.SX': 25, 'OpType.CX': 24})
Running 5 transpilation tests on qaoa_06...
  Run 1/5: EquivalenceCriterion.equivalent_up_to_global_phase (import: 4.54ms, transpile: 1071.34ms, gates: {'OpType.Rz': 58, 'OpType.SX': 30, 'OpType.CX': 28})
  Run 2/5: EquivalenceCriterion.equivalent_up_to_global_phase (import: 3.93ms, transpile: 1054.84ms, gates: {'OpType.Rz': 58, 'OpType.SX': 30, 'OpType.CX': 28})
  Run 3/5: EquivalenceCriterion.equivalent_up_to_global_phase (import: 3.79ms, transpile: 984.62ms, gates: {'OpType.Rz': 58, 'OpType.SX': 30, 'OpType.CX': 28})
  Run 4/5: EquivalenceCriterion.equivalent_up_to_global_phase (import: 3.84ms, transpile: 1146.54ms, gates: {'OpType.Rz': 58, 'OpType.SX': 30, 'OpType.CX': 28})
  Run 5/5: EquivalenceCriterion.equivalent_up_to_global_phase (import: 3.32ms, transpile: 1129.20ms, gates: {'OpType.Rz': 58, 'OpType.SX': 30, 'OpType.CX': 28})
Running 5 transpilation tests on qaoa_07...
  Run 1/5: EquivalenceCriterion.equivalent_up_to_global_phase (import: 7.15ms, transpile: 1950.20ms, gates: {'OpType.Rz': 76, 'OpType.SX': 35, 'OpType.CX': 48})
  Run 2/5: EquivalenceCriterion.equivalent_up_to_global_phase (import: 7.35ms, transpile: 1726.48ms, gates: {'OpType.Rz': 76, 'OpType.SX': 35, 'OpType.CX': 48})
  Run 3/5: EquivalenceCriterion.equivalent_up_to_global_phase (import: 5.43ms, transpile: 1680.85ms, gates: {'OpType.Rz': 76, 'OpType.SX': 35, 'OpType.CX': 48})
  Run 4/5: EquivalenceCriterion.equivalent_up_to_global_phase (import: 5.18ms, transpile: 1748.97ms, gates: {'OpType.Rz': 76, 'OpType.SX': 35, 'OpType.CX': 48})
  Run 5/5: EquivalenceCriterion.equivalent_up_to_global_phase (import: 4.83ms, transpile: 1724.89ms, gates: {'OpType.Rz': 76, 'OpType.SX': 35, 'OpType.CX': 48})
Running 5 transpilation tests on qaoa_08...
  Run 1/5: EquivalenceCriterion.equivalent_up_to_global_phase (import: 6.63ms, transpile: 2636.80ms, gates: {'OpType.Rz': 90, 'OpType.SX': 40, 'OpType.CX': 56})
  Run 2/5: EquivalenceCriterion.equivalent_up_to_global_phase (import: 7.09ms, transpile: 1945.47ms, gates: {'OpType.Rz': 90, 'OpType.SX': 40, 'OpType.CX': 56})
  Run 3/5: EquivalenceCriterion.equivalent (import: 11.34ms, transpile: 2293.68ms, gates: {'OpType.Rz': 90, 'OpType.SX': 40, 'OpType.CX': 56})
  Run 4/5: EquivalenceCriterion.equivalent_up_to_global_phase (import: 14.78ms, transpile: 2178.41ms, gates: {'OpType.Rz': 90, 'OpType.SX': 40, 'OpType.CX': 56})
  Run 5/5: EquivalenceCriterion.equivalent_up_to_global_phase (import: 5.44ms, transpile: 2169.79ms, gates: {'OpType.Rz': 90, 'OpType.SX': 40, 'OpType.CX': 56})
Running 5 transpilation tests on qft_02...
  Run 1/5: EquivalenceCriterion.equivalent_up_to_global_phase (import: 3.27ms, transpile: 101.97ms, gates: {'OpType.Rz': 10, 'OpType.SX': 6, 'OpType.CX': 3, 'OpType.X': 1, 'OpType.Barrier': 1, 'OpType.Measure': 2})
  Run 2/5: EquivalenceCriterion.equivalent_up_to_global_phase (import: 2.63ms, transpile: 107.40ms, gates: {'OpType.Rz': 10, 'OpType.SX': 6, 'OpType.CX': 3, 'OpType.X': 1, 'OpType.Barrier': 1, 'OpType.Measure': 2})
  Run 3/5: EquivalenceCriterion.equivalent_up_to_global_phase (import: 4.02ms, transpile: 105.30ms, gates: {'OpType.Rz': 10, 'OpType.SX': 6, 'OpType.CX': 3, 'OpType.X': 1, 'OpType.Barrier': 1, 'OpType.Measure': 2})
  Run 4/5: EquivalenceCriterion.equivalent_up_to_global_phase (import: 3.21ms, transpile: 108.23ms, gates: {'OpType.Rz': 10, 'OpType.SX': 6, 'OpType.CX': 3, 'OpType.X': 1, 'OpType.Barrier': 1, 'OpType.Measure': 2})
  Run 5/5: EquivalenceCriterion.equivalent_up_to_global_phase (import: 3.28ms, transpile: 107.84ms, gates: {'OpType.Rz': 10, 'OpType.SX': 6, 'OpType.CX': 3, 'OpType.X': 1, 'OpType.Barrier': 1, 'OpType.Measure': 2})
Running 5 transpilation tests on qft_03...
  Run 1/5: EquivalenceCriterion.equivalent_up_to_global_phase (import: 5.03ms, transpile: 212.32ms, gates: {'OpType.Rz': 10, 'OpType.SX': 3, 'OpType.CX': 9, 'OpType.Barrier': 1, 'OpType.Measure': 3})
  Run 2/5: EquivalenceCriterion.equivalent_up_to_global_phase (import: 8.31ms, transpile: 189.37ms, gates: {'OpType.Rz': 10, 'OpType.SX': 3, 'OpType.CX': 9, 'OpType.Barrier': 1, 'OpType.Measure': 3})
  Run 3/5: EquivalenceCriterion.equivalent_up_to_global_phase (import: 6.09ms, transpile: 189.37ms, gates: {'OpType.Rz': 10, 'OpType.SX': 3, 'OpType.CX': 9, 'OpType.Barrier': 1, 'OpType.Measure': 3})
  Run 4/5: EquivalenceCriterion.equivalent_up_to_global_phase (import: 5.67ms, transpile: 192.21ms, gates: {'OpType.Rz': 10, 'OpType.SX': 3, 'OpType.CX': 9, 'OpType.Barrier': 1, 'OpType.Measure': 3})
  Run 5/5: EquivalenceCriterion.equivalent_up_to_global_phase (import: 5.68ms, transpile: 194.37ms, gates: {'OpType.Rz': 10, 'OpType.SX': 3, 'OpType.CX': 9, 'OpType.Barrier': 1, 'OpType.Measure': 3})
Running 5 transpilation tests on qft_04...
  Run 1/5: EquivalenceCriterion.equivalent_up_to_global_phase (import: 10.97ms, transpile: 471.59ms, gates: {'OpType.Rz': 17, 'OpType.SX': 4, 'OpType.CX': 18, 'OpType.Barrier': 1, 'OpType.Measure': 4})
  Run 2/5: EquivalenceCriterion.equivalent_up_to_global_phase (import: 9.61ms, transpile: 474.94ms, gates: {'OpType.Rz': 17, 'OpType.SX': 4, 'OpType.CX': 18, 'OpType.Barrier': 1, 'OpType.Measure': 4})
  Run 3/5: EquivalenceCriterion.equivalent_up_to_global_phase (import: 10.03ms, transpile: 474.44ms, gates: {'OpType.Rz': 17, 'OpType.SX': 4, 'OpType.CX': 18, 'OpType.Barrier': 1, 'OpType.Measure': 4})
  Run 4/5: EquivalenceCriterion.equivalent_up_to_global_phase (import: 9.49ms, transpile: 471.36ms, gates: {'OpType.Rz': 17, 'OpType.SX': 4, 'OpType.CX': 18, 'OpType.Barrier': 1, 'OpType.Measure': 4})
  Run 5/5: EquivalenceCriterion.equivalent_up_to_global_phase (import: 10.92ms, transpile: 499.11ms, gates: {'OpType.Rz': 17, 'OpType.SX': 4, 'OpType.CX': 18, 'OpType.Barrier': 1, 'OpType.Measure': 4})
Running 5 transpilation tests on qft_05...
  Run 1/5: EquivalenceCriterion.equivalent_up_to_global_phase (import: 17.68ms, transpile: 807.97ms, gates: {'OpType.Rz': 26, 'OpType.SX': 5, 'OpType.CX': 26, 'OpType.Barrier': 1, 'OpType.Measure': 5})
  Run 2/5: EquivalenceCriterion.equivalent_up_to_global_phase (import: 14.58ms, transpile: 705.79ms, gates: {'OpType.Rz': 26, 'OpType.SX': 5, 'OpType.CX': 26, 'OpType.Barrier': 1, 'OpType.Measure': 5})
  Run 3/5: EquivalenceCriterion.equivalent_up_to_global_phase (import: 17.54ms, transpile: 768.15ms, gates: {'OpType.Rz': 26, 'OpType.SX': 5, 'OpType.CX': 26, 'OpType.Barrier': 1, 'OpType.Measure': 5})
  Run 4/5: EquivalenceCriterion.equivalent_up_to_global_phase (import: 23.11ms, transpile: 695.51ms, gates: {'OpType.Rz': 26, 'OpType.SX': 5, 'OpType.CX': 26, 'OpType.Barrier': 1, 'OpType.Measure': 5})
  Run 5/5: EquivalenceCriterion.equivalent_up_to_global_phase (import: 16.15ms, transpile: 669.97ms, gates: {'OpType.Rz': 26, 'OpType.SX': 5, 'OpType.CX': 26, 'OpType.Barrier': 1, 'OpType.Measure': 5})
Running 5 transpilation tests on qft_06...
  Run 1/5: EquivalenceCriterion.equivalent_up_to_global_phase (import: 20.45ms, transpile: 1175.44ms, gates: {'OpType.Rz': 37, 'OpType.SX': 6, 'OpType.CX': 39, 'OpType.Barrier': 1, 'OpType.Measure': 6})
  Run 2/5: EquivalenceCriterion.equivalent_up_to_global_phase (import: 23.86ms, transpile: 1169.75ms, gates: {'OpType.Rz': 37, 'OpType.SX': 6, 'OpType.CX': 39, 'OpType.Barrier': 1, 'OpType.Measure': 6})
  Run 3/5: EquivalenceCriterion.equivalent_up_to_global_phase (import: 302.39ms, transpile: 1106.63ms, gates: {'OpType.Rz': 37, 'OpType.SX': 6, 'OpType.CX': 39, 'OpType.Barrier': 1, 'OpType.Measure': 6})
  Run 4/5: EquivalenceCriterion.equivalent_up_to_global_phase (import: 21.39ms, transpile: 1088.73ms, gates: {'OpType.Rz': 37, 'OpType.SX': 6, 'OpType.CX': 39, 'OpType.Barrier': 1, 'OpType.Measure': 6})
  Run 5/5: EquivalenceCriterion.equivalent_up_to_global_phase (import: 22.53ms, transpile: 1157.12ms, gates: {'OpType.Rz': 37, 'OpType.SX': 6, 'OpType.CX': 39, 'OpType.Barrier': 1, 'OpType.Measure': 6})
Running 5 transpilation tests on qft_07...
  Run 1/5: EquivalenceCriterion.equivalent_up_to_global_phase (import: 34.02ms, transpile: 1444.65ms, gates: {'OpType.Rz': 50, 'OpType.SX': 7, 'OpType.CX': 51, 'OpType.Barrier': 1, 'OpType.Measure': 7})
  Run 2/5: EquivalenceCriterion.equivalent_up_to_global_phase (import: 32.87ms, transpile: 1441.46ms, gates: {'OpType.Rz': 50, 'OpType.SX': 7, 'OpType.CX': 51, 'OpType.Barrier': 1, 'OpType.Measure': 7})
  Run 3/5: EquivalenceCriterion.equivalent_up_to_global_phase (import: 33.55ms, transpile: 1458.55ms, gates: {'OpType.Rz': 50, 'OpType.SX': 7, 'OpType.CX': 51, 'OpType.Barrier': 1, 'OpType.Measure': 7})
  Run 4/5: EquivalenceCriterion.equivalent_up_to_global_phase (import: 29.96ms, transpile: 1421.34ms, gates: {'OpType.Rz': 50, 'OpType.SX': 7, 'OpType.CX': 51, 'OpType.Barrier': 1, 'OpType.Measure': 7})
  Run 5/5: EquivalenceCriterion.equivalent_up_to_global_phase (import: 36.59ms, transpile: 1437.49ms, gates: {'OpType.Rz': 50, 'OpType.SX': 7, 'OpType.CX': 51, 'OpType.Barrier': 1, 'OpType.Measure': 7})
Running 5 transpilation tests on qft_08...
  Run 1/5: EquivalenceCriterion.equivalent_up_to_global_phase (import: 42.74ms, transpile: 2110.35ms, gates: {'OpType.Rz': 65, 'OpType.SX': 8, 'OpType.CX': 68, 'OpType.Barrier': 1, 'OpType.Measure': 8})
  Run 2/5: EquivalenceCriterion.equivalent_up_to_global_phase (import: 50.10ms, transpile: 2182.03ms, gates: {'OpType.Rz': 65, 'OpType.SX': 8, 'OpType.CX': 68, 'OpType.Barrier': 1, 'OpType.Measure': 8})
  Run 3/5: EquivalenceCriterion.equivalent_up_to_global_phase (import: 42.52ms, transpile: 2146.29ms, gates: {'OpType.Rz': 65, 'OpType.SX': 8, 'OpType.CX': 68, 'OpType.Barrier': 1, 'OpType.Measure': 8})
  Run 4/5: EquivalenceCriterion.equivalent_up_to_global_phase (import: 38.98ms, transpile: 2086.84ms, gates: {'OpType.Rz': 65, 'OpType.SX': 8, 'OpType.CX': 68, 'OpType.Barrier': 1, 'OpType.Measure': 8})
  Run 5/5: EquivalenceCriterion.equivalent_up_to_global_phase (import: 44.78ms, transpile: 2246.02ms, gates: {'OpType.Rz': 65, 'OpType.SX': 8, 'OpType.CX': 68, 'OpType.Barrier': 1, 'OpType.Measure': 8})
Running 5 transpilation tests on randomcircuit_02...
  Run 1/5: EquivalenceCriterion.equivalent_up_to_global_phase (import: 4.39ms, transpile: 124.08ms, gates: {'OpType.Rz': 12, 'OpType.SX': 10, 'OpType.CX': 2, 'OpType.Barrier': 1, 'OpType.Measure': 2})
  Run 2/5: EquivalenceCriterion.equivalent_up_to_global_phase (import: 3.25ms, transpile: 103.14ms, gates: {'OpType.Rz': 12, 'OpType.SX': 10, 'OpType.CX': 2, 'OpType.Barrier': 1, 'OpType.Measure': 2})
  Run 3/5: EquivalenceCriterion.equivalent_up_to_global_phase (import: 3.01ms, transpile: 101.52ms, gates: {'OpType.Rz': 12, 'OpType.SX': 10, 'OpType.CX': 2, 'OpType.Barrier': 1, 'OpType.Measure': 2})
  Run 4/5: EquivalenceCriterion.equivalent_up_to_global_phase (import: 3.57ms, transpile: 123.17ms, gates: {'OpType.Rz': 12, 'OpType.SX': 10, 'OpType.CX': 2, 'OpType.Barrier': 1, 'OpType.Measure': 2})
  Run 5/5: EquivalenceCriterion.equivalent_up_to_global_phase (import: 3.02ms, transpile: 114.32ms, gates: {'OpType.Rz': 12, 'OpType.SX': 10, 'OpType.CX': 2, 'OpType.Barrier': 1, 'OpType.Measure': 2})
Running 5 transpilation tests on randomcircuit_03...
  Run 1/5: EquivalenceCriterion.equivalent_up_to_global_phase (import: 3.57ms, transpile: 466.94ms, gates: {'OpType.Rz': 57, 'OpType.SX': 38, 'OpType.CX': 19, 'OpType.Barrier': 1, 'OpType.Measure': 3})
The ZX checker suggests that the circuits are not equivalent, but the simulation checker suggests that they are probably equivalent. Thus, no conclusion can be drawn.
  Run 2/5: EquivalenceCriterion.no_information (import: 3.22ms, transpile: 427.93ms, gates: {'OpType.Rz': 57, 'OpType.SX': 38, 'OpType.CX': 19, 'OpType.Barrier': 1, 'OpType.Measure': 3})
The ZX checker suggests that the circuits are not equivalent, but the simulation checker suggests that they are probably equivalent. Thus, no conclusion can be drawn.
  Run 3/5: EquivalenceCriterion.no_information (import: 3.25ms, transpile: 407.89ms, gates: {'OpType.Rz': 57, 'OpType.SX': 38, 'OpType.CX': 19, 'OpType.Barrier': 1, 'OpType.Measure': 3})
  Run 4/5: EquivalenceCriterion.equivalent_up_to_global_phase (import: 3.36ms, transpile: 419.28ms, gates: {'OpType.Rz': 57, 'OpType.SX': 38, 'OpType.CX': 19, 'OpType.Barrier': 1, 'OpType.Measure': 3})
  Run 5/5: EquivalenceCriterion.equivalent_up_to_global_phase (import: 2.68ms, transpile: 449.43ms, gates: {'OpType.Rz': 57, 'OpType.SX': 38, 'OpType.CX': 19, 'OpType.Barrier': 1, 'OpType.Measure': 3})
Running 5 transpilation tests on randomcircuit_04...
  Run 1/5: EquivalenceCriterion.equivalent_up_to_global_phase (import: 9.64ms, transpile: 1560.42ms, gates: {'OpType.Rz': 58, 'OpType.X': 2, 'OpType.CX': 41, 'OpType.SX': 12, 'OpType.Barrier': 1, 'OpType.Measure': 4})
  Run 2/5: EquivalenceCriterion.equivalent_up_to_global_phase (import: 9.80ms, transpile: 1570.68ms, gates: {'OpType.Rz': 58, 'OpType.X': 2, 'OpType.CX': 41, 'OpType.SX': 12, 'OpType.Barrier': 1, 'OpType.Measure': 4})
  Run 3/5: EquivalenceCriterion.equivalent_up_to_global_phase (import: 11.18ms, transpile: 1600.17ms, gates: {'OpType.Rz': 58, 'OpType.X': 2, 'OpType.CX': 41, 'OpType.SX': 12, 'OpType.Barrier': 1, 'OpType.Measure': 4})
  Run 4/5: EquivalenceCriterion.equivalent_up_to_global_phase (import: 12.69ms, transpile: 1516.65ms, gates: {'OpType.Rz': 58, 'OpType.X': 2, 'OpType.CX': 41, 'OpType.SX': 12, 'OpType.Barrier': 1, 'OpType.Measure': 4})
  Run 5/5: EquivalenceCriterion.equivalent_up_to_global_phase (import: 11.35ms, transpile: 1845.07ms, gates: {'OpType.Rz': 58, 'OpType.X': 2, 'OpType.CX': 41, 'OpType.SX': 12, 'OpType.Barrier': 1, 'OpType.Measure': 4})
Running 5 transpilation tests on randomcircuit_05...
  Run 1/5: EquivalenceCriterion.equivalent_up_to_global_phase (import: 22.47ms, transpile: 2498.94ms, gates: {'OpType.Rz': 78, 'OpType.X': 6, 'OpType.CX': 58, 'OpType.SX': 22, 'OpType.Barrier': 1, 'OpType.Measure': 5})
  Run 2/5: EquivalenceCriterion.equivalent_up_to_global_phase (import: 15.43ms, transpile: 2298.31ms, gates: {'OpType.Rz': 78, 'OpType.X': 6, 'OpType.CX': 58, 'OpType.SX': 22, 'OpType.Barrier': 1, 'OpType.Measure': 5})
  Run 3/5: EquivalenceCriterion.equivalent_up_to_global_phase (import: 17.64ms, transpile: 2056.70ms, gates: {'OpType.Rz': 78, 'OpType.X': 6, 'OpType.CX': 58, 'OpType.SX': 22, 'OpType.Barrier': 1, 'OpType.Measure': 5})
  Run 4/5: EquivalenceCriterion.equivalent_up_to_global_phase (import: 13.86ms, transpile: 2114.41ms, gates: {'OpType.Rz': 78, 'OpType.X': 6, 'OpType.CX': 58, 'OpType.SX': 22, 'OpType.Barrier': 1, 'OpType.Measure': 5})
  Run 5/5: EquivalenceCriterion.equivalent_up_to_global_phase (import: 13.03ms, transpile: 2008.81ms, gates: {'OpType.Rz': 78, 'OpType.X': 6, 'OpType.CX': 58, 'OpType.SX': 22, 'OpType.Barrier': 1, 'OpType.Measure': 5})
Running 5 transpilation tests on randomcircuit_06...
  Run 1/5: EquivalenceCriterion.equivalent_up_to_global_phase (import: 16.08ms, transpile: 3813.07ms, gates: {'OpType.SX': 42, 'OpType.Rz': 132, 'OpType.X': 5, 'OpType.CX': 94, 'OpType.Barrier': 1, 'OpType.Measure': 6})
  Run 2/5: EquivalenceCriterion.equivalent_up_to_global_phase (import: 17.04ms, transpile: 3869.22ms, gates: {'OpType.SX': 42, 'OpType.Rz': 132, 'OpType.X': 5, 'OpType.CX': 94, 'OpType.Barrier': 1, 'OpType.Measure': 6})
  Run 3/5: EquivalenceCriterion.equivalent_up_to_global_phase (import: 14.92ms, transpile: 3903.22ms, gates: {'OpType.SX': 42, 'OpType.Rz': 132, 'OpType.X': 5, 'OpType.CX': 94, 'OpType.Barrier': 1, 'OpType.Measure': 6})
  Run 4/5: EquivalenceCriterion.equivalent_up_to_global_phase (import: 15.18ms, transpile: 3726.60ms, gates: {'OpType.SX': 42, 'OpType.Rz': 132, 'OpType.X': 5, 'OpType.CX': 94, 'OpType.Barrier': 1, 'OpType.Measure': 6})
  Run 5/5: EquivalenceCriterion.equivalent_up_to_global_phase (import: 15.43ms, transpile: 3760.14ms, gates: {'OpType.SX': 42, 'OpType.Rz': 132, 'OpType.X': 5, 'OpType.CX': 94, 'OpType.Barrier': 1, 'OpType.Measure': 6})
Running 5 transpilation tests on randomcircuit_07...
  Run 1/5: EquivalenceCriterion.equivalent_up_to_global_phase (import: 21.89ms, transpile: 5157.07ms, gates: {'OpType.Rz': 196, 'OpType.CX': 145, 'OpType.X': 10, 'OpType.SX': 57, 'OpType.Barrier': 1, 'OpType.Measure': 7})
  Run 2/5: EquivalenceCriterion.equivalent_up_to_global_phase (import: 26.29ms, transpile: 5014.49ms, gates: {'OpType.Rz': 196, 'OpType.CX': 145, 'OpType.X': 10, 'OpType.SX': 57, 'OpType.Barrier': 1, 'OpType.Measure': 7})
  Run 3/5: EquivalenceCriterion.equivalent_up_to_global_phase (import: 27.46ms, transpile: 5080.63ms, gates: {'OpType.Rz': 196, 'OpType.CX': 145, 'OpType.X': 10, 'OpType.SX': 57, 'OpType.Barrier': 1, 'OpType.Measure': 7})
  Run 4/5: EquivalenceCriterion.equivalent_up_to_global_phase (import: 23.15ms, transpile: 5024.06ms, gates: {'OpType.Rz': 196, 'OpType.CX': 145, 'OpType.X': 10, 'OpType.SX': 57, 'OpType.Barrier': 1, 'OpType.Measure': 7})
  Run 5/5: EquivalenceCriterion.equivalent_up_to_global_phase (import: 20.70ms, transpile: 5035.59ms, gates: {'OpType.Rz': 196, 'OpType.CX': 145, 'OpType.X': 10, 'OpType.SX': 57, 'OpType.Barrier': 1, 'OpType.Measure': 7})
Running 5 transpilation tests on randomcircuit_08...
  Run 1/5: EquivalenceCriterion.equivalent_up_to_global_phase (import: 29.39ms, transpile: 7286.60ms, gates: {'OpType.Rz': 274, 'OpType.CX': 208, 'OpType.SX': 79, 'OpType.X': 35, 'OpType.Barrier': 1, 'OpType.Measure': 8})
  Run 2/5: EquivalenceCriterion.equivalent_up_to_global_phase (import: 29.91ms, transpile: 7553.07ms, gates: {'OpType.Rz': 274, 'OpType.CX': 208, 'OpType.SX': 79, 'OpType.X': 35, 'OpType.Barrier': 1, 'OpType.Measure': 8})
  Run 3/5: EquivalenceCriterion.equivalent_up_to_global_phase (import: 29.99ms, transpile: 7489.46ms, gates: {'OpType.Rz': 274, 'OpType.CX': 208, 'OpType.SX': 79, 'OpType.X': 35, 'OpType.Barrier': 1, 'OpType.Measure': 8})
  Run 4/5: EquivalenceCriterion.equivalent_up_to_global_phase (import: 28.20ms, transpile: 7522.22ms, gates: {'OpType.Rz': 274, 'OpType.CX': 208, 'OpType.SX': 79, 'OpType.X': 35, 'OpType.Barrier': 1, 'OpType.Measure': 8})
  Run 5/5: EquivalenceCriterion.equivalent_up_to_global_phase (import: 41.58ms, transpile: 7257.87ms, gates: {'OpType.Rz': 274, 'OpType.CX': 208, 'OpType.SX': 79, 'OpType.X': 35, 'OpType.Barrier': 1, 'OpType.Measure': 8})
Running 5 transpilation tests on vqe_real_amp_02...
  Run 1/5: EquivalenceCriterion.equivalent_up_to_global_phase (import: 1.95ms, transpile: 99.03ms, gates: {'OpType.SX': 16, 'OpType.Rz': 16, 'OpType.CX': 3, 'OpType.Barrier': 1, 'OpType.Measure': 2})
  Run 2/5: EquivalenceCriterion.equivalent_up_to_global_phase (import: 1.78ms, transpile: 97.40ms, gates: {'OpType.SX': 16, 'OpType.Rz': 16, 'OpType.CX': 3, 'OpType.Barrier': 1, 'OpType.Measure': 2})
  Run 3/5: EquivalenceCriterion.equivalent_up_to_global_phase (import: 1.84ms, transpile: 93.30ms, gates: {'OpType.SX': 16, 'OpType.Rz': 16, 'OpType.CX': 3, 'OpType.Barrier': 1, 'OpType.Measure': 2})
  Run 4/5: EquivalenceCriterion.equivalent_up_to_global_phase (import: 1.71ms, transpile: 99.32ms, gates: {'OpType.SX': 16, 'OpType.Rz': 16, 'OpType.CX': 3, 'OpType.Barrier': 1, 'OpType.Measure': 2})
  Run 5/5: EquivalenceCriterion.equivalent_up_to_global_phase (import: 1.77ms, transpile: 92.78ms, gates: {'OpType.SX': 16, 'OpType.Rz': 16, 'OpType.CX': 3, 'OpType.Barrier': 1, 'OpType.Measure': 2})
Running 5 transpilation tests on vqe_real_amp_03...
  Run 1/5: EquivalenceCriterion.equivalent_up_to_global_phase (import: 2.54ms, transpile: 212.40ms, gates: {'OpType.SX': 24, 'OpType.Rz': 24, 'OpType.CX': 6, 'OpType.Barrier': 1, 'OpType.Measure': 3})
  Run 2/5: EquivalenceCriterion.equivalent_up_to_global_phase (import: 2.83ms, transpile: 201.54ms, gates: {'OpType.SX': 24, 'OpType.Rz': 24, 'OpType.CX': 6, 'OpType.Barrier': 1, 'OpType.Measure': 3})
  Run 3/5: EquivalenceCriterion.equivalent_up_to_global_phase (import: 3.10ms, transpile: 207.12ms, gates: {'OpType.SX': 24, 'OpType.Rz': 24, 'OpType.CX': 6, 'OpType.Barrier': 1, 'OpType.Measure': 3})
  Run 4/5: EquivalenceCriterion.equivalent_up_to_global_phase (import: 2.50ms, transpile: 216.49ms, gates: {'OpType.SX': 24, 'OpType.Rz': 24, 'OpType.CX': 6, 'OpType.Barrier': 1, 'OpType.Measure': 3})
  Run 5/5: EquivalenceCriterion.equivalent_up_to_global_phase (import: 2.38ms, transpile: 216.39ms, gates: {'OpType.SX': 24, 'OpType.Rz': 24, 'OpType.CX': 6, 'OpType.Barrier': 1, 'OpType.Measure': 3})
Running 5 transpilation tests on vqe_real_amp_04...
  Run 1/5: EquivalenceCriterion.equivalent_up_to_global_phase (import: 3.12ms, transpile: 417.97ms, gates: {'OpType.SX': 32, 'OpType.Rz': 32, 'OpType.CX': 9, 'OpType.Barrier': 1, 'OpType.Measure': 4})
  Run 2/5: EquivalenceCriterion.equivalent_up_to_global_phase (import: 3.39ms, transpile: 426.77ms, gates: {'OpType.SX': 32, 'OpType.Rz': 32, 'OpType.CX': 9, 'OpType.Barrier': 1, 'OpType.Measure': 4})
  Run 3/5: EquivalenceCriterion.equivalent_up_to_global_phase (import: 3.18ms, transpile: 402.05ms, gates: {'OpType.SX': 32, 'OpType.Rz': 32, 'OpType.CX': 9, 'OpType.Barrier': 1, 'OpType.Measure': 4})
  Run 4/5: EquivalenceCriterion.equivalent_up_to_global_phase (import: 3.51ms, transpile: 406.53ms, gates: {'OpType.SX': 32, 'OpType.Rz': 32, 'OpType.CX': 9, 'OpType.Barrier': 1, 'OpType.Measure': 4})
  Run 5/5: EquivalenceCriterion.equivalent_up_to_global_phase (import: 3.45ms, transpile: 417.22ms, gates: {'OpType.SX': 32, 'OpType.Rz': 32, 'OpType.CX': 9, 'OpType.Barrier': 1, 'OpType.Measure': 4})
Running 5 transpilation tests on vqe_real_amp_05...
  Run 1/5: EquivalenceCriterion.equivalent_up_to_global_phase (import: 3.53ms, transpile: 638.08ms, gates: {'OpType.SX': 40, 'OpType.Rz': 40, 'OpType.CX': 12, 'OpType.Barrier': 1, 'OpType.Measure': 5})
  Run 2/5: EquivalenceCriterion.equivalent_up_to_global_phase (import: 3.72ms, transpile: 615.83ms, gates: {'OpType.SX': 40, 'OpType.Rz': 40, 'OpType.CX': 12, 'OpType.Barrier': 1, 'OpType.Measure': 5})
  Run 3/5: EquivalenceCriterion.equivalent_up_to_global_phase (import: 3.60ms, transpile: 635.94ms, gates: {'OpType.SX': 40, 'OpType.Rz': 40, 'OpType.CX': 12, 'OpType.Barrier': 1, 'OpType.Measure': 5})
  Run 4/5: EquivalenceCriterion.equivalent_up_to_global_phase (import: 4.16ms, transpile: 625.97ms, gates: {'OpType.SX': 40, 'OpType.Rz': 40, 'OpType.CX': 12, 'OpType.Barrier': 1, 'OpType.Measure': 5})
  Run 5/5: EquivalenceCriterion.equivalent_up_to_global_phase (import: 4.38ms, transpile: 628.70ms, gates: {'OpType.SX': 40, 'OpType.Rz': 40, 'OpType.CX': 12, 'OpType.Barrier': 1, 'OpType.Measure': 5})
Running 5 transpilation tests on vqe_real_amp_06...
  Run 1/5: EquivalenceCriterion.equivalent_up_to_global_phase (import: 4.39ms, transpile: 781.09ms, gates: {'OpType.SX': 48, 'OpType.Rz': 48, 'OpType.CX': 15, 'OpType.Barrier': 1, 'OpType.Measure': 6})
  Run 2/5: EquivalenceCriterion.equivalent_up_to_global_phase (import: 4.43ms, transpile: 787.94ms, gates: {'OpType.SX': 48, 'OpType.Rz': 48, 'OpType.CX': 15, 'OpType.Barrier': 1, 'OpType.Measure': 6})
  Run 3/5: EquivalenceCriterion.equivalent_up_to_global_phase (import: 6.88ms, transpile: 811.04ms, gates: {'OpType.SX': 48, 'OpType.Rz': 48, 'OpType.CX': 15, 'OpType.Barrier': 1, 'OpType.Measure': 6})
  Run 4/5: EquivalenceCriterion.equivalent_up_to_global_phase (import: 5.97ms, transpile: 855.23ms, gates: {'OpType.SX': 48, 'OpType.Rz': 48, 'OpType.CX': 15, 'OpType.Barrier': 1, 'OpType.Measure': 6})
  Run 5/5: EquivalenceCriterion.equivalent_up_to_global_phase (import: 5.21ms, transpile: 779.58ms, gates: {'OpType.SX': 48, 'OpType.Rz': 48, 'OpType.CX': 15, 'OpType.Barrier': 1, 'OpType.Measure': 6})
Running 5 transpilation tests on vqe_real_amp_07...
  Run 1/5: EquivalenceCriterion.equivalent_up_to_global_phase (import: 8.26ms, transpile: 1045.15ms, gates: {'OpType.SX': 56, 'OpType.Rz': 56, 'OpType.CX': 18, 'OpType.Barrier': 1, 'OpType.Measure': 7})
  Run 2/5: EquivalenceCriterion.equivalent_up_to_global_phase (import: 6.90ms, transpile: 1043.68ms, gates: {'OpType.SX': 56, 'OpType.Rz': 56, 'OpType.CX': 18, 'OpType.Barrier': 1, 'OpType.Measure': 7})
  Run 3/5: EquivalenceCriterion.equivalent_up_to_global_phase (import: 5.29ms, transpile: 1035.37ms, gates: {'OpType.SX': 56, 'OpType.Rz': 56, 'OpType.CX': 18, 'OpType.Barrier': 1, 'OpType.Measure': 7})
  Run 4/5: EquivalenceCriterion.equivalent (import: 5.23ms, transpile: 1054.48ms, gates: {'OpType.SX': 56, 'OpType.Rz': 56, 'OpType.CX': 18, 'OpType.Barrier': 1, 'OpType.Measure': 7})
  Run 5/5: EquivalenceCriterion.equivalent (import: 5.56ms, transpile: 1008.02ms, gates: {'OpType.SX': 56, 'OpType.Rz': 56, 'OpType.CX': 18, 'OpType.Barrier': 1, 'OpType.Measure': 7})
Running 5 transpilation tests on vqe_real_amp_08...
  Run 1/5: EquivalenceCriterion.equivalent_up_to_global_phase (import: 8.86ms, transpile: 1211.76ms, gates: {'OpType.SX': 64, 'OpType.Rz': 64, 'OpType.CX': 21, 'OpType.Barrier': 1, 'OpType.Measure': 8})
  Run 2/5: EquivalenceCriterion.equivalent_up_to_global_phase (import: 7.46ms, transpile: 1186.48ms, gates: {'OpType.SX': 64, 'OpType.Rz': 64, 'OpType.CX': 21, 'OpType.Barrier': 1, 'OpType.Measure': 8})
  Run 3/5: EquivalenceCriterion.equivalent_up_to_global_phase (import: 6.61ms, transpile: 1121.71ms, gates: {'OpType.SX': 64, 'OpType.Rz': 64, 'OpType.CX': 21, 'OpType.Barrier': 1, 'OpType.Measure': 8})
  Run 4/5: EquivalenceCriterion.equivalent_up_to_global_phase (import: 5.77ms, transpile: 1165.80ms, gates: {'OpType.SX': 64, 'OpType.Rz': 64, 'OpType.CX': 21, 'OpType.Barrier': 1, 'OpType.Measure': 8})
  Run 5/5: EquivalenceCriterion.equivalent_up_to_global_phase (import: 6.02ms, transpile: 1166.78ms, gates: {'OpType.SX': 64, 'OpType.Rz': 64, 'OpType.CX': 21, 'OpType.Barrier': 1, 'OpType.Measure': 8})
Failed to extract qubits: Unexpected token Token('INAM', 'recent') at line 1, column 17.
Expected one of:
	* STAR
	* COMMA
	* SLASH
	* RPAR
	* PLUS
	* MINUS
	* "**"
Previous tokens: [Token('ARG', 'most')]

Running 5 transpilation tests on hhl_02...
  Run 1/5: FAILED - Import failed: Unexpected token Token('INAM', 'recent') at line 1, column 17.
Expected one of:
	* STAR
	* COMMA
	* SLASH
	* RPAR
	* PLUS
	* MINUS
	* "**"
Previous tokens: [Token('ARG', 'most')]

  Run 2/5: FAILED - Import failed: Unexpected token Token('INAM', 'recent') at line 1, column 17.
Expected one of:
	* STAR
	* COMMA
	* SLASH
	* RPAR
	* PLUS
	* MINUS
	* "**"
Previous tokens: [Token('ARG', 'most')]

  Run 3/5: FAILED - Import failed: Unexpected token Token('INAM', 'recent') at line 1, column 17.
Expected one of:
	* STAR
	* COMMA
	* SLASH
	* RPAR
	* PLUS
	* MINUS
	* "**"
Previous tokens: [Token('ARG', 'most')]

  Run 4/5: FAILED - Import failed: Unexpected token Token('INAM', 'recent') at line 1, column 17.
Expected one of:
	* STAR
	* COMMA
	* SLASH
	* RPAR
	* PLUS
	* MINUS
	* "**"
Previous tokens: [Token('ARG', 'most')]

  Run 5/5: FAILED - Import failed: Unexpected token Token('INAM', 'recent') at line 1, column 17.
Expected one of:
	* STAR
	* COMMA
	* SLASH
	* RPAR
	* PLUS
	* MINUS
	* "**"
Previous tokens: [Token('ARG', 'most')]

Running 5 transpilation tests on hhl_03...
  Run 1/5: EquivalenceCriterion.equivalent_up_to_global_phase (import: 2.83ms, transpile: 239.10ms, gates: {'OpType.SX': 8, 'OpType.Rz': 13, 'OpType.X': 1, 'OpType.CX': 6, 'OpType.Measure': 1})
  Run 2/5: EquivalenceCriterion.equivalent_up_to_global_phase (import: 3.01ms, transpile: 215.88ms, gates: {'OpType.SX': 8, 'OpType.Rz': 13, 'OpType.X': 1, 'OpType.CX': 6, 'OpType.Measure': 1})
  Run 3/5: EquivalenceCriterion.equivalent_up_to_global_phase (import: 2.78ms, transpile: 240.61ms, gates: {'OpType.SX': 8, 'OpType.Rz': 13, 'OpType.X': 1, 'OpType.CX': 6, 'OpType.Measure': 1})
  Run 4/5: EquivalenceCriterion.equivalent_up_to_global_phase (import: 3.85ms, transpile: 227.83ms, gates: {'OpType.SX': 8, 'OpType.Rz': 13, 'OpType.X': 1, 'OpType.CX': 6, 'OpType.Measure': 1})
  Run 5/5: EquivalenceCriterion.equivalent_up_to_global_phase (import: 2.82ms, transpile: 234.17ms, gates: {'OpType.SX': 8, 'OpType.Rz': 13, 'OpType.X': 1, 'OpType.CX': 6, 'OpType.Measure': 1})
Running 5 transpilation tests on hhl_04...
  Run 1/5: EquivalenceCriterion.equivalent_up_to_global_phase (import: 7.12ms, transpile: 691.62ms, gates: {'OpType.Rz': 36, 'OpType.SX': 19, 'OpType.CX': 17, 'OpType.X': 5, 'OpType.Measure': 1})
  Run 2/5: EquivalenceCriterion.equivalent_up_to_global_phase (import: 10.95ms, transpile: 742.03ms, gates: {'OpType.Rz': 36, 'OpType.SX': 19, 'OpType.CX': 17, 'OpType.X': 5, 'OpType.Measure': 1})
  Run 3/5: EquivalenceCriterion.equivalent_up_to_global_phase (import: 9.84ms, transpile: 686.53ms, gates: {'OpType.Rz': 36, 'OpType.SX': 19, 'OpType.CX': 17, 'OpType.X': 5, 'OpType.Measure': 1})
  Run 4/5: EquivalenceCriterion.equivalent_up_to_global_phase (import: 7.74ms, transpile: 662.16ms, gates: {'OpType.Rz': 36, 'OpType.SX': 19, 'OpType.CX': 17, 'OpType.X': 5, 'OpType.Measure': 1})
  Run 5/5: EquivalenceCriterion.equivalent_up_to_global_phase (import: 10.23ms, transpile: 765.43ms, gates: {'OpType.Rz': 36, 'OpType.SX': 19, 'OpType.CX': 17, 'OpType.X': 5, 'OpType.Measure': 1})
Running 5 transpilation tests on hhl_05...
  Run 1/5: EquivalenceCriterion.equivalent_up_to_global_phase (import: 30.63ms, transpile: 1453.33ms, gates: {'OpType.Rz': 49, 'OpType.X': 1, 'OpType.SX': 16, 'OpType.CX': 34, 'OpType.Measure': 1})
  Run 2/5: EquivalenceCriterion.equivalent_up_to_global_phase (import: 18.90ms, transpile: 1413.02ms, gates: {'OpType.Rz': 49, 'OpType.X': 1, 'OpType.SX': 16, 'OpType.CX': 34, 'OpType.Measure': 1})
  Run 3/5: EquivalenceCriterion.equivalent_up_to_global_phase (import: 17.63ms, transpile: 1489.68ms, gates: {'OpType.Rz': 49, 'OpType.X': 1, 'OpType.SX': 16, 'OpType.CX': 34, 'OpType.Measure': 1})
  Run 4/5: EquivalenceCriterion.equivalent_up_to_global_phase (import: 18.41ms, transpile: 1341.91ms, gates: {'OpType.Rz': 49, 'OpType.X': 1, 'OpType.SX': 16, 'OpType.CX': 34, 'OpType.Measure': 1})
  Run 5/5: EquivalenceCriterion.equivalent_up_to_global_phase (import: 22.61ms, transpile: 1254.82ms, gates: {'OpType.Rz': 49, 'OpType.X': 1, 'OpType.SX': 16, 'OpType.CX': 34, 'OpType.Measure': 1})
Running 5 transpilation tests on hhl_06...
  Run 1/5: EquivalenceCriterion.equivalent_up_to_global_phase (import: 27.77ms, transpile: 1992.18ms, gates: {'OpType.Rz': 74, 'OpType.X': 4, 'OpType.SX': 22, 'OpType.CX': 56, 'OpType.Measure': 1})
  Run 2/5: EquivalenceCriterion.equivalent_up_to_global_phase (import: 22.10ms, transpile: 2041.71ms, gates: {'OpType.Rz': 74, 'OpType.X': 4, 'OpType.SX': 22, 'OpType.CX': 56, 'OpType.Measure': 1})
  Run 3/5: EquivalenceCriterion.equivalent_up_to_global_phase (import: 22.31ms, transpile: 1967.45ms, gates: {'OpType.Rz': 74, 'OpType.X': 4, 'OpType.SX': 22, 'OpType.CX': 56, 'OpType.Measure': 1})
  Run 4/5: EquivalenceCriterion.equivalent_up_to_global_phase (import: 34.40ms, transpile: 2136.46ms, gates: {'OpType.Rz': 74, 'OpType.X': 4, 'OpType.SX': 22, 'OpType.CX': 56, 'OpType.Measure': 1})
  Run 5/5: EquivalenceCriterion.equivalent_up_to_global_phase (import: 27.44ms, transpile: 2014.22ms, gates: {'OpType.Rz': 74, 'OpType.X': 4, 'OpType.SX': 22, 'OpType.CX': 56, 'OpType.Measure': 1})
Running 5 transpilation tests on hhl_07...
  Run 1/5: EquivalenceCriterion.equivalent_up_to_global_phase (import: 40.11ms, transpile: 2830.39ms, gates: {'OpType.Rz': 99, 'OpType.X': 1, 'OpType.SX': 24, 'OpType.CX': 78, 'OpType.Measure': 1})
  Run 2/5: EquivalenceCriterion.equivalent_up_to_global_phase (import: 328.57ms, transpile: 2896.26ms, gates: {'OpType.Rz': 99, 'OpType.X': 1, 'OpType.SX': 24, 'OpType.CX': 78, 'OpType.Measure': 1})
  Run 3/5: EquivalenceCriterion.equivalent_up_to_global_phase (import: 33.15ms, transpile: 2541.66ms, gates: {'OpType.Rz': 99, 'OpType.X': 1, 'OpType.SX': 24, 'OpType.CX': 78, 'OpType.Measure': 1})
  Run 4/5: EquivalenceCriterion.equivalent_up_to_global_phase (import: 38.17ms, transpile: 2703.16ms, gates: {'OpType.Rz': 99, 'OpType.X': 1, 'OpType.SX': 24, 'OpType.CX': 78, 'OpType.Measure': 1})
  Run 5/5: EquivalenceCriterion.equivalent_up_to_global_phase (import: 34.05ms, transpile: 2642.92ms, gates: {'OpType.Rz': 99, 'OpType.X': 1, 'OpType.SX': 24, 'OpType.CX': 78, 'OpType.Measure': 1})
Running 5 transpilation tests on hhl_08...
  Run 1/5: EquivalenceCriterion.equivalent_up_to_global_phase (import: 49.74ms, transpile: 3701.46ms, gates: {'OpType.Rz': 132, 'OpType.X': 4, 'OpType.SX': 30, 'OpType.CX': 108, 'OpType.Measure': 1})
  Run 2/5: EquivalenceCriterion.equivalent_up_to_global_phase (import: 61.60ms, transpile: 3824.82ms, gates: {'OpType.Rz': 132, 'OpType.X': 4, 'OpType.SX': 30, 'OpType.CX': 108, 'OpType.Measure': 1})
  Run 3/5: EquivalenceCriterion.equivalent_up_to_global_phase (import: 66.27ms, transpile: 4145.80ms, gates: {'OpType.Rz': 132, 'OpType.X': 4, 'OpType.SX': 30, 'OpType.CX': 108, 'OpType.Measure': 1})
  Run 4/5: EquivalenceCriterion.equivalent_up_to_global_phase (import: 52.35ms, transpile: 4212.81ms, gates: {'OpType.Rz': 132, 'OpType.X': 4, 'OpType.SX': 30, 'OpType.CX': 108, 'OpType.Measure': 1})
  Run 5/5: EquivalenceCriterion.equivalent_up_to_global_phase (import: 56.78ms, transpile: 3903.34ms, gates: {'OpType.Rz': 132, 'OpType.X': 4, 'OpType.SX': 30, 'OpType.CX': 108, 'OpType.Measure': 1})
Running 5 transpilation tests on grover_02...
  Run 1/5: EquivalenceCriterion.equivalent_up_to_global_phase (import: 4.04ms, transpile: 49.98ms, gates: {'OpType.Rz': 6, 'OpType.SX': 3, 'OpType.CX': 1, 'OpType.Barrier': 1, 'OpType.Measure': 2})
  Run 2/5: EquivalenceCriterion.equivalent_up_to_global_phase (import: 4.78ms, transpile: 48.12ms, gates: {'OpType.Rz': 6, 'OpType.SX': 3, 'OpType.CX': 1, 'OpType.Barrier': 1, 'OpType.Measure': 2})
  Run 3/5: EquivalenceCriterion.equivalent_up_to_global_phase (import: 5.80ms, transpile: 47.64ms, gates: {'OpType.Rz': 6, 'OpType.SX': 3, 'OpType.CX': 1, 'OpType.Barrier': 1, 'OpType.Measure': 2})
  Run 4/5: EquivalenceCriterion.equivalent_up_to_global_phase (import: 3.95ms, transpile: 53.82ms, gates: {'OpType.Rz': 6, 'OpType.SX': 3, 'OpType.CX': 1, 'OpType.Barrier': 1, 'OpType.Measure': 2})
  Run 5/5: EquivalenceCriterion.equivalent_up_to_global_phase (import: 5.41ms, transpile: 48.21ms, gates: {'OpType.Rz': 6, 'OpType.SX': 3, 'OpType.CX': 1, 'OpType.Barrier': 1, 'OpType.Measure': 2})
Running 5 transpilation tests on grover_03...
  Run 1/5: EquivalenceCriterion.equivalent_up_to_global_phase (import: 3.95ms, transpile: 195.23ms, gates: {'OpType.X': 1, 'OpType.Rz': 9, 'OpType.SX': 5, 'OpType.CX': 6, 'OpType.Barrier': 1, 'OpType.Measure': 3})
  Run 2/5: EquivalenceCriterion.equivalent_up_to_global_phase (import: 4.36ms, transpile: 201.95ms, gates: {'OpType.X': 1, 'OpType.Rz': 9, 'OpType.SX': 5, 'OpType.CX': 6, 'OpType.Barrier': 1, 'OpType.Measure': 3})
  Run 3/5: EquivalenceCriterion.equivalent_up_to_global_phase (import: 4.26ms, transpile: 213.04ms, gates: {'OpType.X': 1, 'OpType.Rz': 9, 'OpType.SX': 5, 'OpType.CX': 6, 'OpType.Barrier': 1, 'OpType.Measure': 3})
  Run 4/5: EquivalenceCriterion.equivalent_up_to_global_phase (import: 4.90ms, transpile: 212.36ms, gates: {'OpType.X': 1, 'OpType.Rz': 9, 'OpType.SX': 5, 'OpType.CX': 6, 'OpType.Barrier': 1, 'OpType.Measure': 3})
  Run 5/5: EquivalenceCriterion.equivalent_up_to_global_phase (import: 9.75ms, transpile: 206.01ms, gates: {'OpType.X': 1, 'OpType.Rz': 9, 'OpType.SX': 5, 'OpType.CX': 6, 'OpType.Barrier': 1, 'OpType.Measure': 3})
Running 5 transpilation tests on grover_04...
  Run 1/5: EquivalenceCriterion.equivalent_up_to_global_phase (import: 9.17ms, transpile: 1682.46ms, gates: {'OpType.Rz': 82, 'OpType.SX': 23, 'OpType.CX': 52, 'OpType.X': 4, 'OpType.Barrier': 1, 'OpType.Measure': 4})
  Run 2/5: EquivalenceCriterion.equivalent_up_to_global_phase (import: 8.63ms, transpile: 1665.67ms, gates: {'OpType.Rz': 82, 'OpType.SX': 23, 'OpType.CX': 52, 'OpType.X': 4, 'OpType.Barrier': 1, 'OpType.Measure': 4})
  Run 3/5: EquivalenceCriterion.equivalent_up_to_global_phase (import: 17.72ms, transpile: 1871.92ms, gates: {'OpType.Rz': 82, 'OpType.SX': 23, 'OpType.CX': 52, 'OpType.X': 4, 'OpType.Barrier': 1, 'OpType.Measure': 4})
  Run 4/5: EquivalenceCriterion.equivalent_up_to_global_phase (import: 9.55ms, transpile: 1705.07ms, gates: {'OpType.Rz': 82, 'OpType.SX': 23, 'OpType.CX': 52, 'OpType.X': 4, 'OpType.Barrier': 1, 'OpType.Measure': 4})
  Run 5/5: EquivalenceCriterion.equivalent_up_to_global_phase (import: 9.81ms, transpile: 1724.96ms, gates: {'OpType.Rz': 82, 'OpType.SX': 23, 'OpType.CX': 52, 'OpType.X': 4, 'OpType.Barrier': 1, 'OpType.Measure': 4})
Running 5 transpilation tests on grover_05...
  Run 1/5: EquivalenceCriterion.equivalent_up_to_global_phase (import: 40.91ms, transpile: 6729.27ms, gates: {'OpType.Rz': 251, 'OpType.SX': 73, 'OpType.CX': 168, 'OpType.X': 106, 'OpType.Barrier': 1, 'OpType.Measure': 5})
  Run 2/5: EquivalenceCriterion.equivalent_up_to_global_phase (import: 24.13ms, transpile: 6881.65ms, gates: {'OpType.Rz': 251, 'OpType.SX': 73, 'OpType.CX': 168, 'OpType.X': 106, 'OpType.Barrier': 1, 'OpType.Measure': 5})
  Run 3/5: EquivalenceCriterion.equivalent_up_to_global_phase (import: 34.18ms, transpile: 6685.48ms, gates: {'OpType.Rz': 251, 'OpType.SX': 73, 'OpType.CX': 168, 'OpType.X': 106, 'OpType.Barrier': 1, 'OpType.Measure': 5})
  Run 4/5: EquivalenceCriterion.equivalent_up_to_global_phase (import: 31.09ms, transpile: 6615.64ms, gates: {'OpType.Rz': 251, 'OpType.SX': 73, 'OpType.CX': 168, 'OpType.X': 106, 'OpType.Barrier': 1, 'OpType.Measure': 5})
  Run 5/5: EquivalenceCriterion.equivalent_up_to_global_phase (import: 26.80ms, transpile: 6612.27ms, gates: {'OpType.Rz': 251, 'OpType.SX': 73, 'OpType.CX': 168, 'OpType.X': 106, 'OpType.Barrier': 1, 'OpType.Measure': 5})
Running 5 transpilation tests on grover_06...
  Run 1/5: EquivalenceCriterion.equivalent_up_to_global_phase (import: 76.37ms, transpile: 17174.17ms, gates: {'OpType.Rz': 648, 'OpType.SX': 149, 'OpType.CX': 480, 'OpType.X': 26, 'OpType.Barrier': 1, 'OpType.Measure': 6})
  Run 2/5: EquivalenceCriterion.equivalent_up_to_global_phase (import: 78.82ms, transpile: 18623.90ms, gates: {'OpType.Rz': 648, 'OpType.SX': 149, 'OpType.CX': 480, 'OpType.X': 26, 'OpType.Barrier': 1, 'OpType.Measure': 6})
  Run 3/5: EquivalenceCriterion.equivalent_up_to_global_phase (import: 103.79ms, transpile: 18618.92ms, gates: {'OpType.Rz': 648, 'OpType.SX': 149, 'OpType.CX': 480, 'OpType.X': 26, 'OpType.Barrier': 1, 'OpType.Measure': 6})
  Run 4/5: EquivalenceCriterion.equivalent_up_to_global_phase (import: 77.11ms, transpile: 17780.37ms, gates: {'OpType.Rz': 648, 'OpType.SX': 149, 'OpType.CX': 480, 'OpType.X': 26, 'OpType.Barrier': 1, 'OpType.Measure': 6})
  Run 5/5: EquivalenceCriterion.equivalent_up_to_global_phase (import: 72.59ms, transpile: 17032.42ms, gates: {'OpType.Rz': 648, 'OpType.SX': 149, 'OpType.CX': 480, 'OpType.X': 26, 'OpType.Barrier': 1, 'OpType.Measure': 6})
Running 5 transpilation tests on grover_07...
  Run 1/5: EquivalenceCriterion.equivalent_up_to_global_phase (import: 126.78ms, transpile: 55233.67ms, gates: {'OpType.Rz': 1703, 'OpType.SX': 387, 'OpType.CX': 1322, 'OpType.X': 1022, 'OpType.Barrier': 1, 'OpType.Measure': 7})
  Run 2/5: EquivalenceCriterion.equivalent_up_to_global_phase (import: 139.61ms, transpile: 57118.02ms, gates: {'OpType.Rz': 1703, 'OpType.SX': 387, 'OpType.CX': 1322, 'OpType.X': 1022, 'OpType.Barrier': 1, 'OpType.Measure': 7})
  Run 3/5: EquivalenceCriterion.equivalent_up_to_global_phase (import: 129.00ms, transpile: 56568.23ms, gates: {'OpType.Rz': 1703, 'OpType.SX': 387, 'OpType.CX': 1322, 'OpType.X': 1022, 'OpType.Barrier': 1, 'OpType.Measure': 7})
  Run 4/5: EquivalenceCriterion.equivalent_up_to_global_phase (import: 124.05ms, transpile: 57532.65ms, gates: {'OpType.Rz': 1703, 'OpType.SX': 387, 'OpType.CX': 1322, 'OpType.X': 1022, 'OpType.Barrier': 1, 'OpType.Measure': 7})
  Run 5/5: EquivalenceCriterion.equivalent_up_to_global_phase (import: 135.17ms, transpile: 54433.50ms, gates: {'OpType.Rz': 1703, 'OpType.SX': 387, 'OpType.CX': 1322, 'OpType.X': 1022, 'OpType.Barrier': 1, 'OpType.Measure': 7})
Running 5 transpilation tests on grover_08...
  Run 1/5: EquivalenceCriterion.equivalent_up_to_global_phase (import: 216.94ms, transpile: 122474.20ms, gates: {'OpType.Rz': 3607, 'OpType.SX': 767, 'OpType.CX': 2864, 'OpType.X': 1381, 'OpType.Barrier': 1, 'OpType.Measure': 8})
  Run 2/5: EquivalenceCriterion.equivalent_up_to_global_phase (import: 227.22ms, transpile: 122969.21ms, gates: {'OpType.Rz': 3607, 'OpType.SX': 767, 'OpType.CX': 2864, 'OpType.X': 1381, 'OpType.Barrier': 1, 'OpType.Measure': 8})
  Run 3/5: EquivalenceCriterion.equivalent_up_to_global_phase (import: 233.96ms, transpile: 120263.45ms, gates: {'OpType.Rz': 3607, 'OpType.SX': 767, 'OpType.CX': 2864, 'OpType.X': 1381, 'OpType.Barrier': 1, 'OpType.Measure': 8})
  Run 4/5: EquivalenceCriterion.equivalent_up_to_global_phase (import: 254.86ms, transpile: 122906.59ms, gates: {'OpType.Rz': 3607, 'OpType.SX': 767, 'OpType.CX': 2864, 'OpType.X': 1381, 'OpType.Barrier': 1, 'OpType.Measure': 8})
  Run 5/5: EquivalenceCriterion.equivalent_up_to_global_phase (import: 212.61ms, transpile: 122770.86ms, gates: {'OpType.Rz': 3607, 'OpType.SX': 767, 'OpType.CX': 2864, 'OpType.X': 1381, 'OpType.Barrier': 1, 'OpType.Measure': 8})
Results saved to experiments/transpiler_result_20260611_163415_Pytket_Targeted_IBM_gateset.json
Processing SDK: Pytket_Targeted_Quantinuum_gateset
Running 5 transpilation tests on qaoa_02...
  Run 1/5: EquivalenceCriterion.equivalent (import: 1.91ms, transpile: 136.96ms, gates: {'OpType.Rz': 13, 'OpType.Rx': 10, 'OpType.ZZPhase': 2})
  Run 2/5: EquivalenceCriterion.equivalent (import: 1.24ms, transpile: 136.41ms, gates: {'OpType.Rz': 13, 'OpType.Rx': 10, 'OpType.ZZPhase': 2})
  Run 3/5: EquivalenceCriterion.equivalent (import: 1.65ms, transpile: 130.52ms, gates: {'OpType.Rz': 13, 'OpType.Rx': 10, 'OpType.ZZPhase': 2})
  Run 4/5: EquivalenceCriterion.equivalent (import: 1.30ms, transpile: 136.00ms, gates: {'OpType.Rz': 13, 'OpType.Rx': 10, 'OpType.ZZPhase': 2})
  Run 5/5: EquivalenceCriterion.equivalent (import: 1.26ms, transpile: 116.36ms, gates: {'OpType.Rz': 13, 'OpType.Rx': 10, 'OpType.ZZPhase': 2})
Running 5 transpilation tests on qaoa_03...
  Run 1/5: EquivalenceCriterion.equivalent_up_to_global_phase (import: 1.35ms, transpile: 356.42ms, gates: {'OpType.Rz': 27, 'OpType.Rx': 21, 'OpType.ZZPhase': 8})
  Run 2/5: EquivalenceCriterion.equivalent_up_to_global_phase (import: 1.83ms, transpile: 357.18ms, gates: {'OpType.Rz': 27, 'OpType.Rx': 21, 'OpType.ZZPhase': 8})
  Run 3/5: EquivalenceCriterion.equivalent_up_to_global_phase (import: 2.97ms, transpile: 374.32ms, gates: {'OpType.Rz': 27, 'OpType.Rx': 21, 'OpType.ZZPhase': 8})
  Run 4/5: EquivalenceCriterion.equivalent_up_to_global_phase (import: 1.54ms, transpile: 321.83ms, gates: {'OpType.Rz': 27, 'OpType.Rx': 21, 'OpType.ZZPhase': 8})
  Run 5/5: EquivalenceCriterion.equivalent_up_to_global_phase (import: 1.61ms, transpile: 307.08ms, gates: {'OpType.Rz': 27, 'OpType.Rx': 21, 'OpType.ZZPhase': 8})
Running 5 transpilation tests on qaoa_04...
  Run 1/5: EquivalenceCriterion.equivalent_up_to_global_phase (import: 2.49ms, transpile: 417.36ms, gates: {'OpType.Rz': 29, 'OpType.Rx': 22, 'OpType.ZZPhase': 8})
  Run 2/5: EquivalenceCriterion.equivalent_up_to_global_phase (import: 2.66ms, transpile: 445.86ms, gates: {'OpType.Rz': 29, 'OpType.Rx': 22, 'OpType.ZZPhase': 8})
  Run 3/5: EquivalenceCriterion.equivalent_up_to_global_phase (import: 1.85ms, transpile: 337.57ms, gates: {'OpType.Rz': 29, 'OpType.Rx': 22, 'OpType.ZZPhase': 8})
  Run 4/5: EquivalenceCriterion.equivalent_up_to_global_phase (import: 2.92ms, transpile: 336.06ms, gates: {'OpType.Rz': 29, 'OpType.Rx': 22, 'OpType.ZZPhase': 8})
  Run 5/5: EquivalenceCriterion.equivalent_up_to_global_phase (import: 2.72ms, transpile: 353.54ms, gates: {'OpType.Rz': 29, 'OpType.Rx': 22, 'OpType.ZZPhase': 8})
Running 5 transpilation tests on qaoa_05...
  Run 1/5: EquivalenceCriterion.equivalent_up_to_global_phase (import: 3.14ms, transpile: 1190.95ms, gates: {'OpType.Rz': 70, 'OpType.Rx': 46, 'OpType.ZZPhase': 24})
  Run 2/5: EquivalenceCriterion.equivalent_up_to_global_phase (import: 3.44ms, transpile: 1278.42ms, gates: {'OpType.Rz': 70, 'OpType.Rx': 46, 'OpType.ZZPhase': 24})
  Run 3/5: EquivalenceCriterion.equivalent_up_to_global_phase (import: 5.19ms, transpile: 1780.58ms, gates: {'OpType.Rz': 70, 'OpType.Rx': 46, 'OpType.ZZPhase': 24})
  Run 4/5: EquivalenceCriterion.equivalent_up_to_global_phase (import: 3.49ms, transpile: 1007.81ms, gates: {'OpType.Rz': 70, 'OpType.Rx': 46, 'OpType.ZZPhase': 24})
  Run 5/5: EquivalenceCriterion.equivalent_up_to_global_phase (import: 3.05ms, transpile: 993.96ms, gates: {'OpType.Rz': 70, 'OpType.Rx': 46, 'OpType.ZZPhase': 24})
Running 5 transpilation tests on qaoa_06...
  Run 1/5: EquivalenceCriterion.equivalent_up_to_global_phase (import: 5.61ms, transpile: 1457.49ms, gates: {'OpType.Rz': 85, 'OpType.Rx': 57, 'OpType.ZZPhase': 28})
  Run 2/5: EquivalenceCriterion.equivalent_up_to_global_phase (import: 10.50ms, transpile: 1330.82ms, gates: {'OpType.Rz': 85, 'OpType.Rx': 57, 'OpType.ZZPhase': 28})
  Run 3/5: EquivalenceCriterion.equivalent_up_to_global_phase (import: 3.51ms, transpile: 1073.64ms, gates: {'OpType.Rz': 85, 'OpType.Rx': 57, 'OpType.ZZPhase': 28})
  Run 4/5: EquivalenceCriterion.equivalent_up_to_global_phase (import: 4.25ms, transpile: 1093.06ms, gates: {'OpType.Rz': 85, 'OpType.Rx': 57, 'OpType.ZZPhase': 28})
  Run 5/5: EquivalenceCriterion.equivalent_up_to_global_phase (import: 4.63ms, transpile: 1426.33ms, gates: {'OpType.Rz': 85, 'OpType.Rx': 57, 'OpType.ZZPhase': 28})
Running 5 transpilation tests on qaoa_07...
  Run 1/5: EquivalenceCriterion.equivalent_up_to_global_phase (import: 6.72ms, transpile: 2424.57ms, gates: {'OpType.Rz': 136, 'OpType.Rx': 80, 'OpType.ZZPhase': 48})
  Run 2/5: EquivalenceCriterion.equivalent_up_to_global_phase (import: 11.40ms, transpile: 3024.47ms, gates: {'OpType.Rz': 136, 'OpType.Rx': 80, 'OpType.ZZPhase': 48})
  Run 3/5: EquivalenceCriterion.equivalent_up_to_global_phase (import: 9.30ms, transpile: 2252.86ms, gates: {'OpType.Rz': 136, 'OpType.Rx': 80, 'OpType.ZZPhase': 48})
  Run 4/5: EquivalenceCriterion.equivalent_up_to_global_phase (import: 11.19ms, transpile: 2022.55ms, gates: {'OpType.Rz': 136, 'OpType.Rx': 80, 'OpType.ZZPhase': 48})
  Run 5/5: EquivalenceCriterion.equivalent_up_to_global_phase (import: 8.92ms, transpile: 1996.19ms, gates: {'OpType.Rz': 136, 'OpType.Rx': 80, 'OpType.ZZPhase': 48})
Running 5 transpilation tests on qaoa_08...
  Run 1/5: EquivalenceCriterion.equivalent_up_to_global_phase (import: 10.79ms, transpile: 2777.84ms, gates: {'OpType.Rz': 156, 'OpType.Rx': 96, 'OpType.ZZPhase': 56})
  Run 2/5: EquivalenceCriterion.equivalent_up_to_global_phase (import: 12.19ms, transpile: 2718.02ms, gates: {'OpType.Rz': 156, 'OpType.Rx': 96, 'OpType.ZZPhase': 56})
  Run 3/5: EquivalenceCriterion.equivalent_up_to_global_phase (import: 7.56ms, transpile: 3020.91ms, gates: {'OpType.Rz': 156, 'OpType.Rx': 96, 'OpType.ZZPhase': 56})
  Run 4/5: EquivalenceCriterion.equivalent_up_to_global_phase (import: 9.73ms, transpile: 2869.53ms, gates: {'OpType.Rz': 156, 'OpType.Rx': 96, 'OpType.ZZPhase': 56})
  Run 5/5: EquivalenceCriterion.equivalent_up_to_global_phase (import: 12.25ms, transpile: 2630.19ms, gates: {'OpType.Rz': 156, 'OpType.Rx': 96, 'OpType.ZZPhase': 56})
Running 5 transpilation tests on qft_02...
  Run 1/5: EquivalenceCriterion.equivalent_up_to_global_phase (import: 4.07ms, transpile: 132.06ms, gates: {'OpType.Rz': 15, 'OpType.Rx': 12, 'OpType.ZZPhase': 3, 'OpType.Barrier': 1, 'OpType.Measure': 2})
  Run 2/5: EquivalenceCriterion.equivalent_up_to_global_phase (import: 4.72ms, transpile: 118.94ms, gates: {'OpType.Rz': 15, 'OpType.Rx': 12, 'OpType.ZZPhase': 3, 'OpType.Barrier': 1, 'OpType.Measure': 2})
  Run 3/5: EquivalenceCriterion.equivalent_up_to_global_phase (import: 2.71ms, transpile: 154.85ms, gates: {'OpType.Rz': 15, 'OpType.Rx': 12, 'OpType.ZZPhase': 3, 'OpType.Barrier': 1, 'OpType.Measure': 2})
  Run 4/5: EquivalenceCriterion.equivalent_up_to_global_phase (import: 4.06ms, transpile: 134.22ms, gates: {'OpType.Rz': 15, 'OpType.Rx': 12, 'OpType.ZZPhase': 3, 'OpType.Barrier': 1, 'OpType.Measure': 2})
  Run 5/5: EquivalenceCriterion.equivalent_up_to_global_phase (import: 4.69ms, transpile: 137.21ms, gates: {'OpType.Rz': 15, 'OpType.Rx': 12, 'OpType.ZZPhase': 3, 'OpType.Barrier': 1, 'OpType.Measure': 2})
Running 5 transpilation tests on qft_03...
  Run 1/5: EquivalenceCriterion.equivalent_up_to_global_phase (import: 8.63ms, transpile: 343.63ms, gates: {'OpType.Rz': 31, 'OpType.Rx': 21, 'OpType.ZZPhase': 9, 'OpType.Barrier': 1, 'OpType.Measure': 3})
  Run 2/5: EquivalenceCriterion.equivalent_up_to_global_phase (import: 6.83ms, transpile: 256.19ms, gates: {'OpType.Rz': 31, 'OpType.Rx': 21, 'OpType.ZZPhase': 9, 'OpType.Barrier': 1, 'OpType.Measure': 3})
  Run 3/5: EquivalenceCriterion.equivalent_up_to_global_phase (import: 6.81ms, transpile: 243.27ms, gates: {'OpType.Rz': 31, 'OpType.Rx': 21, 'OpType.ZZPhase': 9, 'OpType.Barrier': 1, 'OpType.Measure': 3})
  Run 4/5: EquivalenceCriterion.equivalent_up_to_global_phase (import: 5.33ms, transpile: 226.46ms, gates: {'OpType.Rz': 31, 'OpType.Rx': 21, 'OpType.ZZPhase': 9, 'OpType.Barrier': 1, 'OpType.Measure': 3})
  Run 5/5: EquivalenceCriterion.equivalent_up_to_global_phase (import: 5.94ms, transpile: 232.62ms, gates: {'OpType.Rz': 31, 'OpType.Rx': 21, 'OpType.ZZPhase': 9, 'OpType.Barrier': 1, 'OpType.Measure': 3})
Running 5 transpilation tests on qft_04...
The ZX checker suggests that the circuits are not equivalent, but the simulation checker suggests that they are probably equivalent. Thus, no conclusion can be drawn.
  Run 1/5: EquivalenceCriterion.no_information (import: 9.67ms, transpile: 524.93ms, gates: {'OpType.Rz': 60, 'OpType.Rx': 40, 'OpType.ZZPhase': 18, 'OpType.Barrier': 1, 'OpType.Measure': 4})
  Run 2/5: EquivalenceCriterion.equivalent_up_to_global_phase (import: 9.30ms, transpile: 581.99ms, gates: {'OpType.Rz': 60, 'OpType.Rx': 40, 'OpType.ZZPhase': 18, 'OpType.Barrier': 1, 'OpType.Measure': 4})
  Run 3/5: EquivalenceCriterion.equivalent_up_to_global_phase (import: 10.85ms, transpile: 612.86ms, gates: {'OpType.Rz': 60, 'OpType.Rx': 40, 'OpType.ZZPhase': 18, 'OpType.Barrier': 1, 'OpType.Measure': 4})
  Run 4/5: EquivalenceCriterion.equivalent_up_to_global_phase (import: 11.83ms, transpile: 601.03ms, gates: {'OpType.Rz': 60, 'OpType.Rx': 40, 'OpType.ZZPhase': 18, 'OpType.Barrier': 1, 'OpType.Measure': 4})
  Run 5/5: EquivalenceCriterion.equivalent_up_to_global_phase (import: 19.19ms, transpile: 631.80ms, gates: {'OpType.Rz': 60, 'OpType.Rx': 40, 'OpType.ZZPhase': 18, 'OpType.Barrier': 1, 'OpType.Measure': 4})
Running 5 transpilation tests on qft_05...
  Run 1/5: EquivalenceCriterion.equivalent_up_to_global_phase (import: 22.00ms, transpile: 749.75ms, gates: {'OpType.Rz': 85, 'OpType.Rx': 57, 'OpType.ZZPhase': 26, 'OpType.Barrier': 1, 'OpType.Measure': 5})
  Run 2/5: EquivalenceCriterion.equivalent_up_to_global_phase (import: 29.33ms, transpile: 814.99ms, gates: {'OpType.Rz': 85, 'OpType.Rx': 57, 'OpType.ZZPhase': 26, 'OpType.Barrier': 1, 'OpType.Measure': 5})
  Run 3/5: EquivalenceCriterion.equivalent_up_to_global_phase (import: 19.15ms, transpile: 817.96ms, gates: {'OpType.Rz': 85, 'OpType.Rx': 57, 'OpType.ZZPhase': 26, 'OpType.Barrier': 1, 'OpType.Measure': 5})
  Run 4/5: EquivalenceCriterion.equivalent_up_to_global_phase (import: 21.72ms, transpile: 770.66ms, gates: {'OpType.Rz': 85, 'OpType.Rx': 57, 'OpType.ZZPhase': 26, 'OpType.Barrier': 1, 'OpType.Measure': 5})
  Run 5/5: EquivalenceCriterion.equivalent_up_to_global_phase (import: 15.39ms, transpile: 794.42ms, gates: {'OpType.Rz': 85, 'OpType.Rx': 57, 'OpType.ZZPhase': 26, 'OpType.Barrier': 1, 'OpType.Measure': 5})
Running 5 transpilation tests on qft_06...
  Run 1/5: EquivalenceCriterion.equivalent_up_to_global_phase (import: 24.84ms, transpile: 1252.15ms, gates: {'OpType.Rz': 126, 'OpType.Rx': 84, 'OpType.ZZPhase': 39, 'OpType.Barrier': 1, 'OpType.Measure': 6})
  Run 2/5: EquivalenceCriterion.equivalent_up_to_global_phase (import: 20.84ms, transpile: 1362.04ms, gates: {'OpType.Rz': 126, 'OpType.Rx': 84, 'OpType.ZZPhase': 39, 'OpType.Barrier': 1, 'OpType.Measure': 6})
The ZX checker suggests that the circuits are not equivalent, but the simulation checker suggests that they are probably equivalent. Thus, no conclusion can be drawn.
  Run 3/5: EquivalenceCriterion.no_information (import: 21.35ms, transpile: 1507.63ms, gates: {'OpType.Rz': 126, 'OpType.Rx': 84, 'OpType.ZZPhase': 39, 'OpType.Barrier': 1, 'OpType.Measure': 6})
  Run 4/5: EquivalenceCriterion.equivalent_up_to_global_phase (import: 24.77ms, transpile: 1574.68ms, gates: {'OpType.Rz': 126, 'OpType.Rx': 84, 'OpType.ZZPhase': 39, 'OpType.Barrier': 1, 'OpType.Measure': 6})
The ZX checker suggests that the circuits are not equivalent, but the simulation checker suggests that they are probably equivalent. Thus, no conclusion can be drawn.
  Run 5/5: EquivalenceCriterion.no_information (import: 30.67ms, transpile: 1323.04ms, gates: {'OpType.Rz': 126, 'OpType.Rx': 84, 'OpType.ZZPhase': 39, 'OpType.Barrier': 1, 'OpType.Measure': 6})
Running 5 transpilation tests on qft_07...
The ZX checker suggests that the circuits are not equivalent, but the simulation checker suggests that they are probably equivalent. Thus, no conclusion can be drawn.
  Run 1/5: EquivalenceCriterion.no_information (import: 29.18ms, transpile: 1582.45ms, gates: {'OpType.Rz': 163, 'OpType.Rx': 109, 'OpType.ZZPhase': 51, 'OpType.Barrier': 1, 'OpType.Measure': 7})
The ZX checker suggests that the circuits are not equivalent, but the simulation checker suggests that they are probably equivalent. Thus, no conclusion can be drawn.
  Run 2/5: EquivalenceCriterion.no_information (import: 30.37ms, transpile: 1867.29ms, gates: {'OpType.Rz': 163, 'OpType.Rx': 109, 'OpType.ZZPhase': 51, 'OpType.Barrier': 1, 'OpType.Measure': 7})
The ZX checker suggests that the circuits are not equivalent, but the simulation checker suggests that they are probably equivalent. Thus, no conclusion can be drawn.
  Run 3/5: EquivalenceCriterion.no_information (import: 29.94ms, transpile: 1679.50ms, gates: {'OpType.Rz': 163, 'OpType.Rx': 109, 'OpType.ZZPhase': 51, 'OpType.Barrier': 1, 'OpType.Measure': 7})
  Run 4/5: EquivalenceCriterion.equivalent_up_to_global_phase (import: 37.92ms, transpile: 1677.96ms, gates: {'OpType.Rz': 163, 'OpType.Rx': 109, 'OpType.ZZPhase': 51, 'OpType.Barrier': 1, 'OpType.Measure': 7})
The ZX checker suggests that the circuits are not equivalent, but the simulation checker suggests that they are probably equivalent. Thus, no conclusion can be drawn.
  Run 5/5: EquivalenceCriterion.no_information (import: 33.37ms, transpile: 1813.96ms, gates: {'OpType.Rz': 163, 'OpType.Rx': 109, 'OpType.ZZPhase': 51, 'OpType.Barrier': 1, 'OpType.Measure': 7})
Running 5 transpilation tests on qft_08...
The ZX checker suggests that the circuits are not equivalent, but the simulation checker suggests that they are probably equivalent. Thus, no conclusion can be drawn.
  Run 1/5: EquivalenceCriterion.no_information (import: 49.78ms, transpile: 2681.23ms, gates: {'OpType.Rz': 216, 'OpType.Rx': 144, 'OpType.ZZPhase': 68, 'OpType.Barrier': 1, 'OpType.Measure': 8})
  Run 2/5: EquivalenceCriterion.equivalent_up_to_global_phase (import: 57.73ms, transpile: 2425.48ms, gates: {'OpType.Rz': 216, 'OpType.Rx': 144, 'OpType.ZZPhase': 68, 'OpType.Barrier': 1, 'OpType.Measure': 8})
  Run 3/5: EquivalenceCriterion.equivalent_up_to_global_phase (import: 50.82ms, transpile: 2560.16ms, gates: {'OpType.Rz': 216, 'OpType.Rx': 144, 'OpType.ZZPhase': 68, 'OpType.Barrier': 1, 'OpType.Measure': 8})
  Run 4/5: EquivalenceCriterion.equivalent_up_to_global_phase (import: 38.33ms, transpile: 2661.09ms, gates: {'OpType.Rz': 216, 'OpType.Rx': 144, 'OpType.ZZPhase': 68, 'OpType.Barrier': 1, 'OpType.Measure': 8})
The ZX checker suggests that the circuits are not equivalent, but the simulation checker suggests that they are probably equivalent. Thus, no conclusion can be drawn.
  Run 5/5: EquivalenceCriterion.no_information (import: 92.34ms, transpile: 3113.07ms, gates: {'OpType.Rz': 216, 'OpType.Rx': 144, 'OpType.ZZPhase': 68, 'OpType.Barrier': 1, 'OpType.Measure': 8})
Running 5 transpilation tests on randomcircuit_02...
  Run 1/5: EquivalenceCriterion.equivalent_up_to_global_phase (import: 2.72ms, transpile: 117.70ms, gates: {'OpType.Rz': 13, 'OpType.Rx': 9, 'OpType.ZZPhase': 2, 'OpType.Barrier': 1, 'OpType.Measure': 2})
  Run 2/5: EquivalenceCriterion.equivalent_up_to_global_phase (import: 6.89ms, transpile: 142.49ms, gates: {'OpType.Rz': 13, 'OpType.Rx': 9, 'OpType.ZZPhase': 2, 'OpType.Barrier': 1, 'OpType.Measure': 2})
  Run 3/5: EquivalenceCriterion.equivalent_up_to_global_phase (import: 3.36ms, transpile: 130.57ms, gates: {'OpType.Rz': 13, 'OpType.Rx': 9, 'OpType.ZZPhase': 2, 'OpType.Barrier': 1, 'OpType.Measure': 2})
The ZX checker suggests that the circuits are not equivalent, but the simulation checker suggests that they are probably equivalent. Thus, no conclusion can be drawn.
  Run 4/5: EquivalenceCriterion.no_information (import: 3.38ms, transpile: 137.92ms, gates: {'OpType.Rz': 13, 'OpType.Rx': 9, 'OpType.ZZPhase': 2, 'OpType.Barrier': 1, 'OpType.Measure': 2})
  Run 5/5: EquivalenceCriterion.equivalent_up_to_global_phase (import: 2.96ms, transpile: 117.42ms, gates: {'OpType.Rz': 13, 'OpType.Rx': 9, 'OpType.ZZPhase': 2, 'OpType.Barrier': 1, 'OpType.Measure': 2})
Running 5 transpilation tests on randomcircuit_03...
  Run 1/5: EquivalenceCriterion.equivalent_up_to_global_phase (import: 2.88ms, transpile: 637.77ms, gates: {'OpType.Rz': 74, 'OpType.Rx': 53, 'OpType.ZZPhase': 19, 'OpType.Barrier': 1, 'OpType.Measure': 3})
  Run 2/5: EquivalenceCriterion.equivalent_up_to_global_phase (import: 6.61ms, transpile: 506.80ms, gates: {'OpType.Rz': 74, 'OpType.Rx': 53, 'OpType.ZZPhase': 19, 'OpType.Barrier': 1, 'OpType.Measure': 3})
  Run 3/5: EquivalenceCriterion.equivalent_up_to_global_phase (import: 3.20ms, transpile: 495.20ms, gates: {'OpType.Rz': 74, 'OpType.Rx': 53, 'OpType.ZZPhase': 19, 'OpType.Barrier': 1, 'OpType.Measure': 3})
The ZX checker suggests that the circuits are not equivalent, but the simulation checker suggests that they are probably equivalent. Thus, no conclusion can be drawn.
  Run 4/5: EquivalenceCriterion.no_information (import: 2.91ms, transpile: 473.81ms, gates: {'OpType.Rz': 74, 'OpType.Rx': 53, 'OpType.ZZPhase': 19, 'OpType.Barrier': 1, 'OpType.Measure': 3})
The ZX checker suggests that the circuits are not equivalent, but the simulation checker suggests that they are probably equivalent. Thus, no conclusion can be drawn.
  Run 5/5: EquivalenceCriterion.no_information (import: 2.96ms, transpile: 479.39ms, gates: {'OpType.Rz': 74, 'OpType.Rx': 53, 'OpType.ZZPhase': 19, 'OpType.Barrier': 1, 'OpType.Measure': 3})
Running 5 transpilation tests on randomcircuit_04...
  Run 1/5: EquivalenceCriterion.equivalent_up_to_global_phase (import: 10.50ms, transpile: 1602.54ms, gates: {'OpType.Rz': 133, 'OpType.Rx': 92, 'OpType.ZZPhase': 41, 'OpType.Barrier': 1, 'OpType.Measure': 4})
  Run 2/5: EquivalenceCriterion.equivalent_up_to_global_phase (import: 10.96ms, transpile: 1565.38ms, gates: {'OpType.Rz': 133, 'OpType.Rx': 92, 'OpType.ZZPhase': 41, 'OpType.Barrier': 1, 'OpType.Measure': 4})
  Run 3/5: EquivalenceCriterion.equivalent_up_to_global_phase (import: 10.69ms, transpile: 1717.70ms, gates: {'OpType.Rz': 133, 'OpType.Rx': 92, 'OpType.ZZPhase': 41, 'OpType.Barrier': 1, 'OpType.Measure': 4})
  Run 4/5: EquivalenceCriterion.equivalent_up_to_global_phase (import: 11.06ms, transpile: 1717.98ms, gates: {'OpType.Rz': 133, 'OpType.Rx': 92, 'OpType.ZZPhase': 41, 'OpType.Barrier': 1, 'OpType.Measure': 4})
  Run 5/5: EquivalenceCriterion.equivalent_up_to_global_phase (import: 11.69ms, transpile: 1759.41ms, gates: {'OpType.Rz': 133, 'OpType.Rx': 92, 'OpType.ZZPhase': 41, 'OpType.Barrier': 1, 'OpType.Measure': 4})
Running 5 transpilation tests on randomcircuit_05...
  Run 1/5: EquivalenceCriterion.equivalent_up_to_global_phase (import: 14.72ms, transpile: 2303.61ms, gates: {'OpType.Rz': 191, 'OpType.Rx': 136, 'OpType.ZZPhase': 58, 'OpType.Barrier': 1, 'OpType.Measure': 5})
  Run 2/5: EquivalenceCriterion.equivalent_up_to_global_phase (import: 18.71ms, transpile: 2279.62ms, gates: {'OpType.Rz': 191, 'OpType.Rx': 136, 'OpType.ZZPhase': 58, 'OpType.Barrier': 1, 'OpType.Measure': 5})
  Run 3/5: EquivalenceCriterion.equivalent_up_to_global_phase (import: 17.85ms, transpile: 2442.26ms, gates: {'OpType.Rz': 191, 'OpType.Rx': 136, 'OpType.ZZPhase': 58, 'OpType.Barrier': 1, 'OpType.Measure': 5})
  Run 4/5: EquivalenceCriterion.equivalent_up_to_global_phase (import: 23.36ms, transpile: 2580.32ms, gates: {'OpType.Rz': 191, 'OpType.Rx': 136, 'OpType.ZZPhase': 58, 'OpType.Barrier': 1, 'OpType.Measure': 5})
  Run 5/5: EquivalenceCriterion.equivalent_up_to_global_phase (import: 13.47ms, transpile: 2618.24ms, gates: {'OpType.Rz': 191, 'OpType.Rx': 136, 'OpType.ZZPhase': 58, 'OpType.Barrier': 1, 'OpType.Measure': 5})
Running 5 transpilation tests on randomcircuit_06...
  Run 1/5: EquivalenceCriterion.equivalent_up_to_global_phase (import: 25.10ms, transpile: 5051.21ms, gates: {'OpType.Rz': 299, 'OpType.Rx': 209, 'OpType.ZZPhase': 94, 'OpType.Barrier': 1, 'OpType.Measure': 6})
  Run 2/5: EquivalenceCriterion.equivalent_up_to_global_phase (import: 17.77ms, transpile: 4867.15ms, gates: {'OpType.Rz': 299, 'OpType.Rx': 209, 'OpType.ZZPhase': 94, 'OpType.Barrier': 1, 'OpType.Measure': 6})
  Run 3/5: EquivalenceCriterion.equivalent_up_to_global_phase (import: 16.57ms, transpile: 4693.00ms, gates: {'OpType.Rz': 299, 'OpType.Rx': 209, 'OpType.ZZPhase': 94, 'OpType.Barrier': 1, 'OpType.Measure': 6})
  Run 4/5: EquivalenceCriterion.equivalent_up_to_global_phase (import: 27.02ms, transpile: 4529.52ms, gates: {'OpType.Rz': 299, 'OpType.Rx': 209, 'OpType.ZZPhase': 94, 'OpType.Barrier': 1, 'OpType.Measure': 6})
  Run 5/5: EquivalenceCriterion.equivalent_up_to_global_phase (import: 19.80ms, transpile: 4856.53ms, gates: {'OpType.Rz': 299, 'OpType.Rx': 209, 'OpType.ZZPhase': 94, 'OpType.Barrier': 1, 'OpType.Measure': 6})
Running 5 transpilation tests on randomcircuit_07...
  Run 1/5: EquivalenceCriterion.equivalent_up_to_global_phase (import: 24.06ms, transpile: 6402.58ms, gates: {'OpType.Rz': 465, 'OpType.Rx': 321, 'OpType.ZZPhase': 145, 'OpType.Barrier': 1, 'OpType.Measure': 7})
  Run 2/5: EquivalenceCriterion.equivalent_up_to_global_phase (import: 24.44ms, transpile: 6256.39ms, gates: {'OpType.Rz': 465, 'OpType.Rx': 321, 'OpType.ZZPhase': 145, 'OpType.Barrier': 1, 'OpType.Measure': 7})
  Run 3/5: EquivalenceCriterion.equivalent_up_to_global_phase (import: 27.12ms, transpile: 5527.47ms, gates: {'OpType.Rz': 465, 'OpType.Rx': 321, 'OpType.ZZPhase': 145, 'OpType.Barrier': 1, 'OpType.Measure': 7})
  Run 4/5: EquivalenceCriterion.equivalent_up_to_global_phase (import: 20.04ms, transpile: 6232.74ms, gates: {'OpType.Rz': 465, 'OpType.Rx': 321, 'OpType.ZZPhase': 145, 'OpType.Barrier': 1, 'OpType.Measure': 7})
  Run 5/5: EquivalenceCriterion.equivalent_up_to_global_phase (import: 21.67ms, transpile: 6283.17ms, gates: {'OpType.Rz': 465, 'OpType.Rx': 321, 'OpType.ZZPhase': 145, 'OpType.Barrier': 1, 'OpType.Measure': 7})
Running 5 transpilation tests on randomcircuit_08...
  Run 1/5: EquivalenceCriterion.equivalent_up_to_global_phase (import: 33.30ms, transpile: 8558.43ms, gates: {'OpType.Rz': 684, 'OpType.Rx': 484, 'OpType.ZZPhase': 208, 'OpType.Barrier': 1, 'OpType.Measure': 8})
  Run 2/5: EquivalenceCriterion.equivalent_up_to_global_phase (import: 34.22ms, transpile: 8549.03ms, gates: {'OpType.Rz': 684, 'OpType.Rx': 484, 'OpType.ZZPhase': 208, 'OpType.Barrier': 1, 'OpType.Measure': 8})
  Run 3/5: EquivalenceCriterion.equivalent_up_to_global_phase (import: 29.28ms, transpile: 9230.60ms, gates: {'OpType.Rz': 684, 'OpType.Rx': 484, 'OpType.ZZPhase': 208, 'OpType.Barrier': 1, 'OpType.Measure': 8})
  Run 4/5: EquivalenceCriterion.equivalent_up_to_global_phase (import: 30.66ms, transpile: 8586.19ms, gates: {'OpType.Rz': 684, 'OpType.Rx': 484, 'OpType.ZZPhase': 208, 'OpType.Barrier': 1, 'OpType.Measure': 8})
  Run 5/5: EquivalenceCriterion.equivalent_up_to_global_phase (import: 33.03ms, transpile: 9031.72ms, gates: {'OpType.Rz': 684, 'OpType.Rx': 484, 'OpType.ZZPhase': 208, 'OpType.Barrier': 1, 'OpType.Measure': 8})
Running 5 transpilation tests on vqe_real_amp_02...
  Run 1/5: EquivalenceCriterion.equivalent_up_to_global_phase (import: 1.93ms, transpile: 160.93ms, gates: {'OpType.Rz': 13, 'OpType.Rx': 8, 'OpType.ZZPhase': 3, 'OpType.Barrier': 1, 'OpType.Measure': 2})
  Run 2/5: EquivalenceCriterion.equivalent_up_to_global_phase (import: 1.79ms, transpile: 109.33ms, gates: {'OpType.Rz': 13, 'OpType.Rx': 8, 'OpType.ZZPhase': 3, 'OpType.Barrier': 1, 'OpType.Measure': 2})
  Run 3/5: EquivalenceCriterion.equivalent_up_to_global_phase (import: 1.78ms, transpile: 111.09ms, gates: {'OpType.Rz': 13, 'OpType.Rx': 8, 'OpType.ZZPhase': 3, 'OpType.Barrier': 1, 'OpType.Measure': 2})
  Run 4/5: EquivalenceCriterion.equivalent_up_to_global_phase (import: 4.49ms, transpile: 103.40ms, gates: {'OpType.Rz': 13, 'OpType.Rx': 8, 'OpType.ZZPhase': 3, 'OpType.Barrier': 1, 'OpType.Measure': 2})
  Run 5/5: EquivalenceCriterion.equivalent_up_to_global_phase (import: 1.85ms, transpile: 106.06ms, gates: {'OpType.Rz': 13, 'OpType.Rx': 8, 'OpType.ZZPhase': 3, 'OpType.Barrier': 1, 'OpType.Measure': 2})
Running 5 transpilation tests on vqe_real_amp_03...
  Run 1/5: EquivalenceCriterion.equivalent_up_to_global_phase (import: 2.95ms, transpile: 224.30ms, gates: {'OpType.Rz': 24, 'OpType.Rx': 15, 'OpType.ZZPhase': 6, 'OpType.Barrier': 1, 'OpType.Measure': 3})
  Run 2/5: EquivalenceCriterion.equivalent_up_to_global_phase (import: 2.36ms, transpile: 221.72ms, gates: {'OpType.Rz': 24, 'OpType.Rx': 15, 'OpType.ZZPhase': 6, 'OpType.Barrier': 1, 'OpType.Measure': 3})
  Run 3/5: EquivalenceCriterion.equivalent_up_to_global_phase (import: 3.61ms, transpile: 231.59ms, gates: {'OpType.Rz': 24, 'OpType.Rx': 15, 'OpType.ZZPhase': 6, 'OpType.Barrier': 1, 'OpType.Measure': 3})
  Run 4/5: EquivalenceCriterion.equivalent_up_to_global_phase (import: 2.31ms, transpile: 254.65ms, gates: {'OpType.Rz': 24, 'OpType.Rx': 15, 'OpType.ZZPhase': 6, 'OpType.Barrier': 1, 'OpType.Measure': 3})
  Run 5/5: EquivalenceCriterion.equivalent_up_to_global_phase (import: 2.29ms, transpile: 230.57ms, gates: {'OpType.Rz': 24, 'OpType.Rx': 15, 'OpType.ZZPhase': 6, 'OpType.Barrier': 1, 'OpType.Measure': 3})
Running 5 transpilation tests on vqe_real_amp_04...
  Run 1/5: EquivalenceCriterion.equivalent_up_to_global_phase (import: 2.97ms, transpile: 506.47ms, gates: {'OpType.Rz': 35, 'OpType.Rx': 22, 'OpType.ZZPhase': 9, 'OpType.Barrier': 1, 'OpType.Measure': 4})
  Run 2/5: EquivalenceCriterion.equivalent_up_to_global_phase (import: 3.66ms, transpile: 494.15ms, gates: {'OpType.Rz': 35, 'OpType.Rx': 22, 'OpType.ZZPhase': 9, 'OpType.Barrier': 1, 'OpType.Measure': 4})
  Run 3/5: EquivalenceCriterion.equivalent_up_to_global_phase (import: 3.09ms, transpile: 479.41ms, gates: {'OpType.Rz': 35, 'OpType.Rx': 22, 'OpType.ZZPhase': 9, 'OpType.Barrier': 1, 'OpType.Measure': 4})
  Run 4/5: EquivalenceCriterion.equivalent_up_to_global_phase (import: 3.66ms, transpile: 466.90ms, gates: {'OpType.Rz': 35, 'OpType.Rx': 22, 'OpType.ZZPhase': 9, 'OpType.Barrier': 1, 'OpType.Measure': 4})
  Run 5/5: EquivalenceCriterion.equivalent_up_to_global_phase (import: 3.09ms, transpile: 581.33ms, gates: {'OpType.Rz': 35, 'OpType.Rx': 22, 'OpType.ZZPhase': 9, 'OpType.Barrier': 1, 'OpType.Measure': 4})
Running 5 transpilation tests on vqe_real_amp_05...
  Run 1/5: EquivalenceCriterion.equivalent_up_to_global_phase (import: 4.35ms, transpile: 887.76ms, gates: {'OpType.Rz': 46, 'OpType.Rx': 29, 'OpType.ZZPhase': 12, 'OpType.Barrier': 1, 'OpType.Measure': 5})
  Run 2/5: EquivalenceCriterion.equivalent_up_to_global_phase (import: 10.78ms, transpile: 958.58ms, gates: {'OpType.Rz': 46, 'OpType.Rx': 29, 'OpType.ZZPhase': 12, 'OpType.Barrier': 1, 'OpType.Measure': 5})
  Run 3/5: EquivalenceCriterion.equivalent_up_to_global_phase (import: 4.98ms, transpile: 841.28ms, gates: {'OpType.Rz': 46, 'OpType.Rx': 29, 'OpType.ZZPhase': 12, 'OpType.Barrier': 1, 'OpType.Measure': 5})
  Run 4/5: EquivalenceCriterion.equivalent_up_to_global_phase (import: 7.30ms, transpile: 849.80ms, gates: {'OpType.Rz': 46, 'OpType.Rx': 29, 'OpType.ZZPhase': 12, 'OpType.Barrier': 1, 'OpType.Measure': 5})
  Run 5/5: EquivalenceCriterion.equivalent_up_to_global_phase (import: 8.33ms, transpile: 846.16ms, gates: {'OpType.Rz': 46, 'OpType.Rx': 29, 'OpType.ZZPhase': 12, 'OpType.Barrier': 1, 'OpType.Measure': 5})
Running 5 transpilation tests on vqe_real_amp_06...
  Run 1/5: EquivalenceCriterion.equivalent_up_to_global_phase (import: 6.83ms, transpile: 937.74ms, gates: {'OpType.Rz': 57, 'OpType.Rx': 36, 'OpType.ZZPhase': 15, 'OpType.Barrier': 1, 'OpType.Measure': 6})
  Run 2/5: EquivalenceCriterion.equivalent_up_to_global_phase (import: 4.56ms, transpile: 882.87ms, gates: {'OpType.Rz': 57, 'OpType.Rx': 36, 'OpType.ZZPhase': 15, 'OpType.Barrier': 1, 'OpType.Measure': 6})
  Run 3/5: EquivalenceCriterion.equivalent_up_to_global_phase (import: 5.09ms, transpile: 822.31ms, gates: {'OpType.Rz': 57, 'OpType.Rx': 36, 'OpType.ZZPhase': 15, 'OpType.Barrier': 1, 'OpType.Measure': 6})
  Run 4/5: EquivalenceCriterion.equivalent_up_to_global_phase (import: 4.84ms, transpile: 856.86ms, gates: {'OpType.Rz': 57, 'OpType.Rx': 36, 'OpType.ZZPhase': 15, 'OpType.Barrier': 1, 'OpType.Measure': 6})
  Run 5/5: EquivalenceCriterion.equivalent_up_to_global_phase (import: 4.56ms, transpile: 1003.45ms, gates: {'OpType.Rz': 57, 'OpType.Rx': 36, 'OpType.ZZPhase': 15, 'OpType.Barrier': 1, 'OpType.Measure': 6})
Running 5 transpilation tests on vqe_real_amp_07...
  Run 1/5: EquivalenceCriterion.equivalent_up_to_global_phase (import: 9.58ms, transpile: 1436.83ms, gates: {'OpType.Rz': 68, 'OpType.Rx': 43, 'OpType.ZZPhase': 18, 'OpType.Barrier': 1, 'OpType.Measure': 7})
  Run 2/5: EquivalenceCriterion.equivalent_up_to_global_phase (import: 5.92ms, transpile: 1173.22ms, gates: {'OpType.Rz': 68, 'OpType.Rx': 43, 'OpType.ZZPhase': 18, 'OpType.Barrier': 1, 'OpType.Measure': 7})
  Run 3/5: EquivalenceCriterion.equivalent_up_to_global_phase (import: 8.43ms, transpile: 1356.05ms, gates: {'OpType.Rz': 68, 'OpType.Rx': 43, 'OpType.ZZPhase': 18, 'OpType.Barrier': 1, 'OpType.Measure': 7})
  Run 4/5: EquivalenceCriterion.equivalent_up_to_global_phase (import: 8.99ms, transpile: 1182.15ms, gates: {'OpType.Rz': 68, 'OpType.Rx': 43, 'OpType.ZZPhase': 18, 'OpType.Barrier': 1, 'OpType.Measure': 7})
  Run 5/5: EquivalenceCriterion.equivalent_up_to_global_phase (import: 6.30ms, transpile: 1192.33ms, gates: {'OpType.Rz': 68, 'OpType.Rx': 43, 'OpType.ZZPhase': 18, 'OpType.Barrier': 1, 'OpType.Measure': 7})
Running 5 transpilation tests on vqe_real_amp_08...
  Run 1/5: EquivalenceCriterion.equivalent_up_to_global_phase (import: 8.63ms, transpile: 1722.92ms, gates: {'OpType.Rz': 79, 'OpType.Rx': 50, 'OpType.ZZPhase': 21, 'OpType.Barrier': 1, 'OpType.Measure': 8})
  Run 2/5: EquivalenceCriterion.equivalent_up_to_global_phase (import: 6.69ms, transpile: 1645.79ms, gates: {'OpType.Rz': 79, 'OpType.Rx': 50, 'OpType.ZZPhase': 21, 'OpType.Barrier': 1, 'OpType.Measure': 8})
  Run 3/5: EquivalenceCriterion.equivalent_up_to_global_phase (import: 5.87ms, transpile: 1397.89ms, gates: {'OpType.Rz': 79, 'OpType.Rx': 50, 'OpType.ZZPhase': 21, 'OpType.Barrier': 1, 'OpType.Measure': 8})
  Run 4/5: EquivalenceCriterion.equivalent_up_to_global_phase (import: 8.52ms, transpile: 1289.53ms, gates: {'OpType.Rz': 79, 'OpType.Rx': 50, 'OpType.ZZPhase': 21, 'OpType.Barrier': 1, 'OpType.Measure': 8})
  Run 5/5: EquivalenceCriterion.equivalent_up_to_global_phase (import: 7.05ms, transpile: 1625.07ms, gates: {'OpType.Rz': 79, 'OpType.Rx': 50, 'OpType.ZZPhase': 21, 'OpType.Barrier': 1, 'OpType.Measure': 8})
Failed to extract qubits: Unexpected token Token('INAM', 'recent') at line 1, column 17.
Expected one of:
	* STAR
	* COMMA
	* SLASH
	* RPAR
	* PLUS
	* MINUS
	* "**"
Previous tokens: [Token('ARG', 'most')]

Running 5 transpilation tests on hhl_02...
  Run 1/5: FAILED - Import failed: Unexpected token Token('INAM', 'recent') at line 1, column 17.
Expected one of:
	* STAR
	* COMMA
	* SLASH
	* RPAR
	* PLUS
	* MINUS
	* "**"
Previous tokens: [Token('ARG', 'most')]

  Run 2/5: FAILED - Import failed: Unexpected token Token('INAM', 'recent') at line 1, column 17.
Expected one of:
	* STAR
	* COMMA
	* SLASH
	* RPAR
	* PLUS
	* MINUS
	* "**"
Previous tokens: [Token('ARG', 'most')]

  Run 3/5: FAILED - Import failed: Unexpected token Token('INAM', 'recent') at line 1, column 17.
Expected one of:
	* STAR
	* COMMA
	* SLASH
	* RPAR
	* PLUS
	* MINUS
	* "**"
Previous tokens: [Token('ARG', 'most')]

  Run 4/5: FAILED - Import failed: Unexpected token Token('INAM', 'recent') at line 1, column 17.
Expected one of:
	* STAR
	* COMMA
	* SLASH
	* RPAR
	* PLUS
	* MINUS
	* "**"
Previous tokens: [Token('ARG', 'most')]

  Run 5/5: FAILED - Import failed: Unexpected token Token('INAM', 'recent') at line 1, column 17.
Expected one of:
	* STAR
	* COMMA
	* SLASH
	* RPAR
	* PLUS
	* MINUS
	* "**"
Previous tokens: [Token('ARG', 'most')]

Running 5 transpilation tests on hhl_03...
  Run 1/5: EquivalenceCriterion.equivalent_up_to_global_phase (import: 5.75ms, transpile: 337.11ms, gates: {'OpType.Rz': 21, 'OpType.Rx': 16, 'OpType.ZZPhase': 6, 'OpType.Measure': 1})
  Run 2/5: EquivalenceCriterion.equivalent_up_to_global_phase (import: 3.61ms, transpile: 318.56ms, gates: {'OpType.Rz': 21, 'OpType.Rx': 16, 'OpType.ZZPhase': 6, 'OpType.Measure': 1})
  Run 3/5: EquivalenceCriterion.equivalent_up_to_global_phase (import: 4.45ms, transpile: 272.53ms, gates: {'OpType.Rz': 21, 'OpType.Rx': 16, 'OpType.ZZPhase': 6, 'OpType.Measure': 1})
  Run 4/5: EquivalenceCriterion.equivalent_up_to_global_phase (import: 4.11ms, transpile: 264.22ms, gates: {'OpType.Rz': 21, 'OpType.Rx': 16, 'OpType.ZZPhase': 6, 'OpType.Measure': 1})
  Run 5/5: EquivalenceCriterion.equivalent_up_to_global_phase (import: 3.15ms, transpile: 285.69ms, gates: {'OpType.Rz': 21, 'OpType.Rx': 16, 'OpType.ZZPhase': 6, 'OpType.Measure': 1})
Running 5 transpilation tests on hhl_04...
  Run 1/5: EquivalenceCriterion.equivalent_up_to_global_phase (import: 21.36ms, transpile: 1088.36ms, gates: {'OpType.Rz': 62, 'OpType.Rx': 51, 'OpType.ZZPhase': 17, 'OpType.Measure': 1})
  Run 2/5: EquivalenceCriterion.equivalent_up_to_global_phase (import: 11.19ms, transpile: 1222.91ms, gates: {'OpType.Rz': 62, 'OpType.Rx': 51, 'OpType.ZZPhase': 17, 'OpType.Measure': 1})
  Run 3/5: EquivalenceCriterion.equivalent_up_to_global_phase (import: 9.99ms, transpile: 963.95ms, gates: {'OpType.Rz': 62, 'OpType.Rx': 51, 'OpType.ZZPhase': 17, 'OpType.Measure': 1})
  Run 4/5: EquivalenceCriterion.equivalent_up_to_global_phase (import: 11.08ms, transpile: 843.60ms, gates: {'OpType.Rz': 62, 'OpType.Rx': 51, 'OpType.ZZPhase': 17, 'OpType.Measure': 1})
  Run 5/5: EquivalenceCriterion.equivalent_up_to_global_phase (import: 8.52ms, transpile: 813.29ms, gates: {'OpType.Rz': 62, 'OpType.Rx': 51, 'OpType.ZZPhase': 17, 'OpType.Measure': 1})
Running 5 transpilation tests on hhl_05...
  Run 1/5: EquivalenceCriterion.equivalent_up_to_global_phase (import: 13.33ms, transpile: 1312.55ms, gates: {'OpType.Rz': 108, 'OpType.Rx': 76, 'OpType.ZZPhase': 34, 'OpType.Measure': 1})
  Run 2/5: EquivalenceCriterion.equivalent_up_to_global_phase (import: 15.59ms, transpile: 1286.09ms, gates: {'OpType.Rz': 108, 'OpType.Rx': 76, 'OpType.ZZPhase': 34, 'OpType.Measure': 1})
  Run 3/5: EquivalenceCriterion.equivalent_up_to_global_phase (import: 19.31ms, transpile: 1423.68ms, gates: {'OpType.Rz': 108, 'OpType.Rx': 76, 'OpType.ZZPhase': 34, 'OpType.Measure': 1})
  Run 4/5: EquivalenceCriterion.equivalent_up_to_global_phase (import: 21.02ms, transpile: 1465.10ms, gates: {'OpType.Rz': 108, 'OpType.Rx': 76, 'OpType.ZZPhase': 34, 'OpType.Measure': 1})
  Run 5/5: EquivalenceCriterion.equivalent_up_to_global_phase (import: 23.32ms, transpile: 1411.31ms, gates: {'OpType.Rz': 108, 'OpType.Rx': 76, 'OpType.ZZPhase': 34, 'OpType.Measure': 1})
Running 5 transpilation tests on hhl_06...
  Run 1/5: EquivalenceCriterion.equivalent_up_to_global_phase (import: 23.66ms, transpile: 2247.40ms, gates: {'OpType.Rz': 178, 'OpType.Rx': 126, 'OpType.ZZPhase': 56, 'OpType.Measure': 1})
  Run 2/5: EquivalenceCriterion.equivalent_up_to_global_phase (import: 35.10ms, transpile: 2321.91ms, gates: {'OpType.Rz': 178, 'OpType.Rx': 126, 'OpType.ZZPhase': 56, 'OpType.Measure': 1})
  Run 3/5: EquivalenceCriterion.equivalent_up_to_global_phase (import: 24.39ms, transpile: 2379.06ms, gates: {'OpType.Rz': 178, 'OpType.Rx': 126, 'OpType.ZZPhase': 56, 'OpType.Measure': 1})
  Run 4/5: EquivalenceCriterion.equivalent_up_to_global_phase (import: 37.48ms, transpile: 2346.68ms, gates: {'OpType.Rz': 178, 'OpType.Rx': 126, 'OpType.ZZPhase': 56, 'OpType.Measure': 1})
  Run 5/5: EquivalenceCriterion.equivalent_up_to_global_phase (import: 35.75ms, transpile: 2203.94ms, gates: {'OpType.Rz': 178, 'OpType.Rx': 126, 'OpType.ZZPhase': 56, 'OpType.Measure': 1})
Running 5 transpilation tests on hhl_07...
  Run 1/5: EquivalenceCriterion.equivalent_up_to_global_phase (import: 36.71ms, transpile: 3499.88ms, gates: {'OpType.Rz': 242, 'OpType.Rx': 166, 'OpType.ZZPhase': 78, 'OpType.Measure': 1})
  Run 2/5: EquivalenceCriterion.equivalent_up_to_global_phase (import: 42.10ms, transpile: 3679.48ms, gates: {'OpType.Rz': 242, 'OpType.Rx': 166, 'OpType.ZZPhase': 78, 'OpType.Measure': 1})
  Run 3/5: EquivalenceCriterion.equivalent_up_to_global_phase (import: 39.22ms, transpile: 3388.18ms, gates: {'OpType.Rz': 242, 'OpType.Rx': 166, 'OpType.ZZPhase': 78, 'OpType.Measure': 1})
  Run 4/5: EquivalenceCriterion.equivalent_up_to_global_phase (import: 35.33ms, transpile: 3281.88ms, gates: {'OpType.Rz': 242, 'OpType.Rx': 166, 'OpType.ZZPhase': 78, 'OpType.Measure': 1})
  Run 5/5: EquivalenceCriterion.equivalent_up_to_global_phase (import: 38.22ms, transpile: 3299.45ms, gates: {'OpType.Rz': 242, 'OpType.Rx': 166, 'OpType.ZZPhase': 78, 'OpType.Measure': 1})
Running 5 transpilation tests on hhl_08...
  Run 1/5: EquivalenceCriterion.equivalent_up_to_global_phase (import: 57.04ms, transpile: 4499.51ms, gates: {'OpType.Rz': 336, 'OpType.Rx': 232, 'OpType.ZZPhase': 108, 'OpType.Measure': 1})
  Run 2/5: EquivalenceCriterion.equivalent_up_to_global_phase (import: 56.43ms, transpile: 4843.68ms, gates: {'OpType.Rz': 336, 'OpType.Rx': 232, 'OpType.ZZPhase': 108, 'OpType.Measure': 1})
  Run 3/5: EquivalenceCriterion.equivalent_up_to_global_phase (import: 69.82ms, transpile: 4660.74ms, gates: {'OpType.Rz': 336, 'OpType.Rx': 232, 'OpType.ZZPhase': 108, 'OpType.Measure': 1})
  Run 4/5: EquivalenceCriterion.equivalent_up_to_global_phase (import: 69.45ms, transpile: 5606.79ms, gates: {'OpType.Rz': 336, 'OpType.Rx': 232, 'OpType.ZZPhase': 108, 'OpType.Measure': 1})
  Run 5/5: EquivalenceCriterion.equivalent_up_to_global_phase (import: 57.08ms, transpile: 4735.57ms, gates: {'OpType.Rz': 336, 'OpType.Rx': 232, 'OpType.ZZPhase': 108, 'OpType.Measure': 1})
Running 5 transpilation tests on grover_02...
  Run 1/5: EquivalenceCriterion.equivalent_up_to_global_phase (import: 6.36ms, transpile: 56.79ms, gates: {'OpType.Rz': 6, 'OpType.Rx': 3, 'OpType.ZZPhase': 1, 'OpType.Barrier': 1, 'OpType.Measure': 2})
  Run 2/5: EquivalenceCriterion.equivalent_up_to_global_phase (import: 5.32ms, transpile: 63.02ms, gates: {'OpType.Rz': 6, 'OpType.Rx': 3, 'OpType.ZZPhase': 1, 'OpType.Barrier': 1, 'OpType.Measure': 2})
  Run 3/5: EquivalenceCriterion.equivalent_up_to_global_phase (import: 5.97ms, transpile: 66.72ms, gates: {'OpType.Rz': 6, 'OpType.Rx': 3, 'OpType.ZZPhase': 1, 'OpType.Barrier': 1, 'OpType.Measure': 2})
  Run 4/5: EquivalenceCriterion.equivalent_up_to_global_phase (import: 6.22ms, transpile: 70.30ms, gates: {'OpType.Rz': 6, 'OpType.Rx': 3, 'OpType.ZZPhase': 1, 'OpType.Barrier': 1, 'OpType.Measure': 2})
  Run 5/5: EquivalenceCriterion.equivalent_up_to_global_phase (import: 5.54ms, transpile: 58.21ms, gates: {'OpType.Rz': 6, 'OpType.Rx': 3, 'OpType.ZZPhase': 1, 'OpType.Barrier': 1, 'OpType.Measure': 2})
Running 5 transpilation tests on grover_03...
  Run 1/5: EquivalenceCriterion.equivalent_up_to_global_phase (import: 5.02ms, transpile: 226.16ms, gates: {'OpType.Rx': 18, 'OpType.Rz': 23, 'OpType.ZZPhase': 6, 'OpType.Barrier': 1, 'OpType.Measure': 3})
  Run 2/5: EquivalenceCriterion.equivalent_up_to_global_phase (import: 4.53ms, transpile: 237.63ms, gates: {'OpType.Rx': 18, 'OpType.Rz': 23, 'OpType.ZZPhase': 6, 'OpType.Barrier': 1, 'OpType.Measure': 3})
  Run 3/5: EquivalenceCriterion.equivalent_up_to_global_phase (import: 5.33ms, transpile: 296.28ms, gates: {'OpType.Rx': 18, 'OpType.Rz': 23, 'OpType.ZZPhase': 6, 'OpType.Barrier': 1, 'OpType.Measure': 3})
  Run 4/5: EquivalenceCriterion.equivalent_up_to_global_phase (import: 4.93ms, transpile: 274.74ms, gates: {'OpType.Rx': 18, 'OpType.Rz': 23, 'OpType.ZZPhase': 6, 'OpType.Barrier': 1, 'OpType.Measure': 3})
  Run 5/5: EquivalenceCriterion.equivalent_up_to_global_phase (import: 4.68ms, transpile: 297.40ms, gates: {'OpType.Rx': 18, 'OpType.Rz': 23, 'OpType.ZZPhase': 6, 'OpType.Barrier': 1, 'OpType.Measure': 3})
Running 5 transpilation tests on grover_04...
  Run 1/5: EquivalenceCriterion.equivalent_up_to_global_phase (import: 13.74ms, transpile: 2045.84ms, gates: {'OpType.Rz': 176, 'OpType.Rx': 120, 'OpType.ZZPhase': 52, 'OpType.Barrier': 1, 'OpType.Measure': 4})
  Run 2/5: EquivalenceCriterion.equivalent_up_to_global_phase (import: 12.04ms, transpile: 1818.29ms, gates: {'OpType.Rz': 176, 'OpType.Rx': 120, 'OpType.ZZPhase': 52, 'OpType.Barrier': 1, 'OpType.Measure': 4})
  Run 3/5: EquivalenceCriterion.equivalent_up_to_global_phase (import: 10.31ms, transpile: 2023.88ms, gates: {'OpType.Rz': 176, 'OpType.Rx': 120, 'OpType.ZZPhase': 52, 'OpType.Barrier': 1, 'OpType.Measure': 4})
  Run 4/5: EquivalenceCriterion.equivalent_up_to_global_phase (import: 12.85ms, transpile: 1776.02ms, gates: {'OpType.Rz': 176, 'OpType.Rx': 120, 'OpType.ZZPhase': 52, 'OpType.Barrier': 1, 'OpType.Measure': 4})
  Run 5/5: EquivalenceCriterion.equivalent_up_to_global_phase (import: 9.18ms, transpile: 1836.46ms, gates: {'OpType.Rz': 176, 'OpType.Rx': 120, 'OpType.ZZPhase': 52, 'OpType.Barrier': 1, 'OpType.Measure': 4})
Running 5 transpilation tests on grover_05...
  Run 1/5: EquivalenceCriterion.equivalent_up_to_global_phase (import: 38.47ms, transpile: 7730.75ms, gates: {'OpType.Rz': 653, 'OpType.Rx': 484, 'OpType.ZZPhase': 168, 'OpType.Barrier': 1, 'OpType.Measure': 5})
  Run 2/5: EquivalenceCriterion.equivalent_up_to_global_phase (import: 38.04ms, transpile: 7944.75ms, gates: {'OpType.Rz': 653, 'OpType.Rx': 484, 'OpType.ZZPhase': 168, 'OpType.Barrier': 1, 'OpType.Measure': 5})
  Run 3/5: EquivalenceCriterion.equivalent_up_to_global_phase (import: 26.88ms, transpile: 7062.08ms, gates: {'OpType.Rz': 653, 'OpType.Rx': 484, 'OpType.ZZPhase': 168, 'OpType.Barrier': 1, 'OpType.Measure': 5})
  Run 4/5: EquivalenceCriterion.equivalent_up_to_global_phase (import: 23.25ms, transpile: 7317.71ms, gates: {'OpType.Rz': 653, 'OpType.Rx': 484, 'OpType.ZZPhase': 168, 'OpType.Barrier': 1, 'OpType.Measure': 5})
  Run 5/5: EquivalenceCriterion.equivalent_up_to_global_phase (import: 82.35ms, transpile: 7830.82ms, gates: {'OpType.Rz': 653, 'OpType.Rx': 484, 'OpType.ZZPhase': 168, 'OpType.Barrier': 1, 'OpType.Measure': 5})
Running 5 transpilation tests on grover_06...
  Run 1/5: EquivalenceCriterion.equivalent_up_to_global_phase (import: 123.95ms, transpile: 21357.05ms, gates: {'OpType.Rz': 1558, 'OpType.Rx': 1067, 'OpType.ZZPhase': 480, 'OpType.Barrier': 1, 'OpType.Measure': 6})
  Run 2/5: EquivalenceCriterion.equivalent_up_to_global_phase (import: 89.56ms, transpile: 21251.19ms, gates: {'OpType.Rz': 1558, 'OpType.Rx': 1067, 'OpType.ZZPhase': 480, 'OpType.Barrier': 1, 'OpType.Measure': 6})
  Run 3/5: EquivalenceCriterion.equivalent_up_to_global_phase (import: 87.40ms, transpile: 21659.08ms, gates: {'OpType.Rz': 1558, 'OpType.Rx': 1067, 'OpType.ZZPhase': 480, 'OpType.Barrier': 1, 'OpType.Measure': 6})
  Run 4/5: EquivalenceCriterion.equivalent_up_to_global_phase (import: 88.35ms, transpile: 21029.66ms, gates: {'OpType.Rz': 1558, 'OpType.Rx': 1067, 'OpType.ZZPhase': 480, 'OpType.Barrier': 1, 'OpType.Measure': 6})
  Run 5/5: EquivalenceCriterion.equivalent_up_to_global_phase (import: 72.96ms, transpile: 21591.32ms, gates: {'OpType.Rz': 1558, 'OpType.Rx': 1067, 'OpType.ZZPhase': 480, 'OpType.Barrier': 1, 'OpType.Measure': 6})
Running 5 transpilation tests on grover_07...
  Run 1/5: EquivalenceCriterion.equivalent_up_to_global_phase (import: 122.92ms, transpile: 60063.88ms, gates: {'OpType.Rz': 5178, 'OpType.Rx': 3828, 'OpType.ZZPhase': 1322, 'OpType.Barrier': 1, 'OpType.Measure': 7})
  Run 2/5: EquivalenceCriterion.equivalent_up_to_global_phase (import: 134.58ms, transpile: 62466.84ms, gates: {'OpType.Rz': 5178, 'OpType.Rx': 3828, 'OpType.ZZPhase': 1322, 'OpType.Barrier': 1, 'OpType.Measure': 7})
  Run 3/5: EquivalenceCriterion.equivalent_up_to_global_phase (import: 140.29ms, transpile: 59112.08ms, gates: {'OpType.Rz': 5178, 'OpType.Rx': 3828, 'OpType.ZZPhase': 1322, 'OpType.Barrier': 1, 'OpType.Measure': 7})
  Run 4/5: EquivalenceCriterion.equivalent_up_to_global_phase (import: 124.56ms, transpile: 67929.01ms, gates: {'OpType.Rz': 5178, 'OpType.Rx': 3828, 'OpType.ZZPhase': 1322, 'OpType.Barrier': 1, 'OpType.Measure': 7})
  Run 5/5: EquivalenceCriterion.equivalent_up_to_global_phase (import: 122.35ms, transpile: 61487.50ms, gates: {'OpType.Rz': 5178, 'OpType.Rx': 3828, 'OpType.ZZPhase': 1322, 'OpType.Barrier': 1, 'OpType.Measure': 7})
Running 5 transpilation tests on grover_08...
The ZX checker suggests that the circuits are not equivalent, but the simulation checker suggests that they are probably equivalent. Thus, no conclusion can be drawn.
  Run 1/5: EquivalenceCriterion.no_information (import: 236.27ms, transpile: 133107.93ms, gates: {'OpType.Rz': 10290, 'OpType.Rx': 7342, 'OpType.ZZPhase': 2864, 'OpType.Barrier': 1, 'OpType.Measure': 8})
The ZX checker suggests that the circuits are not equivalent, but the simulation checker suggests that they are probably equivalent. Thus, no conclusion can be drawn.
  Run 2/5: EquivalenceCriterion.no_information (import: 228.46ms, transpile: 129484.45ms, gates: {'OpType.Rz': 10290, 'OpType.Rx': 7342, 'OpType.ZZPhase': 2864, 'OpType.Barrier': 1, 'OpType.Measure': 8})
The ZX checker suggests that the circuits are not equivalent, but the simulation checker suggests that they are probably equivalent. Thus, no conclusion can be drawn.
  Run 3/5: EquivalenceCriterion.no_information (import: 217.38ms, transpile: 135218.98ms, gates: {'OpType.Rz': 10290, 'OpType.Rx': 7342, 'OpType.ZZPhase': 2864, 'OpType.Barrier': 1, 'OpType.Measure': 8})
The ZX checker suggests that the circuits are not equivalent, but the simulation checker suggests that they are probably equivalent. Thus, no conclusion can be drawn.
  Run 4/5: EquivalenceCriterion.no_information (import: 245.12ms, transpile: 142637.32ms, gates: {'OpType.Rz': 10290, 'OpType.Rx': 7342, 'OpType.ZZPhase': 2864, 'OpType.Barrier': 1, 'OpType.Measure': 8})
The ZX checker suggests that the circuits are not equivalent, but the simulation checker suggests that they are probably equivalent. Thus, no conclusion can be drawn.
  Run 5/5: EquivalenceCriterion.no_information (import: 251.80ms, transpile: 135631.01ms, gates: {'OpType.Rz': 10290, 'OpType.Rx': 7342, 'OpType.ZZPhase': 2864, 'OpType.Barrier': 1, 'OpType.Measure': 8})
Results saved to experiments/transpiler_result_20260611_171203_Pytket_Targeted_Quantinuum_gateset.json
Processing SDK: Pytket_Mapped_all_to_all_IBM_gateset
Running 5 transpilation tests on qaoa_02...
  Run 1/5: EquivalenceCriterion.not_equivalent (import: 0.99ms, transpile: 106.96ms, gates: {'OpType.Rz': 13, 'OpType.SX': 8, 'OpType.CX': 2})
  Run 2/5: EquivalenceCriterion.not_equivalent (import: 3.16ms, transpile: 115.33ms, gates: {'OpType.Rz': 13, 'OpType.SX': 8, 'OpType.CX': 2})
  Run 3/5: EquivalenceCriterion.not_equivalent (import: 1.28ms, transpile: 103.79ms, gates: {'OpType.Rz': 13, 'OpType.SX': 8, 'OpType.CX': 2})
  Run 4/5: EquivalenceCriterion.not_equivalent (import: 1.24ms, transpile: 139.13ms, gates: {'OpType.Rz': 13, 'OpType.SX': 8, 'OpType.CX': 2})
  Run 5/5: EquivalenceCriterion.not_equivalent (import: 1.13ms, transpile: 120.14ms, gates: {'OpType.Rz': 13, 'OpType.SX': 8, 'OpType.CX': 2})
Running 5 transpilation tests on qaoa_03...
  Run 1/5: EquivalenceCriterion.not_equivalent (import: 1.63ms, transpile: 285.59ms, gates: {'OpType.Rz': 26, 'OpType.SX': 15, 'OpType.CX': 8})
  Run 2/5: EquivalenceCriterion.not_equivalent (import: 2.12ms, transpile: 309.49ms, gates: {'OpType.Rz': 26, 'OpType.SX': 15, 'OpType.CX': 8})
  Run 3/5: EquivalenceCriterion.not_equivalent (import: 2.94ms, transpile: 290.01ms, gates: {'OpType.Rz': 26, 'OpType.SX': 15, 'OpType.CX': 8})
  Run 4/5: EquivalenceCriterion.not_equivalent (import: 1.53ms, transpile: 275.65ms, gates: {'OpType.Rz': 26, 'OpType.SX': 15, 'OpType.CX': 8})
  Run 5/5: EquivalenceCriterion.not_equivalent (import: 1.61ms, transpile: 258.51ms, gates: {'OpType.Rz': 26, 'OpType.SX': 15, 'OpType.CX': 8})
Running 5 transpilation tests on qaoa_04...
  Run 1/5: EquivalenceCriterion.not_equivalent (import: 1.89ms, transpile: 297.95ms, gates: {'OpType.Rz': 28, 'OpType.SX': 16, 'OpType.CX': 8})
  Run 2/5: EquivalenceCriterion.not_equivalent (import: 1.80ms, transpile: 323.85ms, gates: {'OpType.Rz': 28, 'OpType.SX': 16, 'OpType.CX': 8})
  Run 3/5: EquivalenceCriterion.not_equivalent (import: 2.72ms, transpile: 298.90ms, gates: {'OpType.Rz': 28, 'OpType.SX': 16, 'OpType.CX': 8})
  Run 4/5: EquivalenceCriterion.not_equivalent (import: 2.85ms, transpile: 283.87ms, gates: {'OpType.Rz': 28, 'OpType.SX': 16, 'OpType.CX': 8})
  Run 5/5: EquivalenceCriterion.not_equivalent (import: 2.03ms, transpile: 300.85ms, gates: {'OpType.Rz': 28, 'OpType.SX': 16, 'OpType.CX': 8})
Running 5 transpilation tests on qaoa_05...
  Run 1/5: EquivalenceCriterion.not_equivalent (import: 3.19ms, transpile: 1031.10ms, gates: {'OpType.Rz': 50, 'OpType.SX': 25, 'OpType.CX': 24})
  Run 2/5: EquivalenceCriterion.not_equivalent (import: 4.19ms, transpile: 1645.71ms, gates: {'OpType.Rz': 50, 'OpType.SX': 25, 'OpType.CX': 24})
  Run 3/5: EquivalenceCriterion.not_equivalent (import: 3.08ms, transpile: 1007.91ms, gates: {'OpType.Rz': 50, 'OpType.SX': 25, 'OpType.CX': 24})
  Run 4/5: EquivalenceCriterion.not_equivalent (import: 3.46ms, transpile: 973.61ms, gates: {'OpType.Rz': 50, 'OpType.SX': 25, 'OpType.CX': 24})
  Run 5/5: EquivalenceCriterion.not_equivalent (import: 4.23ms, transpile: 1006.58ms, gates: {'OpType.Rz': 50, 'OpType.SX': 25, 'OpType.CX': 24})
Running 5 transpilation tests on qaoa_06...
  Run 1/5: EquivalenceCriterion.not_equivalent (import: 5.26ms, transpile: 1143.65ms, gates: {'OpType.Rz': 58, 'OpType.SX': 30, 'OpType.CX': 28})
  Run 2/5: EquivalenceCriterion.not_equivalent (import: 3.93ms, transpile: 1076.34ms, gates: {'OpType.Rz': 58, 'OpType.SX': 30, 'OpType.CX': 28})
  Run 3/5: EquivalenceCriterion.not_equivalent (import: 3.22ms, transpile: 1139.26ms, gates: {'OpType.Rz': 58, 'OpType.SX': 30, 'OpType.CX': 28})
  Run 4/5: EquivalenceCriterion.not_equivalent (import: 3.30ms, transpile: 1210.56ms, gates: {'OpType.Rz': 58, 'OpType.SX': 30, 'OpType.CX': 28})
  Run 5/5: EquivalenceCriterion.not_equivalent (import: 4.13ms, transpile: 1239.20ms, gates: {'OpType.Rz': 58, 'OpType.SX': 30, 'OpType.CX': 28})
Running 5 transpilation tests on qaoa_07...
  Run 1/5: EquivalenceCriterion.not_equivalent (import: 5.42ms, transpile: 1897.22ms, gates: {'OpType.Rz': 76, 'OpType.SX': 35, 'OpType.CX': 48})
  Run 2/5: EquivalenceCriterion.not_equivalent (import: 6.46ms, transpile: 1876.00ms, gates: {'OpType.Rz': 76, 'OpType.SX': 35, 'OpType.CX': 48})
  Run 3/5: EquivalenceCriterion.not_equivalent (import: 5.00ms, transpile: 1800.44ms, gates: {'OpType.Rz': 76, 'OpType.SX': 35, 'OpType.CX': 48})
  Run 4/5: EquivalenceCriterion.not_equivalent (import: 5.25ms, transpile: 1785.77ms, gates: {'OpType.Rz': 76, 'OpType.SX': 35, 'OpType.CX': 48})
  Run 5/5: EquivalenceCriterion.not_equivalent (import: 5.35ms, transpile: 1877.49ms, gates: {'OpType.Rz': 76, 'OpType.SX': 35, 'OpType.CX': 48})
Running 5 transpilation tests on qaoa_08...
  Run 1/5: EquivalenceCriterion.not_equivalent (import: 5.19ms, transpile: 2116.54ms, gates: {'OpType.Rz': 90, 'OpType.SX': 40, 'OpType.CX': 56})
  Run 2/5: EquivalenceCriterion.not_equivalent (import: 6.77ms, transpile: 2084.04ms, gates: {'OpType.Rz': 90, 'OpType.SX': 40, 'OpType.CX': 56})
  Run 3/5: EquivalenceCriterion.not_equivalent (import: 7.32ms, transpile: 2224.48ms, gates: {'OpType.Rz': 90, 'OpType.SX': 40, 'OpType.CX': 56})
  Run 4/5: EquivalenceCriterion.not_equivalent (import: 6.46ms, transpile: 2032.28ms, gates: {'OpType.Rz': 90, 'OpType.SX': 40, 'OpType.CX': 56})
  Run 5/5: EquivalenceCriterion.not_equivalent (import: 6.08ms, transpile: 2196.21ms, gates: {'OpType.Rz': 90, 'OpType.SX': 40, 'OpType.CX': 56})
Running 5 transpilation tests on qft_02...
C:\Users\Administrator\AppData\Local\Programs\Python\Python313\Lib\site-packages\pytket\extensions\qiskit\qiskit_convert.py:1157: UserWarning: The pytket Circuit contains implicit qubit permutations which aren't handled by default. Consider using the replace_implicit_swaps flag in tk_to_qiskit or replacing them using Circuit.replace_implicit_wire_swaps().
  warnings.warn(  # noqa: B028
  Run 1/5: EquivalenceCriterion.not_equivalent (import: 3.25ms, transpile: 93.66ms, gates: {'OpType.Rz': 11, 'OpType.SX': 6, 'OpType.CX': 2, 'OpType.Barrier': 1, 'OpType.Measure': 2})
  Run 2/5: EquivalenceCriterion.not_equivalent (import: 3.66ms, transpile: 120.64ms, gates: {'OpType.Rz': 11, 'OpType.SX': 6, 'OpType.CX': 2, 'OpType.Barrier': 1, 'OpType.Measure': 2})
  Run 3/5: EquivalenceCriterion.not_equivalent (import: 3.77ms, transpile: 112.51ms, gates: {'OpType.Rz': 11, 'OpType.SX': 6, 'OpType.CX': 2, 'OpType.Barrier': 1, 'OpType.Measure': 2})
  Run 4/5: EquivalenceCriterion.not_equivalent (import: 5.09ms, transpile: 121.71ms, gates: {'OpType.Rz': 11, 'OpType.SX': 6, 'OpType.CX': 2, 'OpType.Barrier': 1, 'OpType.Measure': 2})
  Run 5/5: EquivalenceCriterion.not_equivalent (import: 3.01ms, transpile: 95.20ms, gates: {'OpType.Rz': 11, 'OpType.SX': 6, 'OpType.CX': 2, 'OpType.Barrier': 1, 'OpType.Measure': 2})
Running 5 transpilation tests on qft_03...
  Run 1/5: EquivalenceCriterion.not_equivalent (import: 5.40ms, transpile: 210.47ms, gates: {'OpType.Rz': 10, 'OpType.SX': 3, 'OpType.CX': 6, 'OpType.Barrier': 1, 'OpType.Measure': 3})
  Run 2/5: EquivalenceCriterion.not_equivalent (import: 13.06ms, transpile: 216.94ms, gates: {'OpType.Rz': 10, 'OpType.SX': 3, 'OpType.CX': 6, 'OpType.Barrier': 1, 'OpType.Measure': 3})
  Run 3/5: EquivalenceCriterion.not_equivalent (import: 7.60ms, transpile: 206.61ms, gates: {'OpType.Rz': 10, 'OpType.SX': 3, 'OpType.CX': 6, 'OpType.Barrier': 1, 'OpType.Measure': 3})
  Run 4/5: EquivalenceCriterion.not_equivalent (import: 6.27ms, transpile: 214.27ms, gates: {'OpType.Rz': 10, 'OpType.SX': 3, 'OpType.CX': 6, 'OpType.Barrier': 1, 'OpType.Measure': 3})
  Run 5/5: EquivalenceCriterion.not_equivalent (import: 8.81ms, transpile: 235.19ms, gates: {'OpType.Rz': 10, 'OpType.SX': 3, 'OpType.CX': 6, 'OpType.Barrier': 1, 'OpType.Measure': 3})
Running 5 transpilation tests on qft_04...
  Run 1/5: EquivalenceCriterion.not_equivalent (import: 18.45ms, transpile: 476.28ms, gates: {'OpType.Rz': 17, 'OpType.SX': 4, 'OpType.CX': 12, 'OpType.Barrier': 1, 'OpType.Measure': 4})
  Run 2/5: EquivalenceCriterion.not_equivalent (import: 12.53ms, transpile: 523.91ms, gates: {'OpType.Rz': 17, 'OpType.SX': 4, 'OpType.CX': 12, 'OpType.Barrier': 1, 'OpType.Measure': 4})
  Run 3/5: EquivalenceCriterion.not_equivalent (import: 12.43ms, transpile: 408.65ms, gates: {'OpType.Rz': 17, 'OpType.SX': 4, 'OpType.CX': 12, 'OpType.Barrier': 1, 'OpType.Measure': 4})
  Run 4/5: EquivalenceCriterion.not_equivalent (import: 11.06ms, transpile: 418.80ms, gates: {'OpType.Rz': 17, 'OpType.SX': 4, 'OpType.CX': 12, 'OpType.Barrier': 1, 'OpType.Measure': 4})
  Run 5/5: EquivalenceCriterion.not_equivalent (import: 11.91ms, transpile: 544.89ms, gates: {'OpType.Rz': 17, 'OpType.SX': 4, 'OpType.CX': 12, 'OpType.Barrier': 1, 'OpType.Measure': 4})
Running 5 transpilation tests on qft_05...
  Run 1/5: EquivalenceCriterion.not_equivalent (import: 27.36ms, transpile: 1272.08ms, gates: {'OpType.Rz': 26, 'OpType.SX': 5, 'OpType.CX': 20, 'OpType.Barrier': 1, 'OpType.Measure': 5})
  Run 2/5: EquivalenceCriterion.not_equivalent (import: 30.98ms, transpile: 878.48ms, gates: {'OpType.Rz': 26, 'OpType.SX': 5, 'OpType.CX': 20, 'OpType.Barrier': 1, 'OpType.Measure': 5})
  Run 3/5: EquivalenceCriterion.not_equivalent (import: 18.81ms, transpile: 814.11ms, gates: {'OpType.Rz': 26, 'OpType.SX': 5, 'OpType.CX': 20, 'OpType.Barrier': 1, 'OpType.Measure': 5})
  Run 4/5: EquivalenceCriterion.not_equivalent (import: 18.48ms, transpile: 752.98ms, gates: {'OpType.Rz': 26, 'OpType.SX': 5, 'OpType.CX': 20, 'OpType.Barrier': 1, 'OpType.Measure': 5})
  Run 5/5: EquivalenceCriterion.not_equivalent (import: 22.35ms, transpile: 842.81ms, gates: {'OpType.Rz': 26, 'OpType.SX': 5, 'OpType.CX': 20, 'OpType.Barrier': 1, 'OpType.Measure': 5})
Running 5 transpilation tests on qft_06...
  Run 1/5: EquivalenceCriterion.not_equivalent (import: 27.26ms, transpile: 1554.20ms, gates: {'OpType.Rz': 37, 'OpType.SX': 6, 'OpType.CX': 30, 'OpType.Barrier': 1, 'OpType.Measure': 6})
  Run 2/5: EquivalenceCriterion.not_equivalent (import: 35.52ms, transpile: 1393.47ms, gates: {'OpType.Rz': 37, 'OpType.SX': 6, 'OpType.CX': 30, 'OpType.Barrier': 1, 'OpType.Measure': 6})
  Run 3/5: EquivalenceCriterion.not_equivalent (import: 27.69ms, transpile: 1153.53ms, gates: {'OpType.Rz': 37, 'OpType.SX': 6, 'OpType.CX': 30, 'OpType.Barrier': 1, 'OpType.Measure': 6})
  Run 4/5: EquivalenceCriterion.not_equivalent (import: 24.90ms, transpile: 1272.17ms, gates: {'OpType.Rz': 37, 'OpType.SX': 6, 'OpType.CX': 30, 'OpType.Barrier': 1, 'OpType.Measure': 6})
  Run 5/5: EquivalenceCriterion.not_equivalent (import: 31.66ms, transpile: 1282.03ms, gates: {'OpType.Rz': 37, 'OpType.SX': 6, 'OpType.CX': 30, 'OpType.Barrier': 1, 'OpType.Measure': 6})
Running 5 transpilation tests on qft_07...
  Run 1/5: EquivalenceCriterion.not_equivalent (import: 36.86ms, transpile: 1532.97ms, gates: {'OpType.Rz': 50, 'OpType.SX': 7, 'OpType.CX': 42, 'OpType.Barrier': 1, 'OpType.Measure': 7})
  Run 2/5: EquivalenceCriterion.not_equivalent (import: 35.68ms, transpile: 1439.98ms, gates: {'OpType.Rz': 50, 'OpType.SX': 7, 'OpType.CX': 42, 'OpType.Barrier': 1, 'OpType.Measure': 7})
  Run 3/5: EquivalenceCriterion.not_equivalent (import: 32.21ms, transpile: 1362.78ms, gates: {'OpType.Rz': 50, 'OpType.SX': 7, 'OpType.CX': 42, 'OpType.Barrier': 1, 'OpType.Measure': 7})
  Run 4/5: EquivalenceCriterion.not_equivalent (import: 34.79ms, transpile: 1564.34ms, gates: {'OpType.Rz': 50, 'OpType.SX': 7, 'OpType.CX': 42, 'OpType.Barrier': 1, 'OpType.Measure': 7})
  Run 5/5: EquivalenceCriterion.not_equivalent (import: 36.40ms, transpile: 1633.48ms, gates: {'OpType.Rz': 50, 'OpType.SX': 7, 'OpType.CX': 42, 'OpType.Barrier': 1, 'OpType.Measure': 7})
Running 5 transpilation tests on qft_08...
The ZX checker suggests that the circuits are not equivalent, but the simulation checker suggests that they are probably equivalent. Thus, no conclusion can be drawn.
  Run 1/5: EquivalenceCriterion.no_information (import: 37.10ms, transpile: 1837.54ms, gates: {'OpType.Rz': 65, 'OpType.SX': 8, 'OpType.CX': 56, 'OpType.Barrier': 1, 'OpType.Measure': 8})
The ZX checker suggests that the circuits are not equivalent, but the simulation checker suggests that they are probably equivalent. Thus, no conclusion can be drawn.
  Run 2/5: EquivalenceCriterion.no_information (import: 36.35ms, transpile: 1866.25ms, gates: {'OpType.Rz': 65, 'OpType.SX': 8, 'OpType.CX': 56, 'OpType.Barrier': 1, 'OpType.Measure': 8})
The ZX checker suggests that the circuits are not equivalent, but the simulation checker suggests that they are probably equivalent. Thus, no conclusion can be drawn.
  Run 3/5: EquivalenceCriterion.no_information (import: 37.94ms, transpile: 1790.76ms, gates: {'OpType.Rz': 65, 'OpType.SX': 8, 'OpType.CX': 56, 'OpType.Barrier': 1, 'OpType.Measure': 8})
The ZX checker suggests that the circuits are not equivalent, but the simulation checker suggests that they are probably equivalent. Thus, no conclusion can be drawn.
  Run 4/5: EquivalenceCriterion.no_information (import: 36.42ms, transpile: 2023.39ms, gates: {'OpType.Rz': 65, 'OpType.SX': 8, 'OpType.CX': 56, 'OpType.Barrier': 1, 'OpType.Measure': 8})
The ZX checker suggests that the circuits are not equivalent, but the simulation checker suggests that they are probably equivalent. Thus, no conclusion can be drawn.
  Run 5/5: EquivalenceCriterion.no_information (import: 36.76ms, transpile: 2104.70ms, gates: {'OpType.Rz': 65, 'OpType.SX': 8, 'OpType.CX': 56, 'OpType.Barrier': 1, 'OpType.Measure': 8})
Running 5 transpilation tests on randomcircuit_02...
  Run 1/5: EquivalenceCriterion.not_equivalent (import: 3.12ms, transpile: 103.60ms, gates: {'OpType.SX': 10, 'OpType.Rz': 12, 'OpType.CX': 2, 'OpType.Barrier': 1, 'OpType.Measure': 2})
  Run 2/5: EquivalenceCriterion.not_equivalent (import: 2.76ms, transpile: 107.60ms, gates: {'OpType.SX': 10, 'OpType.Rz': 12, 'OpType.CX': 2, 'OpType.Barrier': 1, 'OpType.Measure': 2})
  Run 3/5: EquivalenceCriterion.not_equivalent (import: 5.19ms, transpile: 155.05ms, gates: {'OpType.SX': 10, 'OpType.Rz': 12, 'OpType.CX': 2, 'OpType.Barrier': 1, 'OpType.Measure': 2})
  Run 4/5: EquivalenceCriterion.not_equivalent (import: 5.14ms, transpile: 112.92ms, gates: {'OpType.SX': 10, 'OpType.Rz': 12, 'OpType.CX': 2, 'OpType.Barrier': 1, 'OpType.Measure': 2})
  Run 5/5: EquivalenceCriterion.not_equivalent (import: 4.70ms, transpile: 99.40ms, gates: {'OpType.SX': 10, 'OpType.Rz': 12, 'OpType.CX': 2, 'OpType.Barrier': 1, 'OpType.Measure': 2})
Running 5 transpilation tests on randomcircuit_03...
  Run 1/5: EquivalenceCriterion.not_equivalent (import: 3.02ms, transpile: 485.96ms, gates: {'OpType.Rz': 52, 'OpType.SX': 33, 'OpType.CX': 17, 'OpType.Barrier': 1, 'OpType.Measure': 3})
  Run 2/5: EquivalenceCriterion.not_equivalent (import: 3.54ms, transpile: 665.37ms, gates: {'OpType.Rz': 52, 'OpType.SX': 33, 'OpType.CX': 17, 'OpType.Barrier': 1, 'OpType.Measure': 3})
  Run 3/5: EquivalenceCriterion.not_equivalent (import: 3.38ms, transpile: 516.23ms, gates: {'OpType.Rz': 52, 'OpType.SX': 33, 'OpType.CX': 17, 'OpType.Barrier': 1, 'OpType.Measure': 3})
  Run 4/5: EquivalenceCriterion.not_equivalent (import: 3.78ms, transpile: 513.53ms, gates: {'OpType.Rz': 52, 'OpType.SX': 33, 'OpType.CX': 17, 'OpType.Barrier': 1, 'OpType.Measure': 3})
  Run 5/5: EquivalenceCriterion.not_equivalent (import: 4.21ms, transpile: 461.96ms, gates: {'OpType.Rz': 52, 'OpType.SX': 33, 'OpType.CX': 17, 'OpType.Barrier': 1, 'OpType.Measure': 3})
Running 5 transpilation tests on randomcircuit_04...
  Run 1/5: EquivalenceCriterion.not_equivalent (import: 10.18ms, transpile: 1937.13ms, gates: {'OpType.Rz': 58, 'OpType.X': 2, 'OpType.CX': 41, 'OpType.SX': 12, 'OpType.Barrier': 1, 'OpType.Measure': 4})
  Run 2/5: EquivalenceCriterion.not_equivalent (import: 17.57ms, transpile: 2307.91ms, gates: {'OpType.Rz': 58, 'OpType.X': 2, 'OpType.CX': 41, 'OpType.SX': 12, 'OpType.Barrier': 1, 'OpType.Measure': 4})
  Run 3/5: EquivalenceCriterion.not_equivalent (import: 12.12ms, transpile: 1790.93ms, gates: {'OpType.Rz': 58, 'OpType.X': 2, 'OpType.CX': 41, 'OpType.SX': 12, 'OpType.Barrier': 1, 'OpType.Measure': 4})
  Run 4/5: EquivalenceCriterion.not_equivalent (import: 12.30ms, transpile: 1920.89ms, gates: {'OpType.Rz': 58, 'OpType.X': 2, 'OpType.CX': 41, 'OpType.SX': 12, 'OpType.Barrier': 1, 'OpType.Measure': 4})
  Run 5/5: EquivalenceCriterion.not_equivalent (import: 20.25ms, transpile: 1736.71ms, gates: {'OpType.Rz': 58, 'OpType.X': 2, 'OpType.CX': 41, 'OpType.SX': 12, 'OpType.Barrier': 1, 'OpType.Measure': 4})
Running 5 transpilation tests on randomcircuit_05...
  Run 1/5: EquivalenceCriterion.not_equivalent (import: 14.76ms, transpile: 2191.31ms, gates: {'OpType.Rz': 73, 'OpType.X': 7, 'OpType.CX': 55, 'OpType.SX': 19, 'OpType.Barrier': 1, 'OpType.Measure': 5})
  Run 2/5: EquivalenceCriterion.not_equivalent (import: 27.12ms, transpile: 2229.37ms, gates: {'OpType.Rz': 73, 'OpType.X': 7, 'OpType.CX': 55, 'OpType.SX': 19, 'OpType.Barrier': 1, 'OpType.Measure': 5})
  Run 3/5: EquivalenceCriterion.not_equivalent (import: 15.30ms, transpile: 2175.18ms, gates: {'OpType.Rz': 73, 'OpType.X': 7, 'OpType.CX': 55, 'OpType.SX': 19, 'OpType.Barrier': 1, 'OpType.Measure': 5})
  Run 4/5: EquivalenceCriterion.not_equivalent (import: 12.92ms, transpile: 1996.11ms, gates: {'OpType.Rz': 73, 'OpType.X': 7, 'OpType.CX': 55, 'OpType.SX': 19, 'OpType.Barrier': 1, 'OpType.Measure': 5})
  Run 5/5: EquivalenceCriterion.not_equivalent (import: 14.25ms, transpile: 2105.92ms, gates: {'OpType.Rz': 73, 'OpType.X': 7, 'OpType.CX': 55, 'OpType.SX': 19, 'OpType.Barrier': 1, 'OpType.Measure': 5})
Running 5 transpilation tests on randomcircuit_06...
  Run 1/5: EquivalenceCriterion.not_equivalent (import: 14.18ms, transpile: 3557.28ms, gates: {'OpType.SX': 42, 'OpType.Rz': 132, 'OpType.X': 5, 'OpType.CX': 94, 'OpType.Barrier': 1, 'OpType.Measure': 6})
  Run 2/5: EquivalenceCriterion.not_equivalent (import: 15.36ms, transpile: 3964.65ms, gates: {'OpType.SX': 42, 'OpType.Rz': 132, 'OpType.X': 5, 'OpType.CX': 94, 'OpType.Barrier': 1, 'OpType.Measure': 6})
  Run 3/5: EquivalenceCriterion.not_equivalent (import: 13.90ms, transpile: 3783.33ms, gates: {'OpType.SX': 42, 'OpType.Rz': 132, 'OpType.X': 5, 'OpType.CX': 94, 'OpType.Barrier': 1, 'OpType.Measure': 6})
  Run 4/5: EquivalenceCriterion.not_equivalent (import: 17.81ms, transpile: 3890.21ms, gates: {'OpType.SX': 42, 'OpType.Rz': 132, 'OpType.X': 5, 'OpType.CX': 94, 'OpType.Barrier': 1, 'OpType.Measure': 6})
  Run 5/5: EquivalenceCriterion.not_equivalent (import: 14.17ms, transpile: 3766.15ms, gates: {'OpType.SX': 42, 'OpType.Rz': 132, 'OpType.X': 5, 'OpType.CX': 94, 'OpType.Barrier': 1, 'OpType.Measure': 6})
Running 5 transpilation tests on randomcircuit_07...
  Run 1/5: EquivalenceCriterion.not_equivalent (import: 19.99ms, transpile: 5328.34ms, gates: {'OpType.Rz': 195, 'OpType.X': 17, 'OpType.CX': 143, 'OpType.SX': 57, 'OpType.Barrier': 1, 'OpType.Measure': 7})
  Run 2/5: EquivalenceCriterion.not_equivalent (import: 22.74ms, transpile: 5569.99ms, gates: {'OpType.Rz': 195, 'OpType.X': 17, 'OpType.CX': 143, 'OpType.SX': 57, 'OpType.Barrier': 1, 'OpType.Measure': 7})
  Run 3/5: EquivalenceCriterion.not_equivalent (import: 21.59ms, transpile: 5993.55ms, gates: {'OpType.Rz': 195, 'OpType.X': 17, 'OpType.CX': 143, 'OpType.SX': 57, 'OpType.Barrier': 1, 'OpType.Measure': 7})
  Run 4/5: EquivalenceCriterion.not_equivalent (import: 22.84ms, transpile: 5118.33ms, gates: {'OpType.Rz': 195, 'OpType.X': 17, 'OpType.CX': 143, 'OpType.SX': 57, 'OpType.Barrier': 1, 'OpType.Measure': 7})
  Run 5/5: EquivalenceCriterion.not_equivalent (import: 19.98ms, transpile: 4969.57ms, gates: {'OpType.Rz': 195, 'OpType.X': 17, 'OpType.CX': 143, 'OpType.SX': 57, 'OpType.Barrier': 1, 'OpType.Measure': 7})
Running 5 transpilation tests on randomcircuit_08...
  Run 1/5: EquivalenceCriterion.not_equivalent (import: 29.29ms, transpile: 7303.34ms, gates: {'OpType.Rz': 274, 'OpType.X': 34, 'OpType.CX': 207, 'OpType.SX': 78, 'OpType.Barrier': 1, 'OpType.Measure': 8})
  Run 2/5: EquivalenceCriterion.not_equivalent (import: 28.51ms, transpile: 8006.61ms, gates: {'OpType.Rz': 274, 'OpType.X': 34, 'OpType.CX': 207, 'OpType.SX': 78, 'OpType.Barrier': 1, 'OpType.Measure': 8})
  Run 3/5: EquivalenceCriterion.not_equivalent (import: 40.11ms, transpile: 7400.31ms, gates: {'OpType.Rz': 274, 'OpType.X': 34, 'OpType.CX': 207, 'OpType.SX': 78, 'OpType.Barrier': 1, 'OpType.Measure': 8})
  Run 4/5: EquivalenceCriterion.not_equivalent (import: 33.02ms, transpile: 7436.95ms, gates: {'OpType.Rz': 274, 'OpType.X': 34, 'OpType.CX': 207, 'OpType.SX': 78, 'OpType.Barrier': 1, 'OpType.Measure': 8})
  Run 5/5: EquivalenceCriterion.not_equivalent (import: 35.11ms, transpile: 7590.77ms, gates: {'OpType.Rz': 274, 'OpType.X': 34, 'OpType.CX': 207, 'OpType.SX': 78, 'OpType.Barrier': 1, 'OpType.Measure': 8})
Running 5 transpilation tests on vqe_real_amp_02...
  Run 1/5: EquivalenceCriterion.not_equivalent (import: 1.90ms, transpile: 97.82ms, gates: {'OpType.SX': 9, 'OpType.Rz': 11, 'OpType.CX': 2, 'OpType.Barrier': 1, 'OpType.Measure': 2})
  Run 2/5: EquivalenceCriterion.not_equivalent (import: 1.64ms, transpile: 103.98ms, gates: {'OpType.SX': 9, 'OpType.Rz': 11, 'OpType.CX': 2, 'OpType.Barrier': 1, 'OpType.Measure': 2})
  Run 3/5: EquivalenceCriterion.not_equivalent (import: 1.94ms, transpile: 102.22ms, gates: {'OpType.SX': 9, 'OpType.Rz': 11, 'OpType.CX': 2, 'OpType.Barrier': 1, 'OpType.Measure': 2})
  Run 4/5: EquivalenceCriterion.not_equivalent (import: 2.25ms, transpile: 103.23ms, gates: {'OpType.SX': 9, 'OpType.Rz': 11, 'OpType.CX': 2, 'OpType.Barrier': 1, 'OpType.Measure': 2})
  Run 5/5: EquivalenceCriterion.not_equivalent (import: 1.79ms, transpile: 98.86ms, gates: {'OpType.SX': 9, 'OpType.Rz': 11, 'OpType.CX': 2, 'OpType.Barrier': 1, 'OpType.Measure': 2})
Running 5 transpilation tests on vqe_real_amp_03...
  Run 1/5: EquivalenceCriterion.not_equivalent (import: 2.45ms, transpile: 202.07ms, gates: {'OpType.SX': 24, 'OpType.Rz': 24, 'OpType.CX': 6, 'OpType.Barrier': 1, 'OpType.Measure': 3})
  Run 2/5: EquivalenceCriterion.not_equivalent (import: 2.86ms, transpile: 207.30ms, gates: {'OpType.SX': 24, 'OpType.Rz': 24, 'OpType.CX': 6, 'OpType.Barrier': 1, 'OpType.Measure': 3})
  Run 3/5: EquivalenceCriterion.not_equivalent (import: 3.09ms, transpile: 200.55ms, gates: {'OpType.SX': 24, 'OpType.Rz': 24, 'OpType.CX': 6, 'OpType.Barrier': 1, 'OpType.Measure': 3})
  Run 4/5: EquivalenceCriterion.not_equivalent (import: 3.42ms, transpile: 200.26ms, gates: {'OpType.SX': 24, 'OpType.Rz': 24, 'OpType.CX': 6, 'OpType.Barrier': 1, 'OpType.Measure': 3})
  Run 5/5: EquivalenceCriterion.not_equivalent (import: 2.30ms, transpile: 209.12ms, gates: {'OpType.SX': 24, 'OpType.Rz': 24, 'OpType.CX': 6, 'OpType.Barrier': 1, 'OpType.Measure': 3})
Running 5 transpilation tests on vqe_real_amp_04...
  Run 1/5: EquivalenceCriterion.not_equivalent (import: 3.07ms, transpile: 509.62ms, gates: {'OpType.SX': 32, 'OpType.Rz': 32, 'OpType.CX': 9, 'OpType.Barrier': 1, 'OpType.Measure': 4})
  Run 2/5: EquivalenceCriterion.not_equivalent (import: 3.26ms, transpile: 431.43ms, gates: {'OpType.SX': 32, 'OpType.Rz': 32, 'OpType.CX': 9, 'OpType.Barrier': 1, 'OpType.Measure': 4})
  Run 3/5: EquivalenceCriterion.not_equivalent (import: 2.99ms, transpile: 433.14ms, gates: {'OpType.SX': 32, 'OpType.Rz': 32, 'OpType.CX': 9, 'OpType.Barrier': 1, 'OpType.Measure': 4})
  Run 4/5: EquivalenceCriterion.not_equivalent (import: 4.75ms, transpile: 424.82ms, gates: {'OpType.SX': 32, 'OpType.Rz': 32, 'OpType.CX': 9, 'OpType.Barrier': 1, 'OpType.Measure': 4})
  Run 5/5: EquivalenceCriterion.not_equivalent (import: 4.08ms, transpile: 414.31ms, gates: {'OpType.SX': 32, 'OpType.Rz': 32, 'OpType.CX': 9, 'OpType.Barrier': 1, 'OpType.Measure': 4})
Running 5 transpilation tests on vqe_real_amp_05...
  Run 1/5: EquivalenceCriterion.not_equivalent (import: 3.82ms, transpile: 617.49ms, gates: {'OpType.SX': 40, 'OpType.Rz': 40, 'OpType.CX': 12, 'OpType.Barrier': 1, 'OpType.Measure': 5})
  Run 2/5: EquivalenceCriterion.not_equivalent (import: 3.92ms, transpile: 627.61ms, gates: {'OpType.SX': 40, 'OpType.Rz': 40, 'OpType.CX': 12, 'OpType.Barrier': 1, 'OpType.Measure': 5})
  Run 3/5: EquivalenceCriterion.not_equivalent (import: 3.84ms, transpile: 608.45ms, gates: {'OpType.SX': 40, 'OpType.Rz': 40, 'OpType.CX': 12, 'OpType.Barrier': 1, 'OpType.Measure': 5})
  Run 4/5: EquivalenceCriterion.not_equivalent (import: 3.71ms, transpile: 637.44ms, gates: {'OpType.SX': 40, 'OpType.Rz': 40, 'OpType.CX': 12, 'OpType.Barrier': 1, 'OpType.Measure': 5})
  Run 5/5: EquivalenceCriterion.not_equivalent (import: 3.78ms, transpile: 649.52ms, gates: {'OpType.SX': 40, 'OpType.Rz': 40, 'OpType.CX': 12, 'OpType.Barrier': 1, 'OpType.Measure': 5})
Running 5 transpilation tests on vqe_real_amp_06...
  Run 1/5: EquivalenceCriterion.not_equivalent (import: 4.61ms, transpile: 898.96ms, gates: {'OpType.SX': 48, 'OpType.Rz': 48, 'OpType.CX': 15, 'OpType.Barrier': 1, 'OpType.Measure': 6})
  Run 2/5: EquivalenceCriterion.not_equivalent (import: 5.64ms, transpile: 860.38ms, gates: {'OpType.SX': 48, 'OpType.Rz': 48, 'OpType.CX': 15, 'OpType.Barrier': 1, 'OpType.Measure': 6})
  Run 3/5: EquivalenceCriterion.not_equivalent (import: 4.47ms, transpile: 965.77ms, gates: {'OpType.SX': 48, 'OpType.Rz': 48, 'OpType.CX': 15, 'OpType.Barrier': 1, 'OpType.Measure': 6})
  Run 4/5: EquivalenceCriterion.not_equivalent (import: 6.25ms, transpile: 876.98ms, gates: {'OpType.SX': 48, 'OpType.Rz': 48, 'OpType.CX': 15, 'OpType.Barrier': 1, 'OpType.Measure': 6})
  Run 5/5: EquivalenceCriterion.not_equivalent (import: 5.20ms, transpile: 800.85ms, gates: {'OpType.SX': 48, 'OpType.Rz': 48, 'OpType.CX': 15, 'OpType.Barrier': 1, 'OpType.Measure': 6})
Running 5 transpilation tests on vqe_real_amp_07...
  Run 1/5: EquivalenceCriterion.not_equivalent (import: 4.94ms, transpile: 976.75ms, gates: {'OpType.SX': 56, 'OpType.Rz': 56, 'OpType.CX': 18, 'OpType.Barrier': 1, 'OpType.Measure': 7})
  Run 2/5: EquivalenceCriterion.not_equivalent (import: 5.78ms, transpile: 971.81ms, gates: {'OpType.SX': 56, 'OpType.Rz': 56, 'OpType.CX': 18, 'OpType.Barrier': 1, 'OpType.Measure': 7})
  Run 3/5: EquivalenceCriterion.not_equivalent (import: 5.16ms, transpile: 988.48ms, gates: {'OpType.SX': 56, 'OpType.Rz': 56, 'OpType.CX': 18, 'OpType.Barrier': 1, 'OpType.Measure': 7})
  Run 4/5: EquivalenceCriterion.not_equivalent (import: 8.55ms, transpile: 1070.10ms, gates: {'OpType.SX': 56, 'OpType.Rz': 56, 'OpType.CX': 18, 'OpType.Barrier': 1, 'OpType.Measure': 7})
  Run 5/5: EquivalenceCriterion.not_equivalent (import: 5.27ms, transpile: 1004.34ms, gates: {'OpType.SX': 56, 'OpType.Rz': 56, 'OpType.CX': 18, 'OpType.Barrier': 1, 'OpType.Measure': 7})
Running 5 transpilation tests on vqe_real_amp_08...
  Run 1/5: EquivalenceCriterion.not_equivalent (import: 5.90ms, transpile: 1125.68ms, gates: {'OpType.SX': 64, 'OpType.Rz': 64, 'OpType.CX': 21, 'OpType.Barrier': 1, 'OpType.Measure': 8})
  Run 2/5: EquivalenceCriterion.not_equivalent (import: 8.56ms, transpile: 1161.70ms, gates: {'OpType.SX': 64, 'OpType.Rz': 64, 'OpType.CX': 21, 'OpType.Barrier': 1, 'OpType.Measure': 8})
  Run 3/5: EquivalenceCriterion.not_equivalent (import: 8.29ms, transpile: 1134.62ms, gates: {'OpType.SX': 64, 'OpType.Rz': 64, 'OpType.CX': 21, 'OpType.Barrier': 1, 'OpType.Measure': 8})
  Run 4/5: EquivalenceCriterion.not_equivalent (import: 6.12ms, transpile: 1288.69ms, gates: {'OpType.SX': 64, 'OpType.Rz': 64, 'OpType.CX': 21, 'OpType.Barrier': 1, 'OpType.Measure': 8})
  Run 5/5: EquivalenceCriterion.not_equivalent (import: 7.70ms, transpile: 1249.89ms, gates: {'OpType.SX': 64, 'OpType.Rz': 64, 'OpType.CX': 21, 'OpType.Barrier': 1, 'OpType.Measure': 8})
Failed to extract qubits: Unexpected token Token('INAM', 'recent') at line 1, column 17.
Expected one of:
	* STAR
	* COMMA
	* SLASH
	* RPAR
	* PLUS
	* MINUS
	* "**"
Previous tokens: [Token('ARG', 'most')]

Running 5 transpilation tests on hhl_02...
  Run 1/5: FAILED - Import failed: Unexpected token Token('INAM', 'recent') at line 1, column 17.
Expected one of:
	* STAR
	* COMMA
	* SLASH
	* RPAR
	* PLUS
	* MINUS
	* "**"
Previous tokens: [Token('ARG', 'most')]

  Run 2/5: FAILED - Import failed: Unexpected token Token('INAM', 'recent') at line 1, column 17.
Expected one of:
	* STAR
	* COMMA
	* SLASH
	* RPAR
	* PLUS
	* MINUS
	* "**"
Previous tokens: [Token('ARG', 'most')]

  Run 3/5: FAILED - Import failed: Unexpected token Token('INAM', 'recent') at line 1, column 17.
Expected one of:
	* STAR
	* COMMA
	* SLASH
	* RPAR
	* PLUS
	* MINUS
	* "**"
Previous tokens: [Token('ARG', 'most')]

  Run 4/5: FAILED - Import failed: Unexpected token Token('INAM', 'recent') at line 1, column 17.
Expected one of:
	* STAR
	* COMMA
	* SLASH
	* RPAR
	* PLUS
	* MINUS
	* "**"
Previous tokens: [Token('ARG', 'most')]

  Run 5/5: FAILED - Import failed: Unexpected token Token('INAM', 'recent') at line 1, column 17.
Expected one of:
	* STAR
	* COMMA
	* SLASH
	* RPAR
	* PLUS
	* MINUS
	* "**"
Previous tokens: [Token('ARG', 'most')]

Running 5 transpilation tests on hhl_03...
  Run 1/5: EquivalenceCriterion.not_equivalent (import: 4.30ms, transpile: 263.82ms, gates: {'OpType.SX': 8, 'OpType.X': 1, 'OpType.Rz': 13, 'OpType.CX': 6, 'OpType.Measure': 1})
  Run 2/5: EquivalenceCriterion.not_equivalent (import: 3.61ms, transpile: 254.77ms, gates: {'OpType.SX': 8, 'OpType.X': 1, 'OpType.Rz': 13, 'OpType.CX': 6, 'OpType.Measure': 1})
  Run 3/5: EquivalenceCriterion.not_equivalent (import: 3.03ms, transpile: 272.53ms, gates: {'OpType.SX': 8, 'OpType.X': 1, 'OpType.Rz': 13, 'OpType.CX': 6, 'OpType.Measure': 1})
  Run 4/5: EquivalenceCriterion.not_equivalent (import: 2.83ms, transpile: 265.40ms, gates: {'OpType.SX': 8, 'OpType.X': 1, 'OpType.Rz': 13, 'OpType.CX': 6, 'OpType.Measure': 1})
  Run 5/5: EquivalenceCriterion.not_equivalent (import: 4.08ms, transpile: 255.86ms, gates: {'OpType.SX': 8, 'OpType.X': 1, 'OpType.Rz': 13, 'OpType.CX': 6, 'OpType.Measure': 1})
Running 5 transpilation tests on hhl_04...
  Run 1/5: EquivalenceCriterion.not_equivalent (import: 12.23ms, transpile: 822.54ms, gates: {'OpType.X': 5, 'OpType.Rz': 37, 'OpType.SX': 18, 'OpType.CX': 15, 'OpType.Measure': 1})
  Run 2/5: EquivalenceCriterion.not_equivalent (import: 7.79ms, transpile: 743.19ms, gates: {'OpType.X': 5, 'OpType.Rz': 37, 'OpType.SX': 18, 'OpType.CX': 15, 'OpType.Measure': 1})
  Run 3/5: EquivalenceCriterion.not_equivalent (import: 7.28ms, transpile: 757.75ms, gates: {'OpType.X': 5, 'OpType.Rz': 37, 'OpType.SX': 18, 'OpType.CX': 15, 'OpType.Measure': 1})
  Run 4/5: EquivalenceCriterion.not_equivalent (import: 10.22ms, transpile: 696.47ms, gates: {'OpType.X': 5, 'OpType.Rz': 37, 'OpType.SX': 18, 'OpType.CX': 15, 'OpType.Measure': 1})
  Run 5/5: EquivalenceCriterion.not_equivalent (import: 13.84ms, transpile: 756.25ms, gates: {'OpType.X': 5, 'OpType.Rz': 37, 'OpType.SX': 18, 'OpType.CX': 15, 'OpType.Measure': 1})
Running 5 transpilation tests on hhl_05...
  Run 1/5: EquivalenceCriterion.not_equivalent (import: 23.89ms, transpile: 1373.52ms, gates: {'OpType.Rz': 45, 'OpType.X': 1, 'OpType.SX': 16, 'OpType.CX': 28, 'OpType.Measure': 1})
  Run 2/5: EquivalenceCriterion.not_equivalent (import: 24.86ms, transpile: 2062.87ms, gates: {'OpType.Rz': 45, 'OpType.X': 1, 'OpType.SX': 16, 'OpType.CX': 28, 'OpType.Measure': 1})
  Run 3/5: EquivalenceCriterion.not_equivalent (import: 20.45ms, transpile: 1484.54ms, gates: {'OpType.Rz': 45, 'OpType.X': 1, 'OpType.SX': 16, 'OpType.CX': 28, 'OpType.Measure': 1})
  Run 4/5: EquivalenceCriterion.not_equivalent (import: 26.33ms, transpile: 1283.40ms, gates: {'OpType.Rz': 45, 'OpType.X': 1, 'OpType.SX': 16, 'OpType.CX': 28, 'OpType.Measure': 1})
  Run 5/5: EquivalenceCriterion.not_equivalent (import: 17.20ms, transpile: 1108.31ms, gates: {'OpType.Rz': 45, 'OpType.X': 1, 'OpType.SX': 16, 'OpType.CX': 28, 'OpType.Measure': 1})
Running 5 transpilation tests on hhl_06...
  Run 1/5: EquivalenceCriterion.not_equivalent (import: 27.16ms, transpile: 1790.95ms, gates: {'OpType.Rz': 66, 'OpType.X': 1, 'OpType.SX': 20, 'OpType.CX': 45, 'OpType.Measure': 1})
  Run 2/5: EquivalenceCriterion.not_equivalent (import: 25.13ms, transpile: 1800.35ms, gates: {'OpType.Rz': 66, 'OpType.X': 1, 'OpType.SX': 20, 'OpType.CX': 45, 'OpType.Measure': 1})
  Run 3/5: EquivalenceCriterion.not_equivalent (import: 26.18ms, transpile: 1919.50ms, gates: {'OpType.Rz': 66, 'OpType.X': 1, 'OpType.SX': 20, 'OpType.CX': 45, 'OpType.Measure': 1})
  Run 4/5: EquivalenceCriterion.not_equivalent (import: 33.60ms, transpile: 2288.60ms, gates: {'OpType.Rz': 66, 'OpType.X': 1, 'OpType.SX': 20, 'OpType.CX': 45, 'OpType.Measure': 1})
  Run 5/5: EquivalenceCriterion.not_equivalent (import: 42.95ms, transpile: 2183.99ms, gates: {'OpType.Rz': 66, 'OpType.X': 1, 'OpType.SX': 20, 'OpType.CX': 45, 'OpType.Measure': 1})
Running 5 transpilation tests on hhl_07...
  Run 1/5: EquivalenceCriterion.not_equivalent (import: 96.89ms, transpile: 3532.98ms, gates: {'OpType.Rz': 91, 'OpType.X': 1, 'OpType.SX': 24, 'OpType.CX': 66, 'OpType.Measure': 1})
  Run 2/5: EquivalenceCriterion.not_equivalent (import: 75.40ms, transpile: 3373.48ms, gates: {'OpType.Rz': 91, 'OpType.X': 1, 'OpType.SX': 24, 'OpType.CX': 66, 'OpType.Measure': 1})
  Run 3/5: EquivalenceCriterion.not_equivalent (import: 50.39ms, transpile: 2788.10ms, gates: {'OpType.Rz': 91, 'OpType.X': 1, 'OpType.SX': 24, 'OpType.CX': 66, 'OpType.Measure': 1})
  Run 4/5: EquivalenceCriterion.not_equivalent (import: 42.85ms, transpile: 2973.93ms, gates: {'OpType.Rz': 91, 'OpType.X': 1, 'OpType.SX': 24, 'OpType.CX': 66, 'OpType.Measure': 1})
  Run 5/5: EquivalenceCriterion.not_equivalent (import: 60.75ms, transpile: 2851.60ms, gates: {'OpType.Rz': 91, 'OpType.X': 1, 'OpType.SX': 24, 'OpType.CX': 66, 'OpType.Measure': 1})
Running 5 transpilation tests on hhl_08...
  Run 1/5: EquivalenceCriterion.not_equivalent (import: 63.35ms, transpile: 4324.72ms, gates: {'OpType.Rz': 120, 'OpType.X': 1, 'OpType.SX': 28, 'OpType.CX': 91, 'OpType.Measure': 1})
  Run 2/5: EquivalenceCriterion.not_equivalent (import: 57.10ms, transpile: 3379.89ms, gates: {'OpType.Rz': 120, 'OpType.X': 1, 'OpType.SX': 28, 'OpType.CX': 91, 'OpType.Measure': 1})
  Run 3/5: EquivalenceCriterion.not_equivalent (import: 285.51ms, transpile: 3218.66ms, gates: {'OpType.Rz': 120, 'OpType.X': 1, 'OpType.SX': 28, 'OpType.CX': 91, 'OpType.Measure': 1})
  Run 4/5: EquivalenceCriterion.not_equivalent (import: 72.40ms, transpile: 3664.46ms, gates: {'OpType.Rz': 120, 'OpType.X': 1, 'OpType.SX': 28, 'OpType.CX': 91, 'OpType.Measure': 1})
  Run 5/5: EquivalenceCriterion.not_equivalent (import: 62.00ms, transpile: 3373.47ms, gates: {'OpType.Rz': 120, 'OpType.X': 1, 'OpType.SX': 28, 'OpType.CX': 91, 'OpType.Measure': 1})
Running 5 transpilation tests on grover_02...
  Run 1/5: EquivalenceCriterion.not_equivalent (import: 3.96ms, transpile: 51.57ms, gates: {'OpType.Rz': 6, 'OpType.SX': 3, 'OpType.CX': 1, 'OpType.Barrier': 1, 'OpType.Measure': 2})
  Run 2/5: EquivalenceCriterion.not_equivalent (import: 4.64ms, transpile: 55.45ms, gates: {'OpType.Rz': 6, 'OpType.SX': 3, 'OpType.CX': 1, 'OpType.Barrier': 1, 'OpType.Measure': 2})
  Run 3/5: EquivalenceCriterion.not_equivalent (import: 4.58ms, transpile: 54.97ms, gates: {'OpType.Rz': 6, 'OpType.SX': 3, 'OpType.CX': 1, 'OpType.Barrier': 1, 'OpType.Measure': 2})
  Run 4/5: EquivalenceCriterion.not_equivalent (import: 4.27ms, transpile: 50.34ms, gates: {'OpType.Rz': 6, 'OpType.SX': 3, 'OpType.CX': 1, 'OpType.Barrier': 1, 'OpType.Measure': 2})
  Run 5/5: EquivalenceCriterion.not_equivalent (import: 5.13ms, transpile: 51.42ms, gates: {'OpType.Rz': 6, 'OpType.SX': 3, 'OpType.CX': 1, 'OpType.Barrier': 1, 'OpType.Measure': 2})
Running 5 transpilation tests on grover_03...
  Run 1/5: EquivalenceCriterion.not_equivalent (import: 5.37ms, transpile: 210.78ms, gates: {'OpType.X': 1, 'OpType.Rz': 9, 'OpType.SX': 5, 'OpType.CX': 6, 'OpType.Barrier': 1, 'OpType.Measure': 3})
  Run 2/5: EquivalenceCriterion.not_equivalent (import: 10.21ms, transpile: 214.53ms, gates: {'OpType.X': 1, 'OpType.Rz': 9, 'OpType.SX': 5, 'OpType.CX': 6, 'OpType.Barrier': 1, 'OpType.Measure': 3})
  Run 3/5: EquivalenceCriterion.not_equivalent (import: 4.58ms, transpile: 237.56ms, gates: {'OpType.X': 1, 'OpType.Rz': 9, 'OpType.SX': 5, 'OpType.CX': 6, 'OpType.Barrier': 1, 'OpType.Measure': 3})
  Run 4/5: EquivalenceCriterion.not_equivalent (import: 4.31ms, transpile: 217.78ms, gates: {'OpType.X': 1, 'OpType.Rz': 9, 'OpType.SX': 5, 'OpType.CX': 6, 'OpType.Barrier': 1, 'OpType.Measure': 3})
  Run 5/5: EquivalenceCriterion.not_equivalent (import: 5.50ms, transpile: 226.37ms, gates: {'OpType.X': 1, 'OpType.Rz': 9, 'OpType.SX': 5, 'OpType.CX': 6, 'OpType.Barrier': 1, 'OpType.Measure': 3})
Running 5 transpilation tests on grover_04...
  Run 1/5: EquivalenceCriterion.not_equivalent (import: 9.65ms, transpile: 1874.30ms, gates: {'OpType.Rz': 82, 'OpType.SX': 23, 'OpType.CX': 52, 'OpType.X': 4, 'OpType.Barrier': 1, 'OpType.Measure': 4})
  Run 2/5: EquivalenceCriterion.not_equivalent (import: 10.90ms, transpile: 1964.77ms, gates: {'OpType.Rz': 82, 'OpType.SX': 23, 'OpType.CX': 52, 'OpType.X': 4, 'OpType.Barrier': 1, 'OpType.Measure': 4})
  Run 3/5: EquivalenceCriterion.not_equivalent (import: 9.90ms, transpile: 2286.70ms, gates: {'OpType.Rz': 82, 'OpType.SX': 23, 'OpType.CX': 52, 'OpType.X': 4, 'OpType.Barrier': 1, 'OpType.Measure': 4})
  Run 4/5: EquivalenceCriterion.not_equivalent (import: 9.77ms, transpile: 2151.17ms, gates: {'OpType.Rz': 82, 'OpType.SX': 23, 'OpType.CX': 52, 'OpType.X': 4, 'OpType.Barrier': 1, 'OpType.Measure': 4})
  Run 5/5: EquivalenceCriterion.not_equivalent (import: 10.11ms, transpile: 1911.42ms, gates: {'OpType.Rz': 82, 'OpType.SX': 23, 'OpType.CX': 52, 'OpType.X': 4, 'OpType.Barrier': 1, 'OpType.Measure': 4})
Running 5 transpilation tests on grover_05...
  Run 1/5: EquivalenceCriterion.not_equivalent (import: 29.10ms, transpile: 7449.65ms, gates: {'OpType.Rz': 251, 'OpType.SX': 73, 'OpType.CX': 168, 'OpType.X': 106, 'OpType.Barrier': 1, 'OpType.Measure': 5})
  Run 2/5: EquivalenceCriterion.not_equivalent (import: 28.77ms, transpile: 7025.92ms, gates: {'OpType.Rz': 251, 'OpType.SX': 73, 'OpType.CX': 168, 'OpType.X': 106, 'OpType.Barrier': 1, 'OpType.Measure': 5})
  Run 3/5: EquivalenceCriterion.not_equivalent (import: 24.08ms, transpile: 6721.95ms, gates: {'OpType.Rz': 251, 'OpType.SX': 73, 'OpType.CX': 168, 'OpType.X': 106, 'OpType.Barrier': 1, 'OpType.Measure': 5})
  Run 4/5: EquivalenceCriterion.not_equivalent (import: 28.09ms, transpile: 7152.51ms, gates: {'OpType.Rz': 251, 'OpType.SX': 73, 'OpType.CX': 168, 'OpType.X': 106, 'OpType.Barrier': 1, 'OpType.Measure': 5})
  Run 5/5: EquivalenceCriterion.not_equivalent (import: 31.20ms, transpile: 7213.39ms, gates: {'OpType.Rz': 251, 'OpType.SX': 73, 'OpType.CX': 168, 'OpType.X': 106, 'OpType.Barrier': 1, 'OpType.Measure': 5})
Running 5 transpilation tests on grover_06...
  Run 1/5: EquivalenceCriterion.not_equivalent (import: 128.22ms, transpile: 21176.75ms, gates: {'OpType.Rz': 648, 'OpType.SX': 149, 'OpType.CX': 480, 'OpType.X': 26, 'OpType.Barrier': 1, 'OpType.Measure': 6})
  Run 2/5: EquivalenceCriterion.not_equivalent (import: 73.26ms, transpile: 20121.00ms, gates: {'OpType.Rz': 648, 'OpType.SX': 149, 'OpType.CX': 480, 'OpType.X': 26, 'OpType.Barrier': 1, 'OpType.Measure': 6})
  Run 3/5: EquivalenceCriterion.not_equivalent (import: 90.65ms, transpile: 16341.14ms, gates: {'OpType.Rz': 648, 'OpType.SX': 149, 'OpType.CX': 480, 'OpType.X': 26, 'OpType.Barrier': 1, 'OpType.Measure': 6})
  Run 4/5: EquivalenceCriterion.not_equivalent (import: 75.92ms, transpile: 16563.75ms, gates: {'OpType.Rz': 648, 'OpType.SX': 149, 'OpType.CX': 480, 'OpType.X': 26, 'OpType.Barrier': 1, 'OpType.Measure': 6})
  Run 5/5: EquivalenceCriterion.not_equivalent (import: 78.28ms, transpile: 16722.02ms, gates: {'OpType.Rz': 648, 'OpType.SX': 149, 'OpType.CX': 480, 'OpType.X': 26, 'OpType.Barrier': 1, 'OpType.Measure': 6})
Running 5 transpilation tests on grover_07...
  Run 1/5: EquivalenceCriterion.not_equivalent (import: 114.87ms, transpile: 51549.25ms, gates: {'OpType.Rz': 1703, 'OpType.SX': 387, 'OpType.CX': 1322, 'OpType.X': 1022, 'OpType.Barrier': 1, 'OpType.Measure': 7})
  Run 2/5: EquivalenceCriterion.not_equivalent (import: 143.67ms, transpile: 52056.18ms, gates: {'OpType.Rz': 1703, 'OpType.SX': 387, 'OpType.CX': 1322, 'OpType.X': 1022, 'OpType.Barrier': 1, 'OpType.Measure': 7})
  Run 3/5: EquivalenceCriterion.not_equivalent (import: 130.26ms, transpile: 51691.03ms, gates: {'OpType.Rz': 1703, 'OpType.SX': 387, 'OpType.CX': 1322, 'OpType.X': 1022, 'OpType.Barrier': 1, 'OpType.Measure': 7})
  Run 4/5: EquivalenceCriterion.not_equivalent (import: 133.41ms, transpile: 52128.35ms, gates: {'OpType.Rz': 1703, 'OpType.SX': 387, 'OpType.CX': 1322, 'OpType.X': 1022, 'OpType.Barrier': 1, 'OpType.Measure': 7})
  Run 5/5: EquivalenceCriterion.not_equivalent (import: 139.71ms, transpile: 51875.98ms, gates: {'OpType.Rz': 1703, 'OpType.SX': 387, 'OpType.CX': 1322, 'OpType.X': 1022, 'OpType.Barrier': 1, 'OpType.Measure': 7})
Running 5 transpilation tests on grover_08...
  Run 1/5: EquivalenceCriterion.not_equivalent (import: 228.91ms, transpile: 114767.31ms, gates: {'OpType.Rz': 3607, 'OpType.SX': 767, 'OpType.CX': 2864, 'OpType.X': 1381, 'OpType.Barrier': 1, 'OpType.Measure': 8})
  Run 2/5: EquivalenceCriterion.not_equivalent (import: 208.89ms, transpile: 114561.90ms, gates: {'OpType.Rz': 3607, 'OpType.SX': 767, 'OpType.CX': 2864, 'OpType.X': 1381, 'OpType.Barrier': 1, 'OpType.Measure': 8})
  Run 3/5: EquivalenceCriterion.not_equivalent (import: 199.21ms, transpile: 113385.89ms, gates: {'OpType.Rz': 3607, 'OpType.SX': 767, 'OpType.CX': 2864, 'OpType.X': 1381, 'OpType.Barrier': 1, 'OpType.Measure': 8})
  Run 4/5: EquivalenceCriterion.not_equivalent (import: 222.09ms, transpile: 116107.19ms, gates: {'OpType.Rz': 3607, 'OpType.SX': 767, 'OpType.CX': 2864, 'OpType.X': 1381, 'OpType.Barrier': 1, 'OpType.Measure': 8})
  Run 5/5: EquivalenceCriterion.not_equivalent (import: 218.52ms, transpile: 113278.24ms, gates: {'OpType.Rz': 3607, 'OpType.SX': 767, 'OpType.CX': 2864, 'OpType.X': 1381, 'OpType.Barrier': 1, 'OpType.Measure': 8})
Results saved to experiments/transpiler_result_20260611_173328_Pytket_Mapped_all_to_all_IBM_gateset.json
Processing SDK: Pytket_Mapped_line_IBM_gateset
Running 5 transpilation tests on qaoa_02...
  Run 1/5: EquivalenceCriterion.not_equivalent (import: 0.94ms, transpile: 105.65ms, gates: {'OpType.Rz': 13, 'OpType.SX': 8, 'OpType.CX': 2})
  Run 2/5: EquivalenceCriterion.not_equivalent (import: 1.31ms, transpile: 105.45ms, gates: {'OpType.Rz': 13, 'OpType.SX': 8, 'OpType.CX': 2})
  Run 3/5: EquivalenceCriterion.not_equivalent (import: 1.08ms, transpile: 102.04ms, gates: {'OpType.Rz': 13, 'OpType.SX': 8, 'OpType.CX': 2})
  Run 4/5: EquivalenceCriterion.not_equivalent (import: 1.21ms, transpile: 104.90ms, gates: {'OpType.Rz': 13, 'OpType.SX': 8, 'OpType.CX': 2})
  Run 5/5: EquivalenceCriterion.not_equivalent (import: 1.49ms, transpile: 111.94ms, gates: {'OpType.Rz': 13, 'OpType.SX': 8, 'OpType.CX': 2})
Running 5 transpilation tests on qaoa_03...
  Run 1/5: EquivalenceCriterion.not_equivalent (import: 3.51ms, transpile: 281.28ms, gates: {'OpType.Rz': 26, 'OpType.SX': 15, 'OpType.CX': 8})
  Run 2/5: EquivalenceCriterion.not_equivalent (import: 1.56ms, transpile: 276.94ms, gates: {'OpType.Rz': 26, 'OpType.SX': 15, 'OpType.CX': 8})
  Run 3/5: EquivalenceCriterion.not_equivalent (import: 2.23ms, transpile: 321.64ms, gates: {'OpType.Rz': 26, 'OpType.SX': 15, 'OpType.CX': 8})
  Run 4/5: EquivalenceCriterion.not_equivalent (import: 2.16ms, transpile: 283.19ms, gates: {'OpType.Rz': 26, 'OpType.SX': 15, 'OpType.CX': 8})
  Run 5/5: EquivalenceCriterion.not_equivalent (import: 1.54ms, transpile: 276.41ms, gates: {'OpType.Rz': 26, 'OpType.SX': 15, 'OpType.CX': 8})
Running 5 transpilation tests on qaoa_04...
  Run 1/5: EquivalenceCriterion.not_equivalent (import: 1.60ms, transpile: 273.53ms, gates: {'OpType.Rz': 28, 'OpType.SX': 16, 'OpType.CX': 8})
  Run 2/5: EquivalenceCriterion.not_equivalent (import: 1.79ms, transpile: 280.72ms, gates: {'OpType.Rz': 28, 'OpType.SX': 16, 'OpType.CX': 8})
  Run 3/5: EquivalenceCriterion.not_equivalent (import: 1.79ms, transpile: 283.91ms, gates: {'OpType.Rz': 28, 'OpType.SX': 16, 'OpType.CX': 8})
  Run 4/5: EquivalenceCriterion.not_equivalent (import: 1.84ms, transpile: 277.02ms, gates: {'OpType.Rz': 28, 'OpType.SX': 16, 'OpType.CX': 8})
  Run 5/5: EquivalenceCriterion.not_equivalent (import: 2.05ms, transpile: 274.22ms, gates: {'OpType.Rz': 28, 'OpType.SX': 16, 'OpType.CX': 8})
Running 5 transpilation tests on qaoa_05...
  Run 1/5: EquivalenceCriterion.not_equivalent (import: 3.83ms, transpile: 876.29ms, gates: {'OpType.Rz': 50, 'OpType.SX': 31, 'OpType.CX': 24, 'OpType.X': 1})
  Run 2/5: EquivalenceCriterion.not_equivalent (import: 3.10ms, transpile: 899.80ms, gates: {'OpType.Rz': 50, 'OpType.SX': 31, 'OpType.CX': 24, 'OpType.X': 1})
  Run 3/5: EquivalenceCriterion.not_equivalent (import: 3.07ms, transpile: 892.77ms, gates: {'OpType.Rz': 50, 'OpType.SX': 31, 'OpType.CX': 24, 'OpType.X': 1})
  Run 4/5: EquivalenceCriterion.not_equivalent (import: 3.88ms, transpile: 881.54ms, gates: {'OpType.Rz': 50, 'OpType.SX': 31, 'OpType.CX': 24, 'OpType.X': 1})
  Run 5/5: EquivalenceCriterion.not_equivalent (import: 2.98ms, transpile: 888.72ms, gates: {'OpType.Rz': 50, 'OpType.SX': 31, 'OpType.CX': 24, 'OpType.X': 1})
Running 5 transpilation tests on qaoa_06...
  Run 1/5: EquivalenceCriterion.not_equivalent (import: 3.99ms, transpile: 1023.32ms, gates: {'OpType.Rz': 63, 'OpType.SX': 35, 'OpType.CX': 28})
  Run 2/5: EquivalenceCriterion.not_equivalent (import: 3.61ms, transpile: 1080.64ms, gates: {'OpType.Rz': 63, 'OpType.SX': 35, 'OpType.CX': 28})
  Run 3/5: EquivalenceCriterion.not_equivalent (import: 3.33ms, transpile: 1781.11ms, gates: {'OpType.Rz': 63, 'OpType.SX': 35, 'OpType.CX': 28})
  Run 4/5: EquivalenceCriterion.not_equivalent (import: 3.62ms, transpile: 1080.12ms, gates: {'OpType.Rz': 63, 'OpType.SX': 35, 'OpType.CX': 28})
  Run 5/5: EquivalenceCriterion.not_equivalent (import: 5.01ms, transpile: 1010.95ms, gates: {'OpType.Rz': 63, 'OpType.SX': 35, 'OpType.CX': 28})
Running 5 transpilation tests on qaoa_07...
  Run 1/5: EquivalenceCriterion.not_equivalent (import: 4.98ms, transpile: 1863.34ms, gates: {'OpType.Rz': 91, 'OpType.X': 2, 'OpType.SX': 59, 'OpType.CX': 48})
  Run 2/5: EquivalenceCriterion.not_equivalent (import: 5.22ms, transpile: 1969.15ms, gates: {'OpType.Rz': 91, 'OpType.X': 2, 'OpType.SX': 59, 'OpType.CX': 48})
  Run 3/5: EquivalenceCriterion.not_equivalent (import: 5.57ms, transpile: 1868.67ms, gates: {'OpType.Rz': 91, 'OpType.X': 2, 'OpType.SX': 59, 'OpType.CX': 48})
  Run 4/5: EquivalenceCriterion.not_equivalent (import: 5.21ms, transpile: 1859.86ms, gates: {'OpType.Rz': 91, 'OpType.X': 2, 'OpType.SX': 59, 'OpType.CX': 48})
  Run 5/5: EquivalenceCriterion.not_equivalent (import: 4.99ms, transpile: 1898.46ms, gates: {'OpType.Rz': 91, 'OpType.X': 2, 'OpType.SX': 59, 'OpType.CX': 48})
Running 5 transpilation tests on qaoa_08...
  Run 1/5: EquivalenceCriterion.not_equivalent (import: 6.91ms, transpile: 1968.38ms, gates: {'OpType.Rz': 96, 'OpType.SX': 55, 'OpType.X': 3, 'OpType.CX': 56})
  Run 2/5: EquivalenceCriterion.not_equivalent (import: 5.93ms, transpile: 1957.67ms, gates: {'OpType.Rz': 96, 'OpType.SX': 55, 'OpType.X': 3, 'OpType.CX': 56})
  Run 3/5: EquivalenceCriterion.not_equivalent (import: 7.91ms, transpile: 1936.70ms, gates: {'OpType.Rz': 96, 'OpType.SX': 55, 'OpType.X': 3, 'OpType.CX': 56})
  Run 4/5: EquivalenceCriterion.not_equivalent (import: 5.28ms, transpile: 1954.61ms, gates: {'OpType.Rz': 96, 'OpType.SX': 55, 'OpType.X': 3, 'OpType.CX': 56})
  Run 5/5: EquivalenceCriterion.not_equivalent (import: 5.43ms, transpile: 1950.63ms, gates: {'OpType.Rz': 96, 'OpType.SX': 55, 'OpType.X': 3, 'OpType.CX': 56})
Running 5 transpilation tests on qft_02...
  Run 1/5: EquivalenceCriterion.not_equivalent (import: 2.57ms, transpile: 92.52ms, gates: {'OpType.Rz': 11, 'OpType.SX': 6, 'OpType.CX': 2, 'OpType.Barrier': 1, 'OpType.Measure': 2})
  Run 2/5: EquivalenceCriterion.not_equivalent (import: 2.63ms, transpile: 87.36ms, gates: {'OpType.Rz': 11, 'OpType.SX': 6, 'OpType.CX': 2, 'OpType.Barrier': 1, 'OpType.Measure': 2})
  Run 3/5: EquivalenceCriterion.not_equivalent (import: 3.48ms, transpile: 87.02ms, gates: {'OpType.Rz': 11, 'OpType.SX': 6, 'OpType.CX': 2, 'OpType.Barrier': 1, 'OpType.Measure': 2})
  Run 4/5: EquivalenceCriterion.not_equivalent (import: 3.45ms, transpile: 84.65ms, gates: {'OpType.Rz': 11, 'OpType.SX': 6, 'OpType.CX': 2, 'OpType.Barrier': 1, 'OpType.Measure': 2})
  Run 5/5: EquivalenceCriterion.not_equivalent (import: 2.68ms, transpile: 89.20ms, gates: {'OpType.Rz': 11, 'OpType.SX': 6, 'OpType.CX': 2, 'OpType.Barrier': 1, 'OpType.Measure': 2})
Running 5 transpilation tests on qft_03...
  Run 1/5: EquivalenceCriterion.not_equivalent (import: 6.22ms, transpile: 214.95ms, gates: {'OpType.Rz': 13, 'OpType.SX': 9, 'OpType.CX': 6, 'OpType.Barrier': 1, 'OpType.Measure': 3})
  Run 2/5: EquivalenceCriterion.not_equivalent (import: 6.91ms, transpile: 208.56ms, gates: {'OpType.Rz': 13, 'OpType.SX': 9, 'OpType.CX': 6, 'OpType.Barrier': 1, 'OpType.Measure': 3})
  Run 3/5: EquivalenceCriterion.not_equivalent (import: 5.06ms, transpile: 209.45ms, gates: {'OpType.Rz': 13, 'OpType.SX': 9, 'OpType.CX': 6, 'OpType.Barrier': 1, 'OpType.Measure': 3})
  Run 4/5: EquivalenceCriterion.not_equivalent (import: 6.10ms, transpile: 202.55ms, gates: {'OpType.Rz': 13, 'OpType.SX': 9, 'OpType.CX': 6, 'OpType.Barrier': 1, 'OpType.Measure': 3})
  Run 5/5: EquivalenceCriterion.not_equivalent (import: 6.13ms, transpile: 214.73ms, gates: {'OpType.Rz': 13, 'OpType.SX': 9, 'OpType.CX': 6, 'OpType.Barrier': 1, 'OpType.Measure': 3})
Running 5 transpilation tests on qft_04...
  Run 1/5: EquivalenceCriterion.not_equivalent (import: 8.56ms, transpile: 412.60ms, gates: {'OpType.Rz': 31, 'OpType.SX': 19, 'OpType.CX': 12, 'OpType.Barrier': 1, 'OpType.Measure': 4})
  Run 2/5: EquivalenceCriterion.not_equivalent (import: 9.59ms, transpile: 453.41ms, gates: {'OpType.Rz': 31, 'OpType.SX': 19, 'OpType.CX': 12, 'OpType.Barrier': 1, 'OpType.Measure': 4})
  Run 3/5: EquivalenceCriterion.not_equivalent (import: 11.92ms, transpile: 408.06ms, gates: {'OpType.Rz': 31, 'OpType.SX': 19, 'OpType.CX': 12, 'OpType.Barrier': 1, 'OpType.Measure': 4})
  Run 4/5: EquivalenceCriterion.not_equivalent (import: 265.18ms, transpile: 409.62ms, gates: {'OpType.Rz': 31, 'OpType.SX': 19, 'OpType.CX': 12, 'OpType.Barrier': 1, 'OpType.Measure': 4})
  Run 5/5: EquivalenceCriterion.not_equivalent (import: 9.24ms, transpile: 396.74ms, gates: {'OpType.Rz': 31, 'OpType.SX': 19, 'OpType.CX': 12, 'OpType.Barrier': 1, 'OpType.Measure': 4})
Running 5 transpilation tests on qft_05...
  Run 1/5: EquivalenceCriterion.not_equivalent (import: 13.72ms, transpile: 721.04ms, gates: {'OpType.Rz': 40, 'OpType.SX': 25, 'OpType.X': 4, 'OpType.CX': 20, 'OpType.Barrier': 1, 'OpType.Measure': 5})
  Run 2/5: EquivalenceCriterion.not_equivalent (import: 13.93ms, transpile: 731.79ms, gates: {'OpType.Rz': 40, 'OpType.SX': 25, 'OpType.X': 4, 'OpType.CX': 20, 'OpType.Barrier': 1, 'OpType.Measure': 5})
  Run 3/5: EquivalenceCriterion.not_equivalent (import: 15.24ms, transpile: 749.92ms, gates: {'OpType.Rz': 40, 'OpType.SX': 25, 'OpType.X': 4, 'OpType.CX': 20, 'OpType.Barrier': 1, 'OpType.Measure': 5})
  Run 4/5: EquivalenceCriterion.not_equivalent (import: 15.89ms, transpile: 716.66ms, gates: {'OpType.Rz': 40, 'OpType.SX': 25, 'OpType.X': 4, 'OpType.CX': 20, 'OpType.Barrier': 1, 'OpType.Measure': 5})
  Run 5/5: EquivalenceCriterion.not_equivalent (import: 18.08ms, transpile: 697.28ms, gates: {'OpType.Rz': 40, 'OpType.SX': 25, 'OpType.X': 4, 'OpType.CX': 20, 'OpType.Barrier': 1, 'OpType.Measure': 5})
Running 5 transpilation tests on qft_06...
The ZX checker suggests that the circuits are not equivalent, but the simulation checker suggests that they are probably equivalent. Thus, no conclusion can be drawn.
  Run 1/5: EquivalenceCriterion.no_information (import: 20.63ms, transpile: 1138.35ms, gates: {'OpType.Rz': 78, 'OpType.SX': 57, 'OpType.CX': 30, 'OpType.Barrier': 1, 'OpType.Measure': 6})
  Run 2/5: EquivalenceCriterion.equivalent_up_to_global_phase (import: 21.59ms, transpile: 1154.37ms, gates: {'OpType.Rz': 78, 'OpType.SX': 57, 'OpType.CX': 30, 'OpType.Barrier': 1, 'OpType.Measure': 6})
The ZX checker suggests that the circuits are not equivalent, but the simulation checker suggests that they are probably equivalent. Thus, no conclusion can be drawn.
  Run 3/5: EquivalenceCriterion.no_information (import: 22.33ms, transpile: 1147.31ms, gates: {'OpType.Rz': 78, 'OpType.SX': 57, 'OpType.CX': 30, 'OpType.Barrier': 1, 'OpType.Measure': 6})
The ZX checker suggests that the circuits are not equivalent, but the simulation checker suggests that they are probably equivalent. Thus, no conclusion can be drawn.
  Run 4/5: EquivalenceCriterion.no_information (import: 24.56ms, transpile: 1149.05ms, gates: {'OpType.Rz': 78, 'OpType.SX': 57, 'OpType.CX': 30, 'OpType.Barrier': 1, 'OpType.Measure': 6})
The ZX checker suggests that the circuits are not equivalent, but the simulation checker suggests that they are probably equivalent. Thus, no conclusion can be drawn.
  Run 5/5: EquivalenceCriterion.no_information (import: 21.22ms, transpile: 1149.79ms, gates: {'OpType.Rz': 78, 'OpType.SX': 57, 'OpType.CX': 30, 'OpType.Barrier': 1, 'OpType.Measure': 6})
Running 5 transpilation tests on qft_07...
The ZX checker suggests that the circuits are not equivalent, but the simulation checker suggests that they are probably equivalent. Thus, no conclusion can be drawn.
  Run 1/5: EquivalenceCriterion.no_information (import: 30.76ms, transpile: 1613.90ms, gates: {'OpType.Rz': 108, 'OpType.SX': 81, 'OpType.CX': 42, 'OpType.Barrier': 1, 'OpType.Measure': 7})
The ZX checker suggests that the circuits are not equivalent, but the simulation checker suggests that they are probably equivalent. Thus, no conclusion can be drawn.
  Run 2/5: EquivalenceCriterion.no_information (import: 31.02ms, transpile: 1659.92ms, gates: {'OpType.Rz': 108, 'OpType.SX': 81, 'OpType.CX': 42, 'OpType.Barrier': 1, 'OpType.Measure': 7})
The ZX checker suggests that the circuits are not equivalent, but the simulation checker suggests that they are probably equivalent. Thus, no conclusion can be drawn.
  Run 3/5: EquivalenceCriterion.no_information (import: 28.66ms, transpile: 1635.55ms, gates: {'OpType.Rz': 108, 'OpType.SX': 81, 'OpType.CX': 42, 'OpType.Barrier': 1, 'OpType.Measure': 7})
The ZX checker suggests that the circuits are not equivalent, but the simulation checker suggests that they are probably equivalent. Thus, no conclusion can be drawn.
  Run 4/5: EquivalenceCriterion.no_information (import: 27.88ms, transpile: 1693.56ms, gates: {'OpType.Rz': 108, 'OpType.SX': 81, 'OpType.CX': 42, 'OpType.Barrier': 1, 'OpType.Measure': 7})
The ZX checker suggests that the circuits are not equivalent, but the simulation checker suggests that they are probably equivalent. Thus, no conclusion can be drawn.
  Run 5/5: EquivalenceCriterion.no_information (import: 28.56ms, transpile: 1664.96ms, gates: {'OpType.Rz': 108, 'OpType.SX': 81, 'OpType.CX': 42, 'OpType.Barrier': 1, 'OpType.Measure': 7})
Running 5 transpilation tests on qft_08...
The ZX checker suggests that the circuits are not equivalent, but the simulation checker suggests that they are probably equivalent. Thus, no conclusion can be drawn.
  Run 1/5: EquivalenceCriterion.no_information (import: 39.99ms, transpile: 2149.42ms, gates: {'OpType.Rz': 140, 'OpType.SX': 108, 'OpType.CX': 56, 'OpType.Barrier': 1, 'OpType.Measure': 8})
The ZX checker suggests that the circuits are not equivalent, but the simulation checker suggests that they are probably equivalent. Thus, no conclusion can be drawn.
  Run 2/5: EquivalenceCriterion.no_information (import: 37.33ms, transpile: 2159.81ms, gates: {'OpType.Rz': 140, 'OpType.SX': 108, 'OpType.CX': 56, 'OpType.Barrier': 1, 'OpType.Measure': 8})
The ZX checker suggests that the circuits are not equivalent, but the simulation checker suggests that they are probably equivalent. Thus, no conclusion can be drawn.
  Run 3/5: EquivalenceCriterion.no_information (import: 40.29ms, transpile: 2197.14ms, gates: {'OpType.Rz': 140, 'OpType.SX': 108, 'OpType.CX': 56, 'OpType.Barrier': 1, 'OpType.Measure': 8})
The ZX checker suggests that the circuits are not equivalent, but the simulation checker suggests that they are probably equivalent. Thus, no conclusion can be drawn.
  Run 4/5: EquivalenceCriterion.no_information (import: 42.94ms, transpile: 2200.40ms, gates: {'OpType.Rz': 140, 'OpType.SX': 108, 'OpType.CX': 56, 'OpType.Barrier': 1, 'OpType.Measure': 8})
The ZX checker suggests that the circuits are not equivalent, but the simulation checker suggests that they are probably equivalent. Thus, no conclusion can be drawn.
  Run 5/5: EquivalenceCriterion.no_information (import: 43.66ms, transpile: 2145.91ms, gates: {'OpType.Rz': 140, 'OpType.SX': 108, 'OpType.CX': 56, 'OpType.Barrier': 1, 'OpType.Measure': 8})
Running 5 transpilation tests on randomcircuit_02...
  Run 1/5: EquivalenceCriterion.not_equivalent (import: 2.54ms, transpile: 92.81ms, gates: {'OpType.SX': 10, 'OpType.Rz': 12, 'OpType.CX': 2, 'OpType.Barrier': 1, 'OpType.Measure': 2})
  Run 2/5: EquivalenceCriterion.not_equivalent (import: 2.92ms, transpile: 92.33ms, gates: {'OpType.SX': 10, 'OpType.Rz': 12, 'OpType.CX': 2, 'OpType.Barrier': 1, 'OpType.Measure': 2})
  Run 3/5: EquivalenceCriterion.not_equivalent (import: 3.05ms, transpile: 91.04ms, gates: {'OpType.SX': 10, 'OpType.Rz': 12, 'OpType.CX': 2, 'OpType.Barrier': 1, 'OpType.Measure': 2})
  Run 4/5: EquivalenceCriterion.not_equivalent (import: 2.96ms, transpile: 92.91ms, gates: {'OpType.SX': 10, 'OpType.Rz': 12, 'OpType.CX': 2, 'OpType.Barrier': 1, 'OpType.Measure': 2})
  Run 5/5: EquivalenceCriterion.not_equivalent (import: 2.95ms, transpile: 96.55ms, gates: {'OpType.SX': 10, 'OpType.Rz': 12, 'OpType.CX': 2, 'OpType.Barrier': 1, 'OpType.Measure': 2})
Running 5 transpilation tests on randomcircuit_03...
  Run 1/5: EquivalenceCriterion.not_equivalent (import: 2.66ms, transpile: 400.10ms, gates: {'OpType.Rz': 52, 'OpType.SX': 33, 'OpType.CX': 23, 'OpType.Barrier': 1, 'OpType.Measure': 3})
  Run 2/5: EquivalenceCriterion.not_equivalent (import: 2.87ms, transpile: 392.01ms, gates: {'OpType.Rz': 52, 'OpType.SX': 33, 'OpType.CX': 23, 'OpType.Barrier': 1, 'OpType.Measure': 3})
  Run 3/5: EquivalenceCriterion.not_equivalent (import: 3.26ms, transpile: 392.60ms, gates: {'OpType.Rz': 52, 'OpType.SX': 33, 'OpType.CX': 23, 'OpType.Barrier': 1, 'OpType.Measure': 3})
  Run 4/5: EquivalenceCriterion.not_equivalent (import: 3.45ms, transpile: 407.95ms, gates: {'OpType.Rz': 52, 'OpType.SX': 33, 'OpType.CX': 23, 'OpType.Barrier': 1, 'OpType.Measure': 3})
  Run 5/5: EquivalenceCriterion.not_equivalent (import: 3.38ms, transpile: 429.07ms, gates: {'OpType.Rz': 52, 'OpType.SX': 33, 'OpType.CX': 23, 'OpType.Barrier': 1, 'OpType.Measure': 3})
Running 5 transpilation tests on randomcircuit_04...
  Run 1/5: EquivalenceCriterion.not_equivalent (import: 11.34ms, transpile: 1480.39ms, gates: {'OpType.Rz': 60, 'OpType.X': 16, 'OpType.CX': 47, 'OpType.SX': 16, 'OpType.Barrier': 1, 'OpType.Measure': 4})
  Run 2/5: EquivalenceCriterion.not_equivalent (import: 11.11ms, transpile: 1507.69ms, gates: {'OpType.Rz': 60, 'OpType.X': 16, 'OpType.CX': 47, 'OpType.SX': 16, 'OpType.Barrier': 1, 'OpType.Measure': 4})
  Run 3/5: EquivalenceCriterion.not_equivalent (import: 10.23ms, transpile: 1480.85ms, gates: {'OpType.Rz': 60, 'OpType.X': 16, 'OpType.CX': 47, 'OpType.SX': 16, 'OpType.Barrier': 1, 'OpType.Measure': 4})
  Run 4/5: EquivalenceCriterion.not_equivalent (import: 10.18ms, transpile: 1506.63ms, gates: {'OpType.Rz': 60, 'OpType.X': 16, 'OpType.CX': 47, 'OpType.SX': 16, 'OpType.Barrier': 1, 'OpType.Measure': 4})
  Run 5/5: EquivalenceCriterion.not_equivalent (import: 9.62ms, transpile: 1502.73ms, gates: {'OpType.Rz': 60, 'OpType.X': 16, 'OpType.CX': 47, 'OpType.SX': 16, 'OpType.Barrier': 1, 'OpType.Measure': 4})
Running 5 transpilation tests on randomcircuit_05...
  Run 1/5: EquivalenceCriterion.not_equivalent (import: 13.41ms, transpile: 2013.93ms, gates: {'OpType.Rz': 80, 'OpType.X': 10, 'OpType.CX': 64, 'OpType.SX': 31, 'OpType.Barrier': 1, 'OpType.Measure': 5})
  Run 2/5: EquivalenceCriterion.not_equivalent (import: 12.82ms, transpile: 2052.32ms, gates: {'OpType.Rz': 80, 'OpType.X': 10, 'OpType.CX': 64, 'OpType.SX': 31, 'OpType.Barrier': 1, 'OpType.Measure': 5})
  Run 3/5: EquivalenceCriterion.not_equivalent (import: 12.96ms, transpile: 2035.89ms, gates: {'OpType.Rz': 80, 'OpType.X': 10, 'OpType.CX': 64, 'OpType.SX': 31, 'OpType.Barrier': 1, 'OpType.Measure': 5})
  Run 4/5: EquivalenceCriterion.not_equivalent (import: 12.62ms, transpile: 2067.16ms, gates: {'OpType.Rz': 80, 'OpType.X': 10, 'OpType.CX': 64, 'OpType.SX': 31, 'OpType.Barrier': 1, 'OpType.Measure': 5})
  Run 5/5: EquivalenceCriterion.not_equivalent (import: 12.83ms, transpile: 2009.69ms, gates: {'OpType.Rz': 80, 'OpType.X': 10, 'OpType.CX': 64, 'OpType.SX': 31, 'OpType.Barrier': 1, 'OpType.Measure': 5})
Running 5 transpilation tests on randomcircuit_06...
  Run 1/5: EquivalenceCriterion.not_equivalent (import: 13.59ms, transpile: 3802.66ms, gates: {'OpType.Rz': 139, 'OpType.SX': 52, 'OpType.X': 16, 'OpType.CX': 118, 'OpType.Barrier': 1, 'OpType.Measure': 6})
  Run 2/5: EquivalenceCriterion.not_equivalent (import: 16.25ms, transpile: 3801.34ms, gates: {'OpType.Rz': 139, 'OpType.SX': 52, 'OpType.X': 16, 'OpType.CX': 118, 'OpType.Barrier': 1, 'OpType.Measure': 6})
  Run 3/5: EquivalenceCriterion.not_equivalent (import: 14.25ms, transpile: 3735.73ms, gates: {'OpType.Rz': 139, 'OpType.SX': 52, 'OpType.X': 16, 'OpType.CX': 118, 'OpType.Barrier': 1, 'OpType.Measure': 6})
  Run 4/5: EquivalenceCriterion.not_equivalent (import: 14.12ms, transpile: 3717.84ms, gates: {'OpType.Rz': 139, 'OpType.SX': 52, 'OpType.X': 16, 'OpType.CX': 118, 'OpType.Barrier': 1, 'OpType.Measure': 6})
  Run 5/5: EquivalenceCriterion.not_equivalent (import: 14.32ms, transpile: 3731.17ms, gates: {'OpType.Rz': 139, 'OpType.SX': 52, 'OpType.X': 16, 'OpType.CX': 118, 'OpType.Barrier': 1, 'OpType.Measure': 6})
Running 5 transpilation tests on randomcircuit_07...
  Run 1/5: EquivalenceCriterion.not_equivalent (import: 18.18ms, transpile: 5283.29ms, gates: {'OpType.Rz': 205, 'OpType.X': 46, 'OpType.CX': 177, 'OpType.SX': 76, 'OpType.Barrier': 1, 'OpType.Measure': 7})
  Run 2/5: EquivalenceCriterion.not_equivalent (import: 22.21ms, transpile: 5289.97ms, gates: {'OpType.Rz': 205, 'OpType.X': 46, 'OpType.CX': 177, 'OpType.SX': 76, 'OpType.Barrier': 1, 'OpType.Measure': 7})
  Run 3/5: EquivalenceCriterion.not_equivalent (import: 20.24ms, transpile: 5225.18ms, gates: {'OpType.Rz': 205, 'OpType.X': 46, 'OpType.CX': 177, 'OpType.SX': 76, 'OpType.Barrier': 1, 'OpType.Measure': 7})
  Run 4/5: EquivalenceCriterion.not_equivalent (import: 19.41ms, transpile: 5188.99ms, gates: {'OpType.Rz': 205, 'OpType.X': 46, 'OpType.CX': 177, 'OpType.SX': 76, 'OpType.Barrier': 1, 'OpType.Measure': 7})
  Run 5/5: EquivalenceCriterion.not_equivalent (import: 19.08ms, transpile: 5176.87ms, gates: {'OpType.Rz': 205, 'OpType.X': 46, 'OpType.CX': 177, 'OpType.SX': 76, 'OpType.Barrier': 1, 'OpType.Measure': 7})
Running 5 transpilation tests on randomcircuit_08...
  Run 1/5: EquivalenceCriterion.not_equivalent (import: 39.15ms, transpile: 7347.85ms, gates: {'OpType.Rz': 281, 'OpType.CX': 258, 'OpType.SX': 86, 'OpType.X': 34, 'OpType.Barrier': 1, 'OpType.Measure': 8})
  Run 2/5: EquivalenceCriterion.not_equivalent (import: 29.06ms, transpile: 7386.58ms, gates: {'OpType.Rz': 281, 'OpType.CX': 258, 'OpType.SX': 86, 'OpType.X': 34, 'OpType.Barrier': 1, 'OpType.Measure': 8})
  Run 3/5: EquivalenceCriterion.not_equivalent (import: 31.25ms, transpile: 7244.17ms, gates: {'OpType.Rz': 281, 'OpType.CX': 258, 'OpType.SX': 86, 'OpType.X': 34, 'OpType.Barrier': 1, 'OpType.Measure': 8})
  Run 4/5: EquivalenceCriterion.not_equivalent (import: 28.92ms, transpile: 7586.86ms, gates: {'OpType.Rz': 281, 'OpType.CX': 258, 'OpType.SX': 86, 'OpType.X': 34, 'OpType.Barrier': 1, 'OpType.Measure': 8})
  Run 5/5: EquivalenceCriterion.not_equivalent (import: 30.48ms, transpile: 7220.36ms, gates: {'OpType.Rz': 281, 'OpType.CX': 258, 'OpType.SX': 86, 'OpType.X': 34, 'OpType.Barrier': 1, 'OpType.Measure': 8})
Running 5 transpilation tests on vqe_real_amp_02...
  Run 1/5: EquivalenceCriterion.not_equivalent (import: 2.05ms, transpile: 105.56ms, gates: {'OpType.SX': 9, 'OpType.Rz': 11, 'OpType.CX': 2, 'OpType.Barrier': 1, 'OpType.Measure': 2})
  Run 2/5: EquivalenceCriterion.not_equivalent (import: 1.70ms, transpile: 96.51ms, gates: {'OpType.SX': 9, 'OpType.Rz': 11, 'OpType.CX': 2, 'OpType.Barrier': 1, 'OpType.Measure': 2})
  Run 3/5: EquivalenceCriterion.not_equivalent (import: 2.61ms, transpile: 100.27ms, gates: {'OpType.SX': 9, 'OpType.Rz': 11, 'OpType.CX': 2, 'OpType.Barrier': 1, 'OpType.Measure': 2})
  Run 4/5: EquivalenceCriterion.not_equivalent (import: 1.70ms, transpile: 99.61ms, gates: {'OpType.SX': 9, 'OpType.Rz': 11, 'OpType.CX': 2, 'OpType.Barrier': 1, 'OpType.Measure': 2})
  Run 5/5: EquivalenceCriterion.not_equivalent (import: 1.73ms, transpile: 100.87ms, gates: {'OpType.SX': 9, 'OpType.Rz': 11, 'OpType.CX': 2, 'OpType.Barrier': 1, 'OpType.Measure': 2})
Running 5 transpilation tests on vqe_real_amp_03...
  Run 1/5: EquivalenceCriterion.not_equivalent (import: 2.86ms, transpile: 207.12ms, gates: {'OpType.SX': 24, 'OpType.Rz': 24, 'OpType.CX': 6, 'OpType.Barrier': 1, 'OpType.Measure': 3})
  Run 2/5: EquivalenceCriterion.not_equivalent (import: 2.32ms, transpile: 200.75ms, gates: {'OpType.SX': 24, 'OpType.Rz': 24, 'OpType.CX': 6, 'OpType.Barrier': 1, 'OpType.Measure': 3})
  Run 3/5: EquivalenceCriterion.not_equivalent (import: 2.91ms, transpile: 209.86ms, gates: {'OpType.SX': 24, 'OpType.Rz': 24, 'OpType.CX': 6, 'OpType.Barrier': 1, 'OpType.Measure': 3})
  Run 4/5: EquivalenceCriterion.not_equivalent (import: 2.69ms, transpile: 218.57ms, gates: {'OpType.SX': 24, 'OpType.Rz': 24, 'OpType.CX': 6, 'OpType.Barrier': 1, 'OpType.Measure': 3})
  Run 5/5: EquivalenceCriterion.not_equivalent (import: 2.42ms, transpile: 208.89ms, gates: {'OpType.SX': 24, 'OpType.Rz': 24, 'OpType.CX': 6, 'OpType.Barrier': 1, 'OpType.Measure': 3})
Running 5 transpilation tests on vqe_real_amp_04...
  Run 1/5: EquivalenceCriterion.equivalent_up_to_global_phase (import: 2.94ms, transpile: 392.49ms, gates: {'OpType.SX': 32, 'OpType.Rz': 32, 'OpType.CX': 9, 'OpType.Barrier': 1, 'OpType.Measure': 4})
  Run 2/5: EquivalenceCriterion.equivalent_up_to_global_phase (import: 3.89ms, transpile: 409.42ms, gates: {'OpType.SX': 32, 'OpType.Rz': 32, 'OpType.CX': 9, 'OpType.Barrier': 1, 'OpType.Measure': 4})
  Run 3/5: EquivalenceCriterion.equivalent_up_to_global_phase (import: 3.22ms, transpile: 400.16ms, gates: {'OpType.SX': 32, 'OpType.Rz': 32, 'OpType.CX': 9, 'OpType.Barrier': 1, 'OpType.Measure': 4})
  Run 4/5: EquivalenceCriterion.equivalent_up_to_global_phase (import: 3.09ms, transpile: 403.19ms, gates: {'OpType.SX': 32, 'OpType.Rz': 32, 'OpType.CX': 9, 'OpType.Barrier': 1, 'OpType.Measure': 4})
  Run 5/5: EquivalenceCriterion.equivalent_up_to_global_phase (import: 3.14ms, transpile: 422.16ms, gates: {'OpType.SX': 32, 'OpType.Rz': 32, 'OpType.CX': 9, 'OpType.Barrier': 1, 'OpType.Measure': 4})
Running 5 transpilation tests on vqe_real_amp_05...
  Run 1/5: EquivalenceCriterion.not_equivalent (import: 4.65ms, transpile: 612.98ms, gates: {'OpType.SX': 40, 'OpType.Rz': 40, 'OpType.CX': 12, 'OpType.Barrier': 1, 'OpType.Measure': 5})
  Run 2/5: EquivalenceCriterion.not_equivalent (import: 4.99ms, transpile: 620.39ms, gates: {'OpType.SX': 40, 'OpType.Rz': 40, 'OpType.CX': 12, 'OpType.Barrier': 1, 'OpType.Measure': 5})
  Run 3/5: EquivalenceCriterion.not_equivalent (import: 4.99ms, transpile: 623.88ms, gates: {'OpType.SX': 40, 'OpType.Rz': 40, 'OpType.CX': 12, 'OpType.Barrier': 1, 'OpType.Measure': 5})
  Run 4/5: EquivalenceCriterion.not_equivalent (import: 3.86ms, transpile: 612.45ms, gates: {'OpType.SX': 40, 'OpType.Rz': 40, 'OpType.CX': 12, 'OpType.Barrier': 1, 'OpType.Measure': 5})
  Run 5/5: EquivalenceCriterion.not_equivalent (import: 3.69ms, transpile: 605.01ms, gates: {'OpType.SX': 40, 'OpType.Rz': 40, 'OpType.CX': 12, 'OpType.Barrier': 1, 'OpType.Measure': 5})
Running 5 transpilation tests on vqe_real_amp_06...
  Run 1/5: EquivalenceCriterion.not_equivalent (import: 5.62ms, transpile: 759.02ms, gates: {'OpType.SX': 48, 'OpType.Rz': 48, 'OpType.CX': 15, 'OpType.Barrier': 1, 'OpType.Measure': 6})
  Run 2/5: EquivalenceCriterion.not_equivalent (import: 7.03ms, transpile: 767.03ms, gates: {'OpType.SX': 48, 'OpType.Rz': 48, 'OpType.CX': 15, 'OpType.Barrier': 1, 'OpType.Measure': 6})
  Run 3/5: EquivalenceCriterion.not_equivalent (import: 4.88ms, transpile: 766.27ms, gates: {'OpType.SX': 48, 'OpType.Rz': 48, 'OpType.CX': 15, 'OpType.Barrier': 1, 'OpType.Measure': 6})
  Run 4/5: EquivalenceCriterion.not_equivalent (import: 4.59ms, transpile: 786.24ms, gates: {'OpType.SX': 48, 'OpType.Rz': 48, 'OpType.CX': 15, 'OpType.Barrier': 1, 'OpType.Measure': 6})
  Run 5/5: EquivalenceCriterion.not_equivalent (import: 4.40ms, transpile: 786.06ms, gates: {'OpType.SX': 48, 'OpType.Rz': 48, 'OpType.CX': 15, 'OpType.Barrier': 1, 'OpType.Measure': 6})
Running 5 transpilation tests on vqe_real_amp_07...
  Run 1/5: EquivalenceCriterion.not_equivalent (import: 6.98ms, transpile: 969.63ms, gates: {'OpType.SX': 56, 'OpType.Rz': 56, 'OpType.CX': 18, 'OpType.Barrier': 1, 'OpType.Measure': 7})
  Run 2/5: EquivalenceCriterion.not_equivalent (import: 5.25ms, transpile: 957.60ms, gates: {'OpType.SX': 56, 'OpType.Rz': 56, 'OpType.CX': 18, 'OpType.Barrier': 1, 'OpType.Measure': 7})
  Run 3/5: EquivalenceCriterion.not_equivalent (import: 5.77ms, transpile: 965.45ms, gates: {'OpType.SX': 56, 'OpType.Rz': 56, 'OpType.CX': 18, 'OpType.Barrier': 1, 'OpType.Measure': 7})
  Run 4/5: EquivalenceCriterion.not_equivalent (import: 5.76ms, transpile: 962.62ms, gates: {'OpType.SX': 56, 'OpType.Rz': 56, 'OpType.CX': 18, 'OpType.Barrier': 1, 'OpType.Measure': 7})
  Run 5/5: EquivalenceCriterion.not_equivalent (import: 5.27ms, transpile: 943.42ms, gates: {'OpType.SX': 56, 'OpType.Rz': 56, 'OpType.CX': 18, 'OpType.Barrier': 1, 'OpType.Measure': 7})
Running 5 transpilation tests on vqe_real_amp_08...
  Run 1/5: EquivalenceCriterion.not_equivalent (import: 6.02ms, transpile: 1101.64ms, gates: {'OpType.SX': 64, 'OpType.Rz': 64, 'OpType.CX': 21, 'OpType.Barrier': 1, 'OpType.Measure': 8})
  Run 2/5: EquivalenceCriterion.not_equivalent (import: 5.99ms, transpile: 1106.41ms, gates: {'OpType.SX': 64, 'OpType.Rz': 64, 'OpType.CX': 21, 'OpType.Barrier': 1, 'OpType.Measure': 8})
  Run 3/5: EquivalenceCriterion.not_equivalent (import: 6.36ms, transpile: 1093.63ms, gates: {'OpType.SX': 64, 'OpType.Rz': 64, 'OpType.CX': 21, 'OpType.Barrier': 1, 'OpType.Measure': 8})
  Run 4/5: EquivalenceCriterion.not_equivalent (import: 6.29ms, transpile: 1124.09ms, gates: {'OpType.SX': 64, 'OpType.Rz': 64, 'OpType.CX': 21, 'OpType.Barrier': 1, 'OpType.Measure': 8})
  Run 5/5: EquivalenceCriterion.not_equivalent (import: 5.85ms, transpile: 1090.03ms, gates: {'OpType.SX': 64, 'OpType.Rz': 64, 'OpType.CX': 21, 'OpType.Barrier': 1, 'OpType.Measure': 8})
Failed to extract qubits: Unexpected token Token('INAM', 'recent') at line 1, column 17.
Expected one of:
	* STAR
	* COMMA
	* SLASH
	* RPAR
	* PLUS
	* MINUS
	* "**"
Previous tokens: [Token('ARG', 'most')]

Running 5 transpilation tests on hhl_02...
  Run 1/5: FAILED - Import failed: Unexpected token Token('INAM', 'recent') at line 1, column 17.
Expected one of:
	* STAR
	* COMMA
	* SLASH
	* RPAR
	* PLUS
	* MINUS
	* "**"
Previous tokens: [Token('ARG', 'most')]

  Run 2/5: FAILED - Import failed: Unexpected token Token('INAM', 'recent') at line 1, column 17.
Expected one of:
	* STAR
	* COMMA
	* SLASH
	* RPAR
	* PLUS
	* MINUS
	* "**"
Previous tokens: [Token('ARG', 'most')]

  Run 3/5: FAILED - Import failed: Unexpected token Token('INAM', 'recent') at line 1, column 17.
Expected one of:
	* STAR
	* COMMA
	* SLASH
	* RPAR
	* PLUS
	* MINUS
	* "**"
Previous tokens: [Token('ARG', 'most')]

  Run 4/5: FAILED - Import failed: Unexpected token Token('INAM', 'recent') at line 1, column 17.
Expected one of:
	* STAR
	* COMMA
	* SLASH
	* RPAR
	* PLUS
	* MINUS
	* "**"
Previous tokens: [Token('ARG', 'most')]

  Run 5/5: FAILED - Import failed: Unexpected token Token('INAM', 'recent') at line 1, column 17.
Expected one of:
	* STAR
	* COMMA
	* SLASH
	* RPAR
	* PLUS
	* MINUS
	* "**"
Previous tokens: [Token('ARG', 'most')]

Running 5 transpilation tests on hhl_03...
  Run 1/5: EquivalenceCriterion.not_equivalent (import: 2.30ms, transpile: 224.37ms, gates: {'OpType.X': 1, 'OpType.Rz': 13, 'OpType.SX': 8, 'OpType.CX': 6, 'OpType.Measure': 1})
  Run 2/5: EquivalenceCriterion.not_equivalent (import: 5.02ms, transpile: 233.82ms, gates: {'OpType.X': 1, 'OpType.Rz': 13, 'OpType.SX': 8, 'OpType.CX': 6, 'OpType.Measure': 1})
  Run 3/5: EquivalenceCriterion.not_equivalent (import: 2.63ms, transpile: 209.07ms, gates: {'OpType.X': 1, 'OpType.Rz': 13, 'OpType.SX': 8, 'OpType.CX': 6, 'OpType.Measure': 1})
  Run 4/5: EquivalenceCriterion.not_equivalent (import: 2.51ms, transpile: 217.93ms, gates: {'OpType.X': 1, 'OpType.Rz': 13, 'OpType.SX': 8, 'OpType.CX': 6, 'OpType.Measure': 1})
  Run 5/5: EquivalenceCriterion.not_equivalent (import: 3.01ms, transpile: 220.66ms, gates: {'OpType.X': 1, 'OpType.Rz': 13, 'OpType.SX': 8, 'OpType.CX': 6, 'OpType.Measure': 1})
Running 5 transpilation tests on hhl_04...
  Run 1/5: EquivalenceCriterion.not_equivalent (import: 6.45ms, transpile: 664.65ms, gates: {'OpType.X': 3, 'OpType.Rz': 40, 'OpType.SX': 24, 'OpType.CX': 18, 'OpType.Measure': 1})
  Run 2/5: EquivalenceCriterion.not_equivalent (import: 6.65ms, transpile: 671.10ms, gates: {'OpType.X': 3, 'OpType.Rz': 40, 'OpType.SX': 24, 'OpType.CX': 18, 'OpType.Measure': 1})
  Run 3/5: EquivalenceCriterion.not_equivalent (import: 6.84ms, transpile: 676.13ms, gates: {'OpType.X': 3, 'OpType.Rz': 40, 'OpType.SX': 24, 'OpType.CX': 18, 'OpType.Measure': 1})
  Run 4/5: EquivalenceCriterion.not_equivalent (import: 7.24ms, transpile: 660.52ms, gates: {'OpType.X': 3, 'OpType.Rz': 40, 'OpType.SX': 24, 'OpType.CX': 18, 'OpType.Measure': 1})
  Run 5/5: EquivalenceCriterion.not_equivalent (import: 7.56ms, transpile: 661.61ms, gates: {'OpType.X': 3, 'OpType.Rz': 40, 'OpType.SX': 24, 'OpType.CX': 18, 'OpType.Measure': 1})
Running 5 transpilation tests on hhl_05...
  Run 1/5: EquivalenceCriterion.not_equivalent (import: 14.18ms, transpile: 1095.15ms, gates: {'OpType.Rz': 49, 'OpType.X': 1, 'OpType.SX': 28, 'OpType.CX': 31, 'OpType.Measure': 1})
  Run 2/5: EquivalenceCriterion.not_equivalent (import: 13.24ms, transpile: 1030.96ms, gates: {'OpType.Rz': 49, 'OpType.X': 1, 'OpType.SX': 28, 'OpType.CX': 31, 'OpType.Measure': 1})
  Run 3/5: EquivalenceCriterion.not_equivalent (import: 14.10ms, transpile: 1001.38ms, gates: {'OpType.Rz': 49, 'OpType.X': 1, 'OpType.SX': 28, 'OpType.CX': 31, 'OpType.Measure': 1})
  Run 4/5: EquivalenceCriterion.not_equivalent (import: 13.47ms, transpile: 1426.37ms, gates: {'OpType.Rz': 49, 'OpType.X': 1, 'OpType.SX': 28, 'OpType.CX': 31, 'OpType.Measure': 1})
  Run 5/5: EquivalenceCriterion.not_equivalent (import: 16.37ms, transpile: 1315.79ms, gates: {'OpType.Rz': 49, 'OpType.X': 1, 'OpType.SX': 28, 'OpType.CX': 31, 'OpType.Measure': 1})
Running 5 transpilation tests on hhl_06...
  Run 1/5: EquivalenceCriterion.not_equivalent (import: 60.23ms, transpile: 1967.09ms, gates: {'OpType.Rz': 77, 'OpType.X': 3, 'OpType.SX': 39, 'OpType.CX': 45, 'OpType.Measure': 1})
  Run 2/5: EquivalenceCriterion.not_equivalent (import: 40.14ms, transpile: 1813.47ms, gates: {'OpType.Rz': 77, 'OpType.X': 3, 'OpType.SX': 39, 'OpType.CX': 45, 'OpType.Measure': 1})
  Run 3/5: EquivalenceCriterion.not_equivalent (import: 27.63ms, transpile: 1857.80ms, gates: {'OpType.Rz': 77, 'OpType.X': 3, 'OpType.SX': 39, 'OpType.CX': 45, 'OpType.Measure': 1})
  Run 4/5: EquivalenceCriterion.not_equivalent (import: 34.20ms, transpile: 1870.54ms, gates: {'OpType.Rz': 77, 'OpType.X': 3, 'OpType.SX': 39, 'OpType.CX': 45, 'OpType.Measure': 1})
  Run 5/5: EquivalenceCriterion.not_equivalent (import: 29.08ms, transpile: 1835.49ms, gates: {'OpType.Rz': 77, 'OpType.X': 3, 'OpType.SX': 39, 'OpType.CX': 45, 'OpType.Measure': 1})
Running 5 transpilation tests on hhl_07...
  Run 1/5: EquivalenceCriterion.equivalent_up_to_global_phase (import: 37.71ms, transpile: 2661.31ms, gates: {'OpType.Rz': 120, 'OpType.X': 3, 'OpType.SX': 67, 'OpType.CX': 75, 'OpType.Measure': 1})
  Run 2/5: EquivalenceCriterion.equivalent_up_to_global_phase (import: 38.37ms, transpile: 2472.74ms, gates: {'OpType.Rz': 120, 'OpType.X': 3, 'OpType.SX': 67, 'OpType.CX': 75, 'OpType.Measure': 1})
  Run 3/5: EquivalenceCriterion.equivalent_up_to_global_phase (import: 36.06ms, transpile: 2433.38ms, gates: {'OpType.Rz': 120, 'OpType.X': 3, 'OpType.SX': 67, 'OpType.CX': 75, 'OpType.Measure': 1})
  Run 4/5: EquivalenceCriterion.equivalent_up_to_global_phase (import: 33.38ms, transpile: 2892.86ms, gates: {'OpType.Rz': 120, 'OpType.X': 3, 'OpType.SX': 67, 'OpType.CX': 75, 'OpType.Measure': 1})
  Run 5/5: EquivalenceCriterion.equivalent_up_to_global_phase (import: 48.87ms, transpile: 2958.72ms, gates: {'OpType.Rz': 120, 'OpType.X': 3, 'OpType.SX': 67, 'OpType.CX': 75, 'OpType.Measure': 1})
Running 5 transpilation tests on hhl_08...
  Run 1/5: EquivalenceCriterion.not_equivalent (import: 61.88ms, transpile: 4121.73ms, gates: {'OpType.Rz': 169, 'OpType.X': 7, 'OpType.SX': 114, 'OpType.CX': 91, 'OpType.Measure': 1})
  Run 2/5: EquivalenceCriterion.not_equivalent (import: 54.91ms, transpile: 3933.60ms, gates: {'OpType.Rz': 169, 'OpType.X': 7, 'OpType.SX': 114, 'OpType.CX': 91, 'OpType.Measure': 1})
  Run 3/5: EquivalenceCriterion.not_equivalent (import: 72.88ms, transpile: 3970.39ms, gates: {'OpType.Rz': 169, 'OpType.X': 7, 'OpType.SX': 114, 'OpType.CX': 91, 'OpType.Measure': 1})
  Run 4/5: EquivalenceCriterion.not_equivalent (import: 55.69ms, transpile: 3979.38ms, gates: {'OpType.Rz': 169, 'OpType.X': 7, 'OpType.SX': 114, 'OpType.CX': 91, 'OpType.Measure': 1})
  Run 5/5: EquivalenceCriterion.not_equivalent (import: 50.32ms, transpile: 3552.73ms, gates: {'OpType.Rz': 169, 'OpType.X': 7, 'OpType.SX': 114, 'OpType.CX': 91, 'OpType.Measure': 1})
Running 5 transpilation tests on grover_02...
  Run 1/5: EquivalenceCriterion.not_equivalent (import: 4.00ms, transpile: 58.88ms, gates: {'OpType.Rz': 6, 'OpType.SX': 3, 'OpType.CX': 1, 'OpType.Barrier': 1, 'OpType.Measure': 2})
  Run 2/5: EquivalenceCriterion.not_equivalent (import: 6.06ms, transpile: 57.44ms, gates: {'OpType.Rz': 6, 'OpType.SX': 3, 'OpType.CX': 1, 'OpType.Barrier': 1, 'OpType.Measure': 2})
  Run 3/5: EquivalenceCriterion.not_equivalent (import: 5.77ms, transpile: 54.39ms, gates: {'OpType.Rz': 6, 'OpType.SX': 3, 'OpType.CX': 1, 'OpType.Barrier': 1, 'OpType.Measure': 2})
  Run 4/5: EquivalenceCriterion.not_equivalent (import: 5.60ms, transpile: 58.17ms, gates: {'OpType.Rz': 6, 'OpType.SX': 3, 'OpType.CX': 1, 'OpType.Barrier': 1, 'OpType.Measure': 2})
  Run 5/5: EquivalenceCriterion.not_equivalent (import: 5.61ms, transpile: 57.08ms, gates: {'OpType.Rz': 6, 'OpType.SX': 3, 'OpType.CX': 1, 'OpType.Barrier': 1, 'OpType.Measure': 2})
Running 5 transpilation tests on grover_03...
  Run 1/5: EquivalenceCriterion.not_equivalent (import: 5.25ms, transpile: 253.39ms, gates: {'OpType.Rz': 9, 'OpType.X': 3, 'OpType.SX': 5, 'OpType.CX': 6, 'OpType.Barrier': 1, 'OpType.Measure': 3})
  Run 2/5: EquivalenceCriterion.not_equivalent (import: 4.82ms, transpile: 241.69ms, gates: {'OpType.Rz': 9, 'OpType.X': 3, 'OpType.SX': 5, 'OpType.CX': 6, 'OpType.Barrier': 1, 'OpType.Measure': 3})
  Run 3/5: EquivalenceCriterion.not_equivalent (import: 5.97ms, transpile: 275.22ms, gates: {'OpType.Rz': 9, 'OpType.X': 3, 'OpType.SX': 5, 'OpType.CX': 6, 'OpType.Barrier': 1, 'OpType.Measure': 3})
  Run 4/5: EquivalenceCriterion.not_equivalent (import: 6.13ms, transpile: 237.00ms, gates: {'OpType.Rz': 9, 'OpType.X': 3, 'OpType.SX': 5, 'OpType.CX': 6, 'OpType.Barrier': 1, 'OpType.Measure': 3})
  Run 5/5: EquivalenceCriterion.not_equivalent (import: 6.74ms, transpile: 275.11ms, gates: {'OpType.Rz': 9, 'OpType.X': 3, 'OpType.SX': 5, 'OpType.CX': 6, 'OpType.Barrier': 1, 'OpType.Measure': 3})
Running 5 transpilation tests on grover_04...
  Run 1/5: EquivalenceCriterion.not_equivalent (import: 11.83ms, transpile: 2246.29ms, gates: {'OpType.Rz': 82, 'OpType.SX': 23, 'OpType.CX': 52, 'OpType.X': 14, 'OpType.Barrier': 1, 'OpType.Measure': 4})
  Run 2/5: EquivalenceCriterion.not_equivalent (import: 23.20ms, transpile: 1976.52ms, gates: {'OpType.Rz': 82, 'OpType.SX': 23, 'OpType.CX': 52, 'OpType.X': 14, 'OpType.Barrier': 1, 'OpType.Measure': 4})
  Run 3/5: EquivalenceCriterion.not_equivalent (import: 12.89ms, transpile: 1967.27ms, gates: {'OpType.Rz': 82, 'OpType.SX': 23, 'OpType.CX': 52, 'OpType.X': 14, 'OpType.Barrier': 1, 'OpType.Measure': 4})
  Run 4/5: EquivalenceCriterion.not_equivalent (import: 16.35ms, transpile: 1916.85ms, gates: {'OpType.Rz': 82, 'OpType.SX': 23, 'OpType.CX': 52, 'OpType.X': 14, 'OpType.Barrier': 1, 'OpType.Measure': 4})
  Run 5/5: EquivalenceCriterion.not_equivalent (import: 13.24ms, transpile: 2132.39ms, gates: {'OpType.Rz': 82, 'OpType.SX': 23, 'OpType.CX': 52, 'OpType.X': 14, 'OpType.Barrier': 1, 'OpType.Measure': 4})
Running 5 transpilation tests on grover_05...
  Run 1/5: EquivalenceCriterion.not_equivalent (import: 35.94ms, transpile: 7721.11ms, gates: {'OpType.Rz': 250, 'OpType.SX': 73, 'OpType.CX': 180, 'OpType.X': 86, 'OpType.Barrier': 1, 'OpType.Measure': 5})
  Run 2/5: EquivalenceCriterion.not_equivalent (import: 24.36ms, transpile: 7059.73ms, gates: {'OpType.Rz': 250, 'OpType.SX': 73, 'OpType.CX': 180, 'OpType.X': 86, 'OpType.Barrier': 1, 'OpType.Measure': 5})
  Run 3/5: EquivalenceCriterion.not_equivalent (import: 28.95ms, transpile: 7280.55ms, gates: {'OpType.Rz': 250, 'OpType.SX': 73, 'OpType.CX': 180, 'OpType.X': 86, 'OpType.Barrier': 1, 'OpType.Measure': 5})
  Run 4/5: EquivalenceCriterion.not_equivalent (import: 32.27ms, transpile: 6880.59ms, gates: {'OpType.Rz': 250, 'OpType.SX': 73, 'OpType.CX': 180, 'OpType.X': 86, 'OpType.Barrier': 1, 'OpType.Measure': 5})
  Run 5/5: EquivalenceCriterion.not_equivalent (import: 27.53ms, transpile: 6458.11ms, gates: {'OpType.Rz': 250, 'OpType.SX': 73, 'OpType.CX': 180, 'OpType.X': 86, 'OpType.Barrier': 1, 'OpType.Measure': 5})
Running 5 transpilation tests on grover_06...
  Run 1/5: EquivalenceCriterion.not_equivalent (import: 82.74ms, transpile: 17600.12ms, gates: {'OpType.Rz': 649, 'OpType.SX': 177, 'OpType.CX': 534, 'OpType.X': 70, 'OpType.Barrier': 1, 'OpType.Measure': 6})
  Run 2/5: EquivalenceCriterion.not_equivalent (import: 82.51ms, transpile: 17806.23ms, gates: {'OpType.Rz': 649, 'OpType.SX': 177, 'OpType.CX': 534, 'OpType.X': 70, 'OpType.Barrier': 1, 'OpType.Measure': 6})
  Run 3/5: EquivalenceCriterion.not_equivalent (import: 75.98ms, transpile: 18230.08ms, gates: {'OpType.Rz': 649, 'OpType.SX': 177, 'OpType.CX': 534, 'OpType.X': 70, 'OpType.Barrier': 1, 'OpType.Measure': 6})
  Run 4/5: EquivalenceCriterion.not_equivalent (import: 73.50ms, transpile: 17954.66ms, gates: {'OpType.Rz': 649, 'OpType.SX': 177, 'OpType.CX': 534, 'OpType.X': 70, 'OpType.Barrier': 1, 'OpType.Measure': 6})
  Run 5/5: EquivalenceCriterion.not_equivalent (import: 75.90ms, transpile: 18293.35ms, gates: {'OpType.Rz': 649, 'OpType.SX': 177, 'OpType.CX': 534, 'OpType.X': 70, 'OpType.Barrier': 1, 'OpType.Measure': 6})
Running 5 transpilation tests on grover_07...
  Run 1/5: EquivalenceCriterion.not_equivalent (import: 128.15ms, transpile: 54542.05ms, gates: {'OpType.Rz': 1693, 'OpType.SX': 479, 'OpType.CX': 1481, 'OpType.X': 653, 'OpType.Barrier': 1, 'OpType.Measure': 7})
  Run 2/5: EquivalenceCriterion.not_equivalent (import: 121.97ms, transpile: 54643.48ms, gates: {'OpType.Rz': 1693, 'OpType.SX': 479, 'OpType.CX': 1481, 'OpType.X': 653, 'OpType.Barrier': 1, 'OpType.Measure': 7})
  Run 3/5: EquivalenceCriterion.not_equivalent (import: 112.65ms, transpile: 54966.16ms, gates: {'OpType.Rz': 1693, 'OpType.SX': 479, 'OpType.CX': 1481, 'OpType.X': 653, 'OpType.Barrier': 1, 'OpType.Measure': 7})
  Run 4/5: EquivalenceCriterion.not_equivalent (import: 114.63ms, transpile: 54758.41ms, gates: {'OpType.Rz': 1693, 'OpType.SX': 479, 'OpType.CX': 1481, 'OpType.X': 653, 'OpType.Barrier': 1, 'OpType.Measure': 7})
  Run 5/5: EquivalenceCriterion.not_equivalent (import: 108.25ms, transpile: 53757.08ms, gates: {'OpType.Rz': 1693, 'OpType.SX': 479, 'OpType.CX': 1481, 'OpType.X': 653, 'OpType.Barrier': 1, 'OpType.Measure': 7})
Running 5 transpilation tests on grover_08...
  Run 1/5: EquivalenceCriterion.not_equivalent (import: 467.27ms, transpile: 122406.42ms, gates: {'OpType.Rz': 3658, 'OpType.SX': 859, 'OpType.CX': 3446, 'OpType.X': 1312, 'OpType.Barrier': 1, 'OpType.Measure': 8})
  Run 2/5: EquivalenceCriterion.not_equivalent (import: 201.95ms, transpile: 132330.99ms, gates: {'OpType.Rz': 3658, 'OpType.SX': 859, 'OpType.CX': 3446, 'OpType.X': 1312, 'OpType.Barrier': 1, 'OpType.Measure': 8})
  Run 3/5: EquivalenceCriterion.not_equivalent (import: 270.09ms, transpile: 136019.91ms, gates: {'OpType.Rz': 3658, 'OpType.SX': 859, 'OpType.CX': 3446, 'OpType.X': 1312, 'OpType.Barrier': 1, 'OpType.Measure': 8})
  Run 4/5: EquivalenceCriterion.not_equivalent (import: 230.63ms, transpile: 130648.96ms, gates: {'OpType.Rz': 3658, 'OpType.SX': 859, 'OpType.CX': 3446, 'OpType.X': 1312, 'OpType.Barrier': 1, 'OpType.Measure': 8})
  Run 5/5: EquivalenceCriterion.not_equivalent (import: 212.24ms, transpile: 126907.22ms, gates: {'OpType.Rz': 3658, 'OpType.SX': 859, 'OpType.CX': 3446, 'OpType.X': 1312, 'OpType.Barrier': 1, 'OpType.Measure': 8})
Results saved to experiments/transpiler_result_20260611_175620_Pytket_Mapped_line_IBM_gateset.json
Processing SDK: Pytket_Mapped_all_to_all_Quantinuum_gateset
Running 5 transpilation tests on qaoa_02...
  Run 1/5: EquivalenceCriterion.not_equivalent (import: 1.05ms, transpile: 123.63ms, gates: {'OpType.Rz': 13, 'OpType.Rx': 10, 'OpType.ZZPhase': 2})
  Run 2/5: EquivalenceCriterion.not_equivalent (import: 1.07ms, transpile: 108.90ms, gates: {'OpType.Rz': 13, 'OpType.Rx': 10, 'OpType.ZZPhase': 2})
  Run 3/5: EquivalenceCriterion.not_equivalent (import: 1.30ms, transpile: 108.71ms, gates: {'OpType.Rz': 13, 'OpType.Rx': 10, 'OpType.ZZPhase': 2})
  Run 4/5: EquivalenceCriterion.not_equivalent (import: 1.09ms, transpile: 105.89ms, gates: {'OpType.Rz': 13, 'OpType.Rx': 10, 'OpType.ZZPhase': 2})
  Run 5/5: EquivalenceCriterion.not_equivalent (import: 1.19ms, transpile: 112.68ms, gates: {'OpType.Rz': 13, 'OpType.Rx': 10, 'OpType.ZZPhase': 2})
Running 5 transpilation tests on qaoa_03...
  Run 1/5: EquivalenceCriterion.not_equivalent (import: 1.96ms, transpile: 313.56ms, gates: {'OpType.Rz': 27, 'OpType.Rx': 21, 'OpType.ZZPhase': 8})
  Run 2/5: EquivalenceCriterion.not_equivalent (import: 1.59ms, transpile: 304.99ms, gates: {'OpType.Rz': 27, 'OpType.Rx': 21, 'OpType.ZZPhase': 8})
  Run 3/5: EquivalenceCriterion.not_equivalent (import: 4.49ms, transpile: 345.93ms, gates: {'OpType.Rz': 27, 'OpType.Rx': 21, 'OpType.ZZPhase': 8})
  Run 4/5: EquivalenceCriterion.not_equivalent (import: 1.58ms, transpile: 304.80ms, gates: {'OpType.Rz': 27, 'OpType.Rx': 21, 'OpType.ZZPhase': 8})
  Run 5/5: EquivalenceCriterion.not_equivalent (import: 1.80ms, transpile: 314.38ms, gates: {'OpType.Rz': 27, 'OpType.Rx': 21, 'OpType.ZZPhase': 8})
Running 5 transpilation tests on qaoa_04...
  Run 1/5: EquivalenceCriterion.not_equivalent (import: 2.30ms, transpile: 335.09ms, gates: {'OpType.Rz': 29, 'OpType.Rx': 22, 'OpType.ZZPhase': 8})
  Run 2/5: EquivalenceCriterion.not_equivalent (import: 1.81ms, transpile: 324.65ms, gates: {'OpType.Rz': 29, 'OpType.Rx': 22, 'OpType.ZZPhase': 8})
  Run 3/5: EquivalenceCriterion.not_equivalent (import: 1.81ms, transpile: 304.44ms, gates: {'OpType.Rz': 29, 'OpType.Rx': 22, 'OpType.ZZPhase': 8})
  Run 4/5: EquivalenceCriterion.not_equivalent (import: 1.90ms, transpile: 322.79ms, gates: {'OpType.Rz': 29, 'OpType.Rx': 22, 'OpType.ZZPhase': 8})
  Run 5/5: EquivalenceCriterion.not_equivalent (import: 2.36ms, transpile: 304.61ms, gates: {'OpType.Rz': 29, 'OpType.Rx': 22, 'OpType.ZZPhase': 8})
Running 5 transpilation tests on qaoa_05...
  Run 1/5: EquivalenceCriterion.not_equivalent (import: 3.23ms, transpile: 948.21ms, gates: {'OpType.Rz': 70, 'OpType.Rx': 46, 'OpType.ZZPhase': 24})
  Run 2/5: EquivalenceCriterion.not_equivalent (import: 2.97ms, transpile: 935.56ms, gates: {'OpType.Rz': 70, 'OpType.Rx': 46, 'OpType.ZZPhase': 24})
  Run 3/5: EquivalenceCriterion.not_equivalent (import: 3.07ms, transpile: 973.49ms, gates: {'OpType.Rz': 70, 'OpType.Rx': 46, 'OpType.ZZPhase': 24})
  Run 4/5: EquivalenceCriterion.not_equivalent (import: 3.04ms, transpile: 933.98ms, gates: {'OpType.Rz': 70, 'OpType.Rx': 46, 'OpType.ZZPhase': 24})
  Run 5/5: EquivalenceCriterion.not_equivalent (import: 2.94ms, transpile: 930.90ms, gates: {'OpType.Rz': 70, 'OpType.Rx': 46, 'OpType.ZZPhase': 24})
Running 5 transpilation tests on qaoa_06...
  Run 1/5: EquivalenceCriterion.not_equivalent (import: 5.01ms, transpile: 1129.45ms, gates: {'OpType.Rz': 85, 'OpType.Rx': 57, 'OpType.ZZPhase': 28})
  Run 2/5: EquivalenceCriterion.not_equivalent (import: 3.89ms, transpile: 1095.17ms, gates: {'OpType.Rz': 85, 'OpType.Rx': 57, 'OpType.ZZPhase': 28})
  Run 3/5: EquivalenceCriterion.not_equivalent (import: 3.29ms, transpile: 1110.32ms, gates: {'OpType.Rz': 85, 'OpType.Rx': 57, 'OpType.ZZPhase': 28})
  Run 4/5: EquivalenceCriterion.not_equivalent (import: 4.88ms, transpile: 1128.26ms, gates: {'OpType.Rz': 85, 'OpType.Rx': 57, 'OpType.ZZPhase': 28})
  Run 5/5: EquivalenceCriterion.not_equivalent (import: 3.65ms, transpile: 1136.88ms, gates: {'OpType.Rz': 85, 'OpType.Rx': 57, 'OpType.ZZPhase': 28})
Running 5 transpilation tests on qaoa_07...
  Run 1/5: EquivalenceCriterion.not_equivalent (import: 5.12ms, transpile: 1878.71ms, gates: {'OpType.Rz': 136, 'OpType.Rx': 80, 'OpType.ZZPhase': 48})
  Run 2/5: EquivalenceCriterion.not_equivalent (import: 7.06ms, transpile: 1891.65ms, gates: {'OpType.Rz': 136, 'OpType.Rx': 80, 'OpType.ZZPhase': 48})
  Run 3/5: EquivalenceCriterion.not_equivalent (import: 4.84ms, transpile: 1838.06ms, gates: {'OpType.Rz': 136, 'OpType.Rx': 80, 'OpType.ZZPhase': 48})
  Run 4/5: EquivalenceCriterion.not_equivalent (import: 6.58ms, transpile: 1846.44ms, gates: {'OpType.Rz': 136, 'OpType.Rx': 80, 'OpType.ZZPhase': 48})
  Run 5/5: EquivalenceCriterion.not_equivalent (import: 4.70ms, transpile: 1813.05ms, gates: {'OpType.Rz': 136, 'OpType.Rx': 80, 'OpType.ZZPhase': 48})
Running 5 transpilation tests on qaoa_08...
  Run 1/5: EquivalenceCriterion.not_equivalent (import: 5.54ms, transpile: 2238.17ms, gates: {'OpType.Rz': 156, 'OpType.Rx': 96, 'OpType.ZZPhase': 56})
  Run 2/5: EquivalenceCriterion.not_equivalent (import: 5.42ms, transpile: 2056.76ms, gates: {'OpType.Rz': 156, 'OpType.Rx': 96, 'OpType.ZZPhase': 56})
  Run 3/5: EquivalenceCriterion.not_equivalent (import: 5.75ms, transpile: 2067.13ms, gates: {'OpType.Rz': 156, 'OpType.Rx': 96, 'OpType.ZZPhase': 56})
  Run 4/5: EquivalenceCriterion.not_equivalent (import: 5.92ms, transpile: 2074.36ms, gates: {'OpType.Rz': 156, 'OpType.Rx': 96, 'OpType.ZZPhase': 56})
  Run 5/5: EquivalenceCriterion.not_equivalent (import: 5.55ms, transpile: 2219.57ms, gates: {'OpType.Rz': 156, 'OpType.Rx': 96, 'OpType.ZZPhase': 56})
Running 5 transpilation tests on qft_02...
  Run 1/5: EquivalenceCriterion.not_equivalent (import: 2.36ms, transpile: 104.49ms, gates: {'OpType.Rx': 9, 'OpType.Rz': 11, 'OpType.ZZPhase': 2, 'OpType.Barrier': 1, 'OpType.Measure': 2})
  Run 2/5: EquivalenceCriterion.not_equivalent (import: 3.55ms, transpile: 100.88ms, gates: {'OpType.Rx': 9, 'OpType.Rz': 11, 'OpType.ZZPhase': 2, 'OpType.Barrier': 1, 'OpType.Measure': 2})
  Run 3/5: EquivalenceCriterion.not_equivalent (import: 2.66ms, transpile: 97.62ms, gates: {'OpType.Rx': 9, 'OpType.Rz': 11, 'OpType.ZZPhase': 2, 'OpType.Barrier': 1, 'OpType.Measure': 2})
  Run 4/5: EquivalenceCriterion.not_equivalent (import: 2.92ms, transpile: 100.81ms, gates: {'OpType.Rx': 9, 'OpType.Rz': 11, 'OpType.ZZPhase': 2, 'OpType.Barrier': 1, 'OpType.Measure': 2})
  Run 5/5: EquivalenceCriterion.not_equivalent (import: 2.65ms, transpile: 97.15ms, gates: {'OpType.Rx': 9, 'OpType.Rz': 11, 'OpType.ZZPhase': 2, 'OpType.Barrier': 1, 'OpType.Measure': 2})
Running 5 transpilation tests on qft_03...
  Run 1/5: EquivalenceCriterion.not_equivalent (import: 4.95ms, transpile: 236.22ms, gates: {'OpType.Rz': 22, 'OpType.Rx': 15, 'OpType.ZZPhase': 6, 'OpType.Barrier': 1, 'OpType.Measure': 3})
  Run 2/5: EquivalenceCriterion.not_equivalent (import: 5.39ms, transpile: 210.12ms, gates: {'OpType.Rz': 22, 'OpType.Rx': 15, 'OpType.ZZPhase': 6, 'OpType.Barrier': 1, 'OpType.Measure': 3})
  Run 3/5: EquivalenceCriterion.not_equivalent (import: 7.60ms, transpile: 207.33ms, gates: {'OpType.Rz': 22, 'OpType.Rx': 15, 'OpType.ZZPhase': 6, 'OpType.Barrier': 1, 'OpType.Measure': 3})
  Run 4/5: EquivalenceCriterion.not_equivalent (import: 6.21ms, transpile: 210.40ms, gates: {'OpType.Rz': 22, 'OpType.Rx': 15, 'OpType.ZZPhase': 6, 'OpType.Barrier': 1, 'OpType.Measure': 3})
  Run 5/5: EquivalenceCriterion.not_equivalent (import: 6.28ms, transpile: 211.91ms, gates: {'OpType.Rz': 22, 'OpType.Rx': 15, 'OpType.ZZPhase': 6, 'OpType.Barrier': 1, 'OpType.Measure': 3})
Running 5 transpilation tests on qft_04...
  Run 1/5: EquivalenceCriterion.not_equivalent (import: 9.67ms, transpile: 431.48ms, gates: {'OpType.Rz': 41, 'OpType.Rx': 28, 'OpType.ZZPhase': 12, 'OpType.Barrier': 1, 'OpType.Measure': 4})
  Run 2/5: EquivalenceCriterion.not_equivalent (import: 9.45ms, transpile: 446.01ms, gates: {'OpType.Rz': 41, 'OpType.Rx': 28, 'OpType.ZZPhase': 12, 'OpType.Barrier': 1, 'OpType.Measure': 4})
  Run 3/5: EquivalenceCriterion.not_equivalent (import: 9.90ms, transpile: 417.02ms, gates: {'OpType.Rz': 41, 'OpType.Rx': 28, 'OpType.ZZPhase': 12, 'OpType.Barrier': 1, 'OpType.Measure': 4})
  Run 4/5: EquivalenceCriterion.not_equivalent (import: 10.70ms, transpile: 400.81ms, gates: {'OpType.Rz': 41, 'OpType.Rx': 28, 'OpType.ZZPhase': 12, 'OpType.Barrier': 1, 'OpType.Measure': 4})
  Run 5/5: EquivalenceCriterion.not_equivalent (import: 10.24ms, transpile: 417.67ms, gates: {'OpType.Rz': 41, 'OpType.Rx': 28, 'OpType.ZZPhase': 12, 'OpType.Barrier': 1, 'OpType.Measure': 4})
Running 5 transpilation tests on qft_05...
  Run 1/5: EquivalenceCriterion.not_equivalent (import: 17.49ms, transpile: 743.52ms, gates: {'OpType.Rz': 66, 'OpType.Rx': 45, 'OpType.ZZPhase': 20, 'OpType.Barrier': 1, 'OpType.Measure': 5})
  Run 2/5: EquivalenceCriterion.not_equivalent (import: 14.95ms, transpile: 730.27ms, gates: {'OpType.Rz': 66, 'OpType.Rx': 45, 'OpType.ZZPhase': 20, 'OpType.Barrier': 1, 'OpType.Measure': 5})
  Run 3/5: EquivalenceCriterion.not_equivalent (import: 14.60ms, transpile: 741.27ms, gates: {'OpType.Rz': 66, 'OpType.Rx': 45, 'OpType.ZZPhase': 20, 'OpType.Barrier': 1, 'OpType.Measure': 5})
  Run 4/5: EquivalenceCriterion.not_equivalent (import: 15.23ms, transpile: 715.49ms, gates: {'OpType.Rz': 66, 'OpType.Rx': 45, 'OpType.ZZPhase': 20, 'OpType.Barrier': 1, 'OpType.Measure': 5})
  Run 5/5: EquivalenceCriterion.not_equivalent (import: 15.10ms, transpile: 741.00ms, gates: {'OpType.Rz': 66, 'OpType.Rx': 45, 'OpType.ZZPhase': 20, 'OpType.Barrier': 1, 'OpType.Measure': 5})
Running 5 transpilation tests on qft_06...
  Run 1/5: EquivalenceCriterion.not_equivalent (import: 23.43ms, transpile: 1100.57ms, gates: {'OpType.Rz': 97, 'OpType.Rx': 66, 'OpType.ZZPhase': 30, 'OpType.Barrier': 1, 'OpType.Measure': 6})
  Run 2/5: EquivalenceCriterion.not_equivalent (import: 23.23ms, transpile: 1115.76ms, gates: {'OpType.Rz': 97, 'OpType.Rx': 66, 'OpType.ZZPhase': 30, 'OpType.Barrier': 1, 'OpType.Measure': 6})
  Run 3/5: EquivalenceCriterion.not_equivalent (import: 25.83ms, transpile: 1054.14ms, gates: {'OpType.Rz': 97, 'OpType.Rx': 66, 'OpType.ZZPhase': 30, 'OpType.Barrier': 1, 'OpType.Measure': 6})
  Run 4/5: EquivalenceCriterion.not_equivalent (import: 21.16ms, transpile: 1081.19ms, gates: {'OpType.Rz': 97, 'OpType.Rx': 66, 'OpType.ZZPhase': 30, 'OpType.Barrier': 1, 'OpType.Measure': 6})
  Run 5/5: EquivalenceCriterion.not_equivalent (import: 21.85ms, transpile: 1135.62ms, gates: {'OpType.Rz': 97, 'OpType.Rx': 66, 'OpType.ZZPhase': 30, 'OpType.Barrier': 1, 'OpType.Measure': 6})
Running 5 transpilation tests on qft_07...
  Run 1/5: EquivalenceCriterion.not_equivalent (import: 35.53ms, transpile: 1511.48ms, gates: {'OpType.Rz': 134, 'OpType.Rx': 91, 'OpType.ZZPhase': 42, 'OpType.Barrier': 1, 'OpType.Measure': 7})
  Run 2/5: EquivalenceCriterion.not_equivalent (import: 35.54ms, transpile: 1499.65ms, gates: {'OpType.Rz': 134, 'OpType.Rx': 91, 'OpType.ZZPhase': 42, 'OpType.Barrier': 1, 'OpType.Measure': 7})
  Run 3/5: EquivalenceCriterion.not_equivalent (import: 32.69ms, transpile: 1498.31ms, gates: {'OpType.Rz': 134, 'OpType.Rx': 91, 'OpType.ZZPhase': 42, 'OpType.Barrier': 1, 'OpType.Measure': 7})
  Run 4/5: EquivalenceCriterion.not_equivalent (import: 37.67ms, transpile: 1505.67ms, gates: {'OpType.Rz': 134, 'OpType.Rx': 91, 'OpType.ZZPhase': 42, 'OpType.Barrier': 1, 'OpType.Measure': 7})
  Run 5/5: EquivalenceCriterion.not_equivalent (import: 33.40ms, transpile: 1529.53ms, gates: {'OpType.Rz': 134, 'OpType.Rx': 91, 'OpType.ZZPhase': 42, 'OpType.Barrier': 1, 'OpType.Measure': 7})
Running 5 transpilation tests on qft_08...
The ZX checker suggests that the circuits are not equivalent, but the simulation checker suggests that they are probably equivalent. Thus, no conclusion can be drawn.
  Run 1/5: EquivalenceCriterion.no_information (import: 48.77ms, transpile: 2015.91ms, gates: {'OpType.Rz': 177, 'OpType.Rx': 120, 'OpType.ZZPhase': 56, 'OpType.Barrier': 1, 'OpType.Measure': 8})
The ZX checker suggests that the circuits are not equivalent, but the simulation checker suggests that they are probably equivalent. Thus, no conclusion can be drawn.
  Run 2/5: EquivalenceCriterion.no_information (import: 41.17ms, transpile: 2025.27ms, gates: {'OpType.Rz': 177, 'OpType.Rx': 120, 'OpType.ZZPhase': 56, 'OpType.Barrier': 1, 'OpType.Measure': 8})
The ZX checker suggests that the circuits are not equivalent, but the simulation checker suggests that they are probably equivalent. Thus, no conclusion can be drawn.
  Run 3/5: EquivalenceCriterion.no_information (import: 37.33ms, transpile: 2015.52ms, gates: {'OpType.Rz': 177, 'OpType.Rx': 120, 'OpType.ZZPhase': 56, 'OpType.Barrier': 1, 'OpType.Measure': 8})
The ZX checker suggests that the circuits are not equivalent, but the simulation checker suggests that they are probably equivalent. Thus, no conclusion can be drawn.
  Run 4/5: EquivalenceCriterion.no_information (import: 41.69ms, transpile: 2061.09ms, gates: {'OpType.Rz': 177, 'OpType.Rx': 120, 'OpType.ZZPhase': 56, 'OpType.Barrier': 1, 'OpType.Measure': 8})
The ZX checker suggests that the circuits are not equivalent, but the simulation checker suggests that they are probably equivalent. Thus, no conclusion can be drawn.
  Run 5/5: EquivalenceCriterion.no_information (import: 38.40ms, transpile: 2037.40ms, gates: {'OpType.Rz': 177, 'OpType.Rx': 120, 'OpType.ZZPhase': 56, 'OpType.Barrier': 1, 'OpType.Measure': 8})
Running 5 transpilation tests on randomcircuit_02...
  Run 1/5: EquivalenceCriterion.not_equivalent (import: 3.13ms, transpile: 102.12ms, gates: {'OpType.Rz': 13, 'OpType.Rx': 9, 'OpType.ZZPhase': 2, 'OpType.Barrier': 1, 'OpType.Measure': 2})
  Run 2/5: EquivalenceCriterion.not_equivalent (import: 3.14ms, transpile: 106.78ms, gates: {'OpType.Rz': 13, 'OpType.Rx': 9, 'OpType.ZZPhase': 2, 'OpType.Barrier': 1, 'OpType.Measure': 2})
  Run 3/5: EquivalenceCriterion.not_equivalent (import: 2.84ms, transpile: 106.43ms, gates: {'OpType.Rz': 13, 'OpType.Rx': 9, 'OpType.ZZPhase': 2, 'OpType.Barrier': 1, 'OpType.Measure': 2})
  Run 4/5: EquivalenceCriterion.not_equivalent (import: 2.90ms, transpile: 108.82ms, gates: {'OpType.Rz': 13, 'OpType.Rx': 9, 'OpType.ZZPhase': 2, 'OpType.Barrier': 1, 'OpType.Measure': 2})
  Run 5/5: EquivalenceCriterion.not_equivalent (import: 3.04ms, transpile: 104.84ms, gates: {'OpType.Rz': 13, 'OpType.Rx': 9, 'OpType.ZZPhase': 2, 'OpType.Barrier': 1, 'OpType.Measure': 2})
Running 5 transpilation tests on randomcircuit_03...
  Run 1/5: EquivalenceCriterion.not_equivalent (import: 2.76ms, transpile: 450.19ms, gates: {'OpType.Rz': 63, 'OpType.Rx': 41, 'OpType.ZZPhase': 17, 'OpType.Barrier': 1, 'OpType.Measure': 3})
  Run 2/5: EquivalenceCriterion.not_equivalent (import: 3.33ms, transpile: 443.45ms, gates: {'OpType.Rz': 63, 'OpType.Rx': 41, 'OpType.ZZPhase': 17, 'OpType.Barrier': 1, 'OpType.Measure': 3})
  Run 3/5: EquivalenceCriterion.not_equivalent (import: 3.09ms, transpile: 438.35ms, gates: {'OpType.Rz': 63, 'OpType.Rx': 41, 'OpType.ZZPhase': 17, 'OpType.Barrier': 1, 'OpType.Measure': 3})
  Run 4/5: EquivalenceCriterion.not_equivalent (import: 2.81ms, transpile: 443.24ms, gates: {'OpType.Rz': 63, 'OpType.Rx': 41, 'OpType.ZZPhase': 17, 'OpType.Barrier': 1, 'OpType.Measure': 3})
  Run 5/5: EquivalenceCriterion.not_equivalent (import: 2.91ms, transpile: 437.41ms, gates: {'OpType.Rz': 63, 'OpType.Rx': 41, 'OpType.ZZPhase': 17, 'OpType.Barrier': 1, 'OpType.Measure': 3})
Running 5 transpilation tests on randomcircuit_04...
  Run 1/5: EquivalenceCriterion.not_equivalent (import: 9.99ms, transpile: 1691.28ms, gates: {'OpType.Rz': 133, 'OpType.Rx': 92, 'OpType.ZZPhase': 41, 'OpType.Barrier': 1, 'OpType.Measure': 4})
  Run 2/5: EquivalenceCriterion.not_equivalent (import: 12.51ms, transpile: 1560.64ms, gates: {'OpType.Rz': 133, 'OpType.Rx': 92, 'OpType.ZZPhase': 41, 'OpType.Barrier': 1, 'OpType.Measure': 4})
  Run 3/5: EquivalenceCriterion.not_equivalent (import: 10.02ms, transpile: 1574.93ms, gates: {'OpType.Rz': 133, 'OpType.Rx': 92, 'OpType.ZZPhase': 41, 'OpType.Barrier': 1, 'OpType.Measure': 4})
  Run 4/5: EquivalenceCriterion.not_equivalent (import: 10.37ms, transpile: 1582.20ms, gates: {'OpType.Rz': 133, 'OpType.Rx': 92, 'OpType.ZZPhase': 41, 'OpType.Barrier': 1, 'OpType.Measure': 4})
  Run 5/5: EquivalenceCriterion.not_equivalent (import: 15.43ms, transpile: 1649.31ms, gates: {'OpType.Rz': 133, 'OpType.Rx': 92, 'OpType.ZZPhase': 41, 'OpType.Barrier': 1, 'OpType.Measure': 4})
Running 5 transpilation tests on randomcircuit_05...
  Run 1/5: EquivalenceCriterion.not_equivalent (import: 14.42ms, transpile: 2115.50ms, gates: {'OpType.Rz': 181, 'OpType.Rx': 128, 'OpType.ZZPhase': 55, 'OpType.Barrier': 1, 'OpType.Measure': 5})
  Run 2/5: EquivalenceCriterion.not_equivalent (import: 12.62ms, transpile: 2161.96ms, gates: {'OpType.Rz': 181, 'OpType.Rx': 128, 'OpType.ZZPhase': 55, 'OpType.Barrier': 1, 'OpType.Measure': 5})
  Run 3/5: EquivalenceCriterion.not_equivalent (import: 15.70ms, transpile: 2232.30ms, gates: {'OpType.Rz': 181, 'OpType.Rx': 128, 'OpType.ZZPhase': 55, 'OpType.Barrier': 1, 'OpType.Measure': 5})
  Run 4/5: EquivalenceCriterion.not_equivalent (import: 14.29ms, transpile: 2135.32ms, gates: {'OpType.Rz': 181, 'OpType.Rx': 128, 'OpType.ZZPhase': 55, 'OpType.Barrier': 1, 'OpType.Measure': 5})
  Run 5/5: EquivalenceCriterion.not_equivalent (import: 12.55ms, transpile: 2079.47ms, gates: {'OpType.Rz': 181, 'OpType.Rx': 128, 'OpType.ZZPhase': 55, 'OpType.Barrier': 1, 'OpType.Measure': 5})
Running 5 transpilation tests on randomcircuit_06...
  Run 1/5: EquivalenceCriterion.not_equivalent (import: 16.25ms, transpile: 3831.58ms, gates: {'OpType.Rz': 299, 'OpType.Rx': 209, 'OpType.ZZPhase': 94, 'OpType.Barrier': 1, 'OpType.Measure': 6})
  Run 2/5: EquivalenceCriterion.not_equivalent (import: 14.10ms, transpile: 3928.79ms, gates: {'OpType.Rz': 299, 'OpType.Rx': 209, 'OpType.ZZPhase': 94, 'OpType.Barrier': 1, 'OpType.Measure': 6})
  Run 3/5: EquivalenceCriterion.not_equivalent (import: 15.62ms, transpile: 3861.49ms, gates: {'OpType.Rz': 299, 'OpType.Rx': 209, 'OpType.ZZPhase': 94, 'OpType.Barrier': 1, 'OpType.Measure': 6})
  Run 4/5: EquivalenceCriterion.not_equivalent (import: 13.63ms, transpile: 3980.38ms, gates: {'OpType.Rz': 299, 'OpType.Rx': 209, 'OpType.ZZPhase': 94, 'OpType.Barrier': 1, 'OpType.Measure': 6})
  Run 5/5: EquivalenceCriterion.not_equivalent (import: 13.71ms, transpile: 3848.08ms, gates: {'OpType.Rz': 299, 'OpType.Rx': 209, 'OpType.ZZPhase': 94, 'OpType.Barrier': 1, 'OpType.Measure': 6})
Running 5 transpilation tests on randomcircuit_07...
  Run 1/5: EquivalenceCriterion.not_equivalent (import: 18.70ms, transpile: 5423.67ms, gates: {'OpType.Rz': 465, 'OpType.Rx': 324, 'OpType.ZZPhase': 143, 'OpType.Barrier': 1, 'OpType.Measure': 7})
  Run 2/5: EquivalenceCriterion.not_equivalent (import: 23.17ms, transpile: 5469.35ms, gates: {'OpType.Rz': 465, 'OpType.Rx': 324, 'OpType.ZZPhase': 143, 'OpType.Barrier': 1, 'OpType.Measure': 7})
  Run 3/5: EquivalenceCriterion.not_equivalent (import: 19.05ms, transpile: 5381.36ms, gates: {'OpType.Rz': 465, 'OpType.Rx': 324, 'OpType.ZZPhase': 143, 'OpType.Barrier': 1, 'OpType.Measure': 7})
  Run 4/5: EquivalenceCriterion.not_equivalent (import: 20.42ms, transpile: 5411.73ms, gates: {'OpType.Rz': 465, 'OpType.Rx': 324, 'OpType.ZZPhase': 143, 'OpType.Barrier': 1, 'OpType.Measure': 7})
  Run 5/5: EquivalenceCriterion.not_equivalent (import: 20.21ms, transpile: 5458.83ms, gates: {'OpType.Rz': 465, 'OpType.Rx': 324, 'OpType.ZZPhase': 143, 'OpType.Barrier': 1, 'OpType.Measure': 7})
Running 5 transpilation tests on randomcircuit_08...
  Run 1/5: EquivalenceCriterion.not_equivalent (import: 30.80ms, transpile: 7814.38ms, gates: {'OpType.Rz': 681, 'OpType.Rx': 481, 'OpType.ZZPhase': 207, 'OpType.Barrier': 1, 'OpType.Measure': 8})
  Run 2/5: EquivalenceCriterion.not_equivalent (import: 28.59ms, transpile: 7535.23ms, gates: {'OpType.Rz': 681, 'OpType.Rx': 481, 'OpType.ZZPhase': 207, 'OpType.Barrier': 1, 'OpType.Measure': 8})
  Run 3/5: EquivalenceCriterion.not_equivalent (import: 29.09ms, transpile: 7864.56ms, gates: {'OpType.Rz': 681, 'OpType.Rx': 481, 'OpType.ZZPhase': 207, 'OpType.Barrier': 1, 'OpType.Measure': 8})
  Run 4/5: EquivalenceCriterion.not_equivalent (import: 29.90ms, transpile: 7520.70ms, gates: {'OpType.Rz': 681, 'OpType.Rx': 481, 'OpType.ZZPhase': 207, 'OpType.Barrier': 1, 'OpType.Measure': 8})
  Run 5/5: EquivalenceCriterion.not_equivalent (import: 29.08ms, transpile: 7762.15ms, gates: {'OpType.Rz': 681, 'OpType.Rx': 481, 'OpType.ZZPhase': 207, 'OpType.Barrier': 1, 'OpType.Measure': 8})
Running 5 transpilation tests on vqe_real_amp_02...
  Run 1/5: EquivalenceCriterion.not_equivalent (import: 1.42ms, transpile: 108.33ms, gates: {'OpType.Rz': 12, 'OpType.Rx': 10, 'OpType.ZZPhase': 2, 'OpType.Barrier': 1, 'OpType.Measure': 2})
  Run 2/5: EquivalenceCriterion.not_equivalent (import: 1.69ms, transpile: 112.99ms, gates: {'OpType.Rz': 12, 'OpType.Rx': 10, 'OpType.ZZPhase': 2, 'OpType.Barrier': 1, 'OpType.Measure': 2})
  Run 3/5: EquivalenceCriterion.not_equivalent (import: 1.69ms, transpile: 113.35ms, gates: {'OpType.Rz': 12, 'OpType.Rx': 10, 'OpType.ZZPhase': 2, 'OpType.Barrier': 1, 'OpType.Measure': 2})
  Run 4/5: EquivalenceCriterion.not_equivalent (import: 2.47ms, transpile: 110.17ms, gates: {'OpType.Rz': 12, 'OpType.Rx': 10, 'OpType.ZZPhase': 2, 'OpType.Barrier': 1, 'OpType.Measure': 2})
  Run 5/5: EquivalenceCriterion.not_equivalent (import: 1.91ms, transpile: 116.10ms, gates: {'OpType.Rz': 12, 'OpType.Rx': 10, 'OpType.ZZPhase': 2, 'OpType.Barrier': 1, 'OpType.Measure': 2})
Running 5 transpilation tests on vqe_real_amp_03...
  Run 1/5: EquivalenceCriterion.not_equivalent (import: 3.18ms, transpile: 242.28ms, gates: {'OpType.Rz': 24, 'OpType.Rx': 15, 'OpType.ZZPhase': 6, 'OpType.Barrier': 1, 'OpType.Measure': 3})
  Run 2/5: EquivalenceCriterion.not_equivalent (import: 2.67ms, transpile: 225.26ms, gates: {'OpType.Rz': 24, 'OpType.Rx': 15, 'OpType.ZZPhase': 6, 'OpType.Barrier': 1, 'OpType.Measure': 3})
  Run 3/5: EquivalenceCriterion.not_equivalent (import: 2.93ms, transpile: 249.64ms, gates: {'OpType.Rz': 24, 'OpType.Rx': 15, 'OpType.ZZPhase': 6, 'OpType.Barrier': 1, 'OpType.Measure': 3})
  Run 4/5: EquivalenceCriterion.not_equivalent (import: 2.38ms, transpile: 226.18ms, gates: {'OpType.Rz': 24, 'OpType.Rx': 15, 'OpType.ZZPhase': 6, 'OpType.Barrier': 1, 'OpType.Measure': 3})
  Run 5/5: EquivalenceCriterion.not_equivalent (import: 2.44ms, transpile: 224.37ms, gates: {'OpType.Rz': 24, 'OpType.Rx': 15, 'OpType.ZZPhase': 6, 'OpType.Barrier': 1, 'OpType.Measure': 3})
Running 5 transpilation tests on vqe_real_amp_04...
  Run 1/5: EquivalenceCriterion.not_equivalent (import: 3.02ms, transpile: 456.94ms, gates: {'OpType.Rz': 35, 'OpType.Rx': 22, 'OpType.ZZPhase': 9, 'OpType.Barrier': 1, 'OpType.Measure': 4})
  Run 2/5: EquivalenceCriterion.not_equivalent (import: 3.28ms, transpile: 467.13ms, gates: {'OpType.Rz': 35, 'OpType.Rx': 22, 'OpType.ZZPhase': 9, 'OpType.Barrier': 1, 'OpType.Measure': 4})
  Run 3/5: EquivalenceCriterion.not_equivalent (import: 3.06ms, transpile: 473.47ms, gates: {'OpType.Rz': 35, 'OpType.Rx': 22, 'OpType.ZZPhase': 9, 'OpType.Barrier': 1, 'OpType.Measure': 4})
  Run 4/5: EquivalenceCriterion.not_equivalent (import: 3.08ms, transpile: 471.58ms, gates: {'OpType.Rz': 35, 'OpType.Rx': 22, 'OpType.ZZPhase': 9, 'OpType.Barrier': 1, 'OpType.Measure': 4})
  Run 5/5: EquivalenceCriterion.not_equivalent (import: 3.17ms, transpile: 469.03ms, gates: {'OpType.Rz': 35, 'OpType.Rx': 22, 'OpType.ZZPhase': 9, 'OpType.Barrier': 1, 'OpType.Measure': 4})
Running 5 transpilation tests on vqe_real_amp_05...
  Run 1/5: EquivalenceCriterion.not_equivalent (import: 3.98ms, transpile: 668.61ms, gates: {'OpType.Rz': 46, 'OpType.Rx': 29, 'OpType.ZZPhase': 12, 'OpType.Barrier': 1, 'OpType.Measure': 5})
  Run 2/5: EquivalenceCriterion.not_equivalent (import: 8.95ms, transpile: 663.06ms, gates: {'OpType.Rz': 46, 'OpType.Rx': 29, 'OpType.ZZPhase': 12, 'OpType.Barrier': 1, 'OpType.Measure': 5})
  Run 3/5: EquivalenceCriterion.not_equivalent (import: 3.75ms, transpile: 695.15ms, gates: {'OpType.Rz': 46, 'OpType.Rx': 29, 'OpType.ZZPhase': 12, 'OpType.Barrier': 1, 'OpType.Measure': 5})
  Run 4/5: EquivalenceCriterion.not_equivalent (import: 3.72ms, transpile: 672.49ms, gates: {'OpType.Rz': 46, 'OpType.Rx': 29, 'OpType.ZZPhase': 12, 'OpType.Barrier': 1, 'OpType.Measure': 5})
  Run 5/5: EquivalenceCriterion.not_equivalent (import: 3.80ms, transpile: 679.12ms, gates: {'OpType.Rz': 46, 'OpType.Rx': 29, 'OpType.ZZPhase': 12, 'OpType.Barrier': 1, 'OpType.Measure': 5})
Running 5 transpilation tests on vqe_real_amp_06...
  Run 1/5: EquivalenceCriterion.not_equivalent (import: 8.14ms, transpile: 835.77ms, gates: {'OpType.Rz': 57, 'OpType.Rx': 36, 'OpType.ZZPhase': 15, 'OpType.Barrier': 1, 'OpType.Measure': 6})
  Run 2/5: EquivalenceCriterion.not_equivalent (import: 5.50ms, transpile: 842.25ms, gates: {'OpType.Rz': 57, 'OpType.Rx': 36, 'OpType.ZZPhase': 15, 'OpType.Barrier': 1, 'OpType.Measure': 6})
  Run 3/5: EquivalenceCriterion.not_equivalent (import: 4.74ms, transpile: 854.66ms, gates: {'OpType.Rz': 57, 'OpType.Rx': 36, 'OpType.ZZPhase': 15, 'OpType.Barrier': 1, 'OpType.Measure': 6})
  Run 4/5: EquivalenceCriterion.not_equivalent (import: 5.00ms, transpile: 835.41ms, gates: {'OpType.Rz': 57, 'OpType.Rx': 36, 'OpType.ZZPhase': 15, 'OpType.Barrier': 1, 'OpType.Measure': 6})
  Run 5/5: EquivalenceCriterion.not_equivalent (import: 6.44ms, transpile: 877.29ms, gates: {'OpType.Rz': 57, 'OpType.Rx': 36, 'OpType.ZZPhase': 15, 'OpType.Barrier': 1, 'OpType.Measure': 6})
Running 5 transpilation tests on vqe_real_amp_07...
  Run 1/5: EquivalenceCriterion.not_equivalent (import: 7.01ms, transpile: 1151.28ms, gates: {'OpType.Rz': 68, 'OpType.Rx': 43, 'OpType.ZZPhase': 18, 'OpType.Barrier': 1, 'OpType.Measure': 7})
  Run 2/5: EquivalenceCriterion.not_equivalent (import: 7.36ms, transpile: 1081.67ms, gates: {'OpType.Rz': 68, 'OpType.Rx': 43, 'OpType.ZZPhase': 18, 'OpType.Barrier': 1, 'OpType.Measure': 7})
  Run 3/5: EquivalenceCriterion.not_equivalent (import: 5.90ms, transpile: 1074.99ms, gates: {'OpType.Rz': 68, 'OpType.Rx': 43, 'OpType.ZZPhase': 18, 'OpType.Barrier': 1, 'OpType.Measure': 7})
  Run 4/5: EquivalenceCriterion.not_equivalent (import: 6.22ms, transpile: 1066.08ms, gates: {'OpType.Rz': 68, 'OpType.Rx': 43, 'OpType.ZZPhase': 18, 'OpType.Barrier': 1, 'OpType.Measure': 7})
  Run 5/5: EquivalenceCriterion.not_equivalent (import: 5.77ms, transpile: 1059.58ms, gates: {'OpType.Rz': 68, 'OpType.Rx': 43, 'OpType.ZZPhase': 18, 'OpType.Barrier': 1, 'OpType.Measure': 7})
Running 5 transpilation tests on vqe_real_amp_08...
  Run 1/5: EquivalenceCriterion.not_equivalent (import: 6.16ms, transpile: 1341.76ms, gates: {'OpType.Rz': 79, 'OpType.Rx': 50, 'OpType.ZZPhase': 21, 'OpType.Barrier': 1, 'OpType.Measure': 8})
  Run 2/5: EquivalenceCriterion.not_equivalent (import: 8.77ms, transpile: 1293.29ms, gates: {'OpType.Rz': 79, 'OpType.Rx': 50, 'OpType.ZZPhase': 21, 'OpType.Barrier': 1, 'OpType.Measure': 8})
  Run 3/5: EquivalenceCriterion.not_equivalent (import: 6.40ms, transpile: 1209.30ms, gates: {'OpType.Rz': 79, 'OpType.Rx': 50, 'OpType.ZZPhase': 21, 'OpType.Barrier': 1, 'OpType.Measure': 8})
  Run 4/5: EquivalenceCriterion.not_equivalent (import: 6.04ms, transpile: 1340.66ms, gates: {'OpType.Rz': 79, 'OpType.Rx': 50, 'OpType.ZZPhase': 21, 'OpType.Barrier': 1, 'OpType.Measure': 8})
  Run 5/5: EquivalenceCriterion.not_equivalent (import: 6.58ms, transpile: 1323.78ms, gates: {'OpType.Rz': 79, 'OpType.Rx': 50, 'OpType.ZZPhase': 21, 'OpType.Barrier': 1, 'OpType.Measure': 8})
Failed to extract qubits: Unexpected token Token('INAM', 'recent') at line 1, column 17.
Expected one of:
	* STAR
	* COMMA
	* SLASH
	* RPAR
	* PLUS
	* MINUS
	* "**"
Previous tokens: [Token('ARG', 'most')]

Running 5 transpilation tests on hhl_02...
  Run 1/5: FAILED - Import failed: Unexpected token Token('INAM', 'recent') at line 1, column 17.
Expected one of:
	* STAR
	* COMMA
	* SLASH
	* RPAR
	* PLUS
	* MINUS
	* "**"
Previous tokens: [Token('ARG', 'most')]

  Run 2/5: FAILED - Import failed: Unexpected token Token('INAM', 'recent') at line 1, column 17.
Expected one of:
	* STAR
	* COMMA
	* SLASH
	* RPAR
	* PLUS
	* MINUS
	* "**"
Previous tokens: [Token('ARG', 'most')]

  Run 3/5: FAILED - Import failed: Unexpected token Token('INAM', 'recent') at line 1, column 17.
Expected one of:
	* STAR
	* COMMA
	* SLASH
	* RPAR
	* PLUS
	* MINUS
	* "**"
Previous tokens: [Token('ARG', 'most')]

  Run 4/5: FAILED - Import failed: Unexpected token Token('INAM', 'recent') at line 1, column 17.
Expected one of:
	* STAR
	* COMMA
	* SLASH
	* RPAR
	* PLUS
	* MINUS
	* "**"
Previous tokens: [Token('ARG', 'most')]

  Run 5/5: FAILED - Import failed: Unexpected token Token('INAM', 'recent') at line 1, column 17.
Expected one of:
	* STAR
	* COMMA
	* SLASH
	* RPAR
	* PLUS
	* MINUS
	* "**"
Previous tokens: [Token('ARG', 'most')]

Running 5 transpilation tests on hhl_03...
  Run 1/5: EquivalenceCriterion.not_equivalent (import: 2.39ms, transpile: 334.34ms, gates: {'OpType.Rz': 21, 'OpType.Rx': 16, 'OpType.ZZPhase': 6, 'OpType.Measure': 1})
  Run 2/5: EquivalenceCriterion.not_equivalent (import: 2.80ms, transpile: 288.19ms, gates: {'OpType.Rz': 21, 'OpType.Rx': 16, 'OpType.ZZPhase': 6, 'OpType.Measure': 1})
  Run 3/5: EquivalenceCriterion.not_equivalent (import: 3.18ms, transpile: 270.40ms, gates: {'OpType.Rz': 21, 'OpType.Rx': 16, 'OpType.ZZPhase': 6, 'OpType.Measure': 1})
  Run 4/5: EquivalenceCriterion.not_equivalent (import: 3.05ms, transpile: 454.21ms, gates: {'OpType.Rz': 21, 'OpType.Rx': 16, 'OpType.ZZPhase': 6, 'OpType.Measure': 1})
  Run 5/5: EquivalenceCriterion.not_equivalent (import: 2.77ms, transpile: 264.57ms, gates: {'OpType.Rz': 21, 'OpType.Rx': 16, 'OpType.ZZPhase': 6, 'OpType.Measure': 1})
Running 5 transpilation tests on hhl_04...
  Run 1/5: EquivalenceCriterion.not_equivalent (import: 6.76ms, transpile: 771.76ms, gates: {'OpType.Rx': 45, 'OpType.Rz': 57, 'OpType.ZZPhase': 15, 'OpType.Measure': 1})
  Run 2/5: EquivalenceCriterion.not_equivalent (import: 9.02ms, transpile: 731.34ms, gates: {'OpType.Rx': 45, 'OpType.Rz': 57, 'OpType.ZZPhase': 15, 'OpType.Measure': 1})
  Run 3/5: EquivalenceCriterion.not_equivalent (import: 7.31ms, transpile: 711.11ms, gates: {'OpType.Rx': 45, 'OpType.Rz': 57, 'OpType.ZZPhase': 15, 'OpType.Measure': 1})
  Run 4/5: EquivalenceCriterion.not_equivalent (import: 7.10ms, transpile: 721.36ms, gates: {'OpType.Rx': 45, 'OpType.Rz': 57, 'OpType.ZZPhase': 15, 'OpType.Measure': 1})
  Run 5/5: EquivalenceCriterion.not_equivalent (import: 7.63ms, transpile: 702.29ms, gates: {'OpType.Rx': 45, 'OpType.Rz': 57, 'OpType.ZZPhase': 15, 'OpType.Measure': 1})
Running 5 transpilation tests on hhl_05...
  Run 1/5: EquivalenceCriterion.not_equivalent (import: 13.11ms, transpile: 1076.88ms, gates: {'OpType.Rz': 90, 'OpType.Rx': 64, 'OpType.ZZPhase': 28, 'OpType.Measure': 1})
  Run 2/5: EquivalenceCriterion.not_equivalent (import: 15.79ms, transpile: 1102.45ms, gates: {'OpType.Rz': 90, 'OpType.Rx': 64, 'OpType.ZZPhase': 28, 'OpType.Measure': 1})
  Run 3/5: EquivalenceCriterion.not_equivalent (import: 13.06ms, transpile: 1058.18ms, gates: {'OpType.Rz': 90, 'OpType.Rx': 64, 'OpType.ZZPhase': 28, 'OpType.Measure': 1})
  Run 4/5: EquivalenceCriterion.not_equivalent (import: 13.03ms, transpile: 1066.64ms, gates: {'OpType.Rz': 90, 'OpType.Rx': 64, 'OpType.ZZPhase': 28, 'OpType.Measure': 1})
  Run 5/5: EquivalenceCriterion.not_equivalent (import: 13.38ms, transpile: 1082.01ms, gates: {'OpType.Rz': 90, 'OpType.Rx': 64, 'OpType.ZZPhase': 28, 'OpType.Measure': 1})
Running 5 transpilation tests on hhl_06...
  Run 1/5: EquivalenceCriterion.not_equivalent (import: 22.42ms, transpile: 1701.31ms, gates: {'OpType.Rz': 142, 'OpType.Rx': 99, 'OpType.ZZPhase': 45, 'OpType.Measure': 1})
  Run 2/5: EquivalenceCriterion.not_equivalent (import: 25.53ms, transpile: 1650.51ms, gates: {'OpType.Rz': 142, 'OpType.Rx': 99, 'OpType.ZZPhase': 45, 'OpType.Measure': 1})
  Run 3/5: EquivalenceCriterion.not_equivalent (import: 26.64ms, transpile: 1658.75ms, gates: {'OpType.Rz': 142, 'OpType.Rx': 99, 'OpType.ZZPhase': 45, 'OpType.Measure': 1})
  Run 4/5: EquivalenceCriterion.not_equivalent (import: 22.51ms, transpile: 1750.15ms, gates: {'OpType.Rz': 142, 'OpType.Rx': 99, 'OpType.ZZPhase': 45, 'OpType.Measure': 1})
  Run 5/5: EquivalenceCriterion.not_equivalent (import: 24.97ms, transpile: 1695.34ms, gates: {'OpType.Rz': 142, 'OpType.Rx': 99, 'OpType.ZZPhase': 45, 'OpType.Measure': 1})
Running 5 transpilation tests on hhl_07...
  Run 1/5: EquivalenceCriterion.not_equivalent (import: 35.44ms, transpile: 2466.95ms, gates: {'OpType.Rz': 206, 'OpType.Rx': 142, 'OpType.ZZPhase': 66, 'OpType.Measure': 1})
  Run 2/5: EquivalenceCriterion.not_equivalent (import: 36.99ms, transpile: 2489.99ms, gates: {'OpType.Rz': 206, 'OpType.Rx': 142, 'OpType.ZZPhase': 66, 'OpType.Measure': 1})
  Run 3/5: EquivalenceCriterion.not_equivalent (import: 33.74ms, transpile: 2389.77ms, gates: {'OpType.Rz': 206, 'OpType.Rx': 142, 'OpType.ZZPhase': 66, 'OpType.Measure': 1})
  Run 4/5: EquivalenceCriterion.not_equivalent (import: 36.54ms, transpile: 2522.57ms, gates: {'OpType.Rz': 206, 'OpType.Rx': 142, 'OpType.ZZPhase': 66, 'OpType.Measure': 1})
  Run 5/5: EquivalenceCriterion.not_equivalent (import: 36.53ms, transpile: 2484.73ms, gates: {'OpType.Rz': 206, 'OpType.Rx': 142, 'OpType.ZZPhase': 66, 'OpType.Measure': 1})
Running 5 transpilation tests on hhl_08...
  Run 1/5: EquivalenceCriterion.not_equivalent (import: 47.42ms, transpile: 3502.34ms, gates: {'OpType.Rz': 282, 'OpType.Rx': 193, 'OpType.ZZPhase': 91, 'OpType.Measure': 1})
  Run 2/5: EquivalenceCriterion.not_equivalent (import: 50.65ms, transpile: 3393.14ms, gates: {'OpType.Rz': 282, 'OpType.Rx': 193, 'OpType.ZZPhase': 91, 'OpType.Measure': 1})
  Run 3/5: EquivalenceCriterion.not_equivalent (import: 59.33ms, transpile: 3541.04ms, gates: {'OpType.Rz': 282, 'OpType.Rx': 193, 'OpType.ZZPhase': 91, 'OpType.Measure': 1})
  Run 4/5: EquivalenceCriterion.not_equivalent (import: 50.44ms, transpile: 3384.18ms, gates: {'OpType.Rz': 282, 'OpType.Rx': 193, 'OpType.ZZPhase': 91, 'OpType.Measure': 1})
  Run 5/5: EquivalenceCriterion.not_equivalent (import: 51.02ms, transpile: 3361.95ms, gates: {'OpType.Rz': 282, 'OpType.Rx': 193, 'OpType.ZZPhase': 91, 'OpType.Measure': 1})
Running 5 transpilation tests on grover_02...
  Run 1/5: EquivalenceCriterion.not_equivalent (import: 5.28ms, transpile: 58.28ms, gates: {'OpType.Rz': 6, 'OpType.Rx': 3, 'OpType.ZZPhase': 1, 'OpType.Barrier': 1, 'OpType.Measure': 2})
  Run 2/5: EquivalenceCriterion.not_equivalent (import: 4.78ms, transpile: 53.18ms, gates: {'OpType.Rz': 6, 'OpType.Rx': 3, 'OpType.ZZPhase': 1, 'OpType.Barrier': 1, 'OpType.Measure': 2})
  Run 3/5: EquivalenceCriterion.not_equivalent (import: 5.19ms, transpile: 56.13ms, gates: {'OpType.Rz': 6, 'OpType.Rx': 3, 'OpType.ZZPhase': 1, 'OpType.Barrier': 1, 'OpType.Measure': 2})
  Run 4/5: EquivalenceCriterion.not_equivalent (import: 4.00ms, transpile: 54.47ms, gates: {'OpType.Rz': 6, 'OpType.Rx': 3, 'OpType.ZZPhase': 1, 'OpType.Barrier': 1, 'OpType.Measure': 2})
  Run 5/5: EquivalenceCriterion.not_equivalent (import: 4.76ms, transpile: 55.89ms, gates: {'OpType.Rz': 6, 'OpType.Rx': 3, 'OpType.ZZPhase': 1, 'OpType.Barrier': 1, 'OpType.Measure': 2})
Running 5 transpilation tests on grover_03...
  Run 1/5: EquivalenceCriterion.not_equivalent (import: 4.33ms, transpile: 223.17ms, gates: {'OpType.Rx': 18, 'OpType.Rz': 23, 'OpType.ZZPhase': 6, 'OpType.Barrier': 1, 'OpType.Measure': 3})
  Run 2/5: EquivalenceCriterion.not_equivalent (import: 4.43ms, transpile: 220.28ms, gates: {'OpType.Rx': 18, 'OpType.Rz': 23, 'OpType.ZZPhase': 6, 'OpType.Barrier': 1, 'OpType.Measure': 3})
  Run 3/5: EquivalenceCriterion.not_equivalent (import: 4.47ms, transpile: 234.17ms, gates: {'OpType.Rx': 18, 'OpType.Rz': 23, 'OpType.ZZPhase': 6, 'OpType.Barrier': 1, 'OpType.Measure': 3})
  Run 4/5: EquivalenceCriterion.not_equivalent (import: 4.22ms, transpile: 237.79ms, gates: {'OpType.Rx': 18, 'OpType.Rz': 23, 'OpType.ZZPhase': 6, 'OpType.Barrier': 1, 'OpType.Measure': 3})
  Run 5/5: EquivalenceCriterion.not_equivalent (import: 4.15ms, transpile: 226.08ms, gates: {'OpType.Rx': 18, 'OpType.Rz': 23, 'OpType.ZZPhase': 6, 'OpType.Barrier': 1, 'OpType.Measure': 3})
Running 5 transpilation tests on grover_04...
  Run 1/5: EquivalenceCriterion.not_equivalent (import: 9.07ms, transpile: 1789.29ms, gates: {'OpType.Rz': 176, 'OpType.Rx': 120, 'OpType.ZZPhase': 52, 'OpType.Barrier': 1, 'OpType.Measure': 4})
  Run 2/5: EquivalenceCriterion.not_equivalent (import: 8.99ms, transpile: 2065.13ms, gates: {'OpType.Rz': 176, 'OpType.Rx': 120, 'OpType.ZZPhase': 52, 'OpType.Barrier': 1, 'OpType.Measure': 4})
  Run 3/5: EquivalenceCriterion.not_equivalent (import: 13.91ms, transpile: 2015.83ms, gates: {'OpType.Rz': 176, 'OpType.Rx': 120, 'OpType.ZZPhase': 52, 'OpType.Barrier': 1, 'OpType.Measure': 4})
  Run 4/5: EquivalenceCriterion.not_equivalent (import: 9.48ms, transpile: 1950.15ms, gates: {'OpType.Rz': 176, 'OpType.Rx': 120, 'OpType.ZZPhase': 52, 'OpType.Barrier': 1, 'OpType.Measure': 4})
  Run 5/5: EquivalenceCriterion.not_equivalent (import: 11.59ms, transpile: 1961.57ms, gates: {'OpType.Rz': 176, 'OpType.Rx': 120, 'OpType.ZZPhase': 52, 'OpType.Barrier': 1, 'OpType.Measure': 4})
Running 5 transpilation tests on grover_05...
  Run 1/5: EquivalenceCriterion.not_equivalent (import: 23.56ms, transpile: 6671.05ms, gates: {'OpType.Rz': 653, 'OpType.Rx': 484, 'OpType.ZZPhase': 168, 'OpType.Barrier': 1, 'OpType.Measure': 5})
  Run 2/5: EquivalenceCriterion.not_equivalent (import: 31.03ms, transpile: 6709.70ms, gates: {'OpType.Rz': 653, 'OpType.Rx': 484, 'OpType.ZZPhase': 168, 'OpType.Barrier': 1, 'OpType.Measure': 5})
  Run 3/5: EquivalenceCriterion.not_equivalent (import: 24.45ms, transpile: 7056.26ms, gates: {'OpType.Rz': 653, 'OpType.Rx': 484, 'OpType.ZZPhase': 168, 'OpType.Barrier': 1, 'OpType.Measure': 5})
  Run 4/5: EquivalenceCriterion.not_equivalent (import: 24.59ms, transpile: 6653.85ms, gates: {'OpType.Rz': 653, 'OpType.Rx': 484, 'OpType.ZZPhase': 168, 'OpType.Barrier': 1, 'OpType.Measure': 5})
  Run 5/5: EquivalenceCriterion.not_equivalent (import: 24.10ms, transpile: 6687.34ms, gates: {'OpType.Rz': 653, 'OpType.Rx': 484, 'OpType.ZZPhase': 168, 'OpType.Barrier': 1, 'OpType.Measure': 5})
Running 5 transpilation tests on grover_06...
  Run 1/5: EquivalenceCriterion.not_equivalent (import: 81.37ms, transpile: 18298.16ms, gates: {'OpType.Rz': 1558, 'OpType.Rx': 1067, 'OpType.ZZPhase': 480, 'OpType.Barrier': 1, 'OpType.Measure': 6})
  Run 2/5: EquivalenceCriterion.not_equivalent (import: 73.81ms, transpile: 18366.56ms, gates: {'OpType.Rz': 1558, 'OpType.Rx': 1067, 'OpType.ZZPhase': 480, 'OpType.Barrier': 1, 'OpType.Measure': 6})
  Run 3/5: EquivalenceCriterion.not_equivalent (import: 80.84ms, transpile: 18493.05ms, gates: {'OpType.Rz': 1558, 'OpType.Rx': 1067, 'OpType.ZZPhase': 480, 'OpType.Barrier': 1, 'OpType.Measure': 6})
  Run 4/5: EquivalenceCriterion.not_equivalent (import: 85.46ms, transpile: 18545.52ms, gates: {'OpType.Rz': 1558, 'OpType.Rx': 1067, 'OpType.ZZPhase': 480, 'OpType.Barrier': 1, 'OpType.Measure': 6})
  Run 5/5: EquivalenceCriterion.not_equivalent (import: 89.46ms, transpile: 18271.82ms, gates: {'OpType.Rz': 1558, 'OpType.Rx': 1067, 'OpType.ZZPhase': 480, 'OpType.Barrier': 1, 'OpType.Measure': 6})
Running 5 transpilation tests on grover_07...
  Run 1/5: EquivalenceCriterion.not_equivalent (import: 139.10ms, transpile: 58188.53ms, gates: {'OpType.Rz': 5178, 'OpType.Rx': 3828, 'OpType.ZZPhase': 1322, 'OpType.Barrier': 1, 'OpType.Measure': 7})
  Run 2/5: EquivalenceCriterion.not_equivalent (import: 108.27ms, transpile: 58833.55ms, gates: {'OpType.Rz': 5178, 'OpType.Rx': 3828, 'OpType.ZZPhase': 1322, 'OpType.Barrier': 1, 'OpType.Measure': 7})
  Run 3/5: EquivalenceCriterion.not_equivalent (import: 364.40ms, transpile: 57366.58ms, gates: {'OpType.Rz': 5178, 'OpType.Rx': 3828, 'OpType.ZZPhase': 1322, 'OpType.Barrier': 1, 'OpType.Measure': 7})
  Run 4/5: EquivalenceCriterion.not_equivalent (import: 121.69ms, transpile: 58286.56ms, gates: {'OpType.Rz': 5178, 'OpType.Rx': 3828, 'OpType.ZZPhase': 1322, 'OpType.Barrier': 1, 'OpType.Measure': 7})
  Run 5/5: EquivalenceCriterion.not_equivalent (import: 112.43ms, transpile: 57540.35ms, gates: {'OpType.Rz': 5178, 'OpType.Rx': 3828, 'OpType.ZZPhase': 1322, 'OpType.Barrier': 1, 'OpType.Measure': 7})
Running 5 transpilation tests on grover_08...
  Run 1/5: EquivalenceCriterion.not_equivalent (import: 218.08ms, transpile: 128286.82ms, gates: {'OpType.Rz': 10290, 'OpType.Rx': 7342, 'OpType.ZZPhase': 2864, 'OpType.Barrier': 1, 'OpType.Measure': 8})
  Run 2/5: EquivalenceCriterion.not_equivalent (import: 214.14ms, transpile: 127136.62ms, gates: {'OpType.Rz': 10290, 'OpType.Rx': 7342, 'OpType.ZZPhase': 2864, 'OpType.Barrier': 1, 'OpType.Measure': 8})
  Run 3/5: EquivalenceCriterion.not_equivalent (import: 211.88ms, transpile: 126621.25ms, gates: {'OpType.Rz': 10290, 'OpType.Rx': 7342, 'OpType.ZZPhase': 2864, 'OpType.Barrier': 1, 'OpType.Measure': 8})
  Run 4/5: EquivalenceCriterion.not_equivalent (import: 214.29ms, transpile: 135863.55ms, gates: {'OpType.Rz': 10290, 'OpType.Rx': 7342, 'OpType.ZZPhase': 2864, 'OpType.Barrier': 1, 'OpType.Measure': 8})
  Run 5/5: EquivalenceCriterion.not_equivalent (import: 245.64ms, transpile: 127432.20ms, gates: {'OpType.Rz': 10290, 'OpType.Rx': 7342, 'OpType.ZZPhase': 2864, 'OpType.Barrier': 1, 'OpType.Measure': 8})
Results saved to experiments/transpiler_result_20260611_182113_Pytket_Mapped_all_to_all_Quantinuum_gateset.json
Processing SDK: Pytket_Mapped_line_Quantinuum_gateset
Running 5 transpilation tests on qaoa_02...
  Run 1/5: EquivalenceCriterion.not_equivalent (import: 0.93ms, transpile: 114.86ms, gates: {'OpType.Rz': 13, 'OpType.Rx': 10, 'OpType.ZZPhase': 2})
  Run 2/5: EquivalenceCriterion.not_equivalent (import: 1.20ms, transpile: 111.16ms, gates: {'OpType.Rz': 13, 'OpType.Rx': 10, 'OpType.ZZPhase': 2})
  Run 3/5: EquivalenceCriterion.not_equivalent (import: 1.15ms, transpile: 119.56ms, gates: {'OpType.Rz': 13, 'OpType.Rx': 10, 'OpType.ZZPhase': 2})
  Run 4/5: EquivalenceCriterion.not_equivalent (import: 2.04ms, transpile: 122.26ms, gates: {'OpType.Rz': 13, 'OpType.Rx': 10, 'OpType.ZZPhase': 2})
  Run 5/5: EquivalenceCriterion.not_equivalent (import: 1.16ms, transpile: 109.64ms, gates: {'OpType.Rz': 13, 'OpType.Rx': 10, 'OpType.ZZPhase': 2})
Running 5 transpilation tests on qaoa_03...
  Run 1/5: EquivalenceCriterion.not_equivalent (import: 1.68ms, transpile: 297.06ms, gates: {'OpType.Rz': 27, 'OpType.Rx': 21, 'OpType.ZZPhase': 8})
  Run 2/5: EquivalenceCriterion.not_equivalent (import: 1.64ms, transpile: 302.08ms, gates: {'OpType.Rz': 27, 'OpType.Rx': 21, 'OpType.ZZPhase': 8})
  Run 3/5: EquivalenceCriterion.not_equivalent (import: 2.12ms, transpile: 331.81ms, gates: {'OpType.Rz': 27, 'OpType.Rx': 21, 'OpType.ZZPhase': 8})
  Run 4/5: EquivalenceCriterion.not_equivalent (import: 1.57ms, transpile: 292.63ms, gates: {'OpType.Rz': 27, 'OpType.Rx': 21, 'OpType.ZZPhase': 8})
  Run 5/5: EquivalenceCriterion.not_equivalent (import: 1.77ms, transpile: 293.63ms, gates: {'OpType.Rz': 27, 'OpType.Rx': 21, 'OpType.ZZPhase': 8})
Running 5 transpilation tests on qaoa_04...
  Run 1/5: EquivalenceCriterion.not_equivalent (import: 1.67ms, transpile: 303.18ms, gates: {'OpType.Rz': 29, 'OpType.Rx': 22, 'OpType.ZZPhase': 8})
  Run 2/5: EquivalenceCriterion.not_equivalent (import: 2.04ms, transpile: 294.75ms, gates: {'OpType.Rz': 29, 'OpType.Rx': 22, 'OpType.ZZPhase': 8})
  Run 3/5: EquivalenceCriterion.not_equivalent (import: 1.77ms, transpile: 319.13ms, gates: {'OpType.Rz': 29, 'OpType.Rx': 22, 'OpType.ZZPhase': 8})
  Run 4/5: EquivalenceCriterion.not_equivalent (import: 1.77ms, transpile: 296.05ms, gates: {'OpType.Rz': 29, 'OpType.Rx': 22, 'OpType.ZZPhase': 8})
  Run 5/5: EquivalenceCriterion.not_equivalent (import: 1.91ms, transpile: 293.60ms, gates: {'OpType.Rz': 29, 'OpType.Rx': 22, 'OpType.ZZPhase': 8})
Running 5 transpilation tests on qaoa_05...
  Run 1/5: EquivalenceCriterion.not_equivalent (import: 3.50ms, transpile: 966.69ms, gates: {'OpType.Rz': 74, 'OpType.Rx': 49, 'OpType.ZZPhase': 24})
  Run 2/5: EquivalenceCriterion.not_equivalent (import: 2.90ms, transpile: 982.75ms, gates: {'OpType.Rz': 74, 'OpType.Rx': 49, 'OpType.ZZPhase': 24})
  Run 3/5: EquivalenceCriterion.not_equivalent (import: 2.85ms, transpile: 962.36ms, gates: {'OpType.Rz': 74, 'OpType.Rx': 49, 'OpType.ZZPhase': 24})
  Run 4/5: EquivalenceCriterion.not_equivalent (import: 2.93ms, transpile: 960.91ms, gates: {'OpType.Rz': 74, 'OpType.Rx': 49, 'OpType.ZZPhase': 24})
  Run 5/5: EquivalenceCriterion.not_equivalent (import: 3.11ms, transpile: 952.43ms, gates: {'OpType.Rz': 74, 'OpType.Rx': 49, 'OpType.ZZPhase': 24})
Running 5 transpilation tests on qaoa_06...
  Run 1/5: EquivalenceCriterion.not_equivalent (import: 3.24ms, transpile: 1103.55ms, gates: {'OpType.Rz': 88, 'OpType.Rx': 61, 'OpType.ZZPhase': 28})
  Run 2/5: EquivalenceCriterion.not_equivalent (import: 4.00ms, transpile: 1196.40ms, gates: {'OpType.Rz': 88, 'OpType.Rx': 61, 'OpType.ZZPhase': 28})
  Run 3/5: EquivalenceCriterion.not_equivalent (import: 3.17ms, transpile: 1206.22ms, gates: {'OpType.Rz': 88, 'OpType.Rx': 61, 'OpType.ZZPhase': 28})
  Run 4/5: EquivalenceCriterion.not_equivalent (import: 3.71ms, transpile: 1151.72ms, gates: {'OpType.Rz': 88, 'OpType.Rx': 61, 'OpType.ZZPhase': 28})
  Run 5/5: EquivalenceCriterion.not_equivalent (import: 3.81ms, transpile: 1097.47ms, gates: {'OpType.Rz': 88, 'OpType.Rx': 61, 'OpType.ZZPhase': 28})
Running 5 transpilation tests on qaoa_07...
  Run 1/5: EquivalenceCriterion.not_equivalent (import: 4.54ms, transpile: 2043.51ms, gates: {'OpType.Rz': 150, 'OpType.Rx': 94, 'OpType.ZZPhase': 48})
  Run 2/5: EquivalenceCriterion.not_equivalent (import: 4.56ms, transpile: 2029.07ms, gates: {'OpType.Rz': 150, 'OpType.Rx': 94, 'OpType.ZZPhase': 48})
  Run 3/5: EquivalenceCriterion.not_equivalent (import: 5.90ms, transpile: 2059.57ms, gates: {'OpType.Rz': 150, 'OpType.Rx': 94, 'OpType.ZZPhase': 48})
  Run 4/5: EquivalenceCriterion.not_equivalent (import: 8.32ms, transpile: 2013.83ms, gates: {'OpType.Rz': 150, 'OpType.Rx': 94, 'OpType.ZZPhase': 48})
  Run 5/5: EquivalenceCriterion.not_equivalent (import: 5.35ms, transpile: 2259.99ms, gates: {'OpType.Rz': 150, 'OpType.Rx': 94, 'OpType.ZZPhase': 48})
Running 5 transpilation tests on qaoa_08...
  Run 1/5: EquivalenceCriterion.not_equivalent (import: 7.94ms, transpile: 2240.64ms, gates: {'OpType.Rz': 166, 'OpType.Rx': 110, 'OpType.ZZPhase': 56})
  Run 2/5: EquivalenceCriterion.not_equivalent (import: 10.77ms, transpile: 2173.87ms, gates: {'OpType.Rz': 166, 'OpType.Rx': 110, 'OpType.ZZPhase': 56})
  Run 3/5: EquivalenceCriterion.not_equivalent (import: 6.72ms, transpile: 2271.93ms, gates: {'OpType.Rz': 166, 'OpType.Rx': 110, 'OpType.ZZPhase': 56})
  Run 4/5: EquivalenceCriterion.not_equivalent (import: 6.05ms, transpile: 2258.16ms, gates: {'OpType.Rz': 166, 'OpType.Rx': 110, 'OpType.ZZPhase': 56})
  Run 5/5: EquivalenceCriterion.not_equivalent (import: 5.92ms, transpile: 2135.74ms, gates: {'OpType.Rz': 166, 'OpType.Rx': 110, 'OpType.ZZPhase': 56})
Running 5 transpilation tests on qft_02...
  Run 1/5: EquivalenceCriterion.not_equivalent (import: 2.50ms, transpile: 95.19ms, gates: {'OpType.Rx': 9, 'OpType.Rz': 11, 'OpType.ZZPhase': 2, 'OpType.Barrier': 1, 'OpType.Measure': 2})
  Run 2/5: EquivalenceCriterion.not_equivalent (import: 2.59ms, transpile: 98.55ms, gates: {'OpType.Rx': 9, 'OpType.Rz': 11, 'OpType.ZZPhase': 2, 'OpType.Barrier': 1, 'OpType.Measure': 2})
  Run 3/5: EquivalenceCriterion.not_equivalent (import: 2.56ms, transpile: 100.30ms, gates: {'OpType.Rx': 9, 'OpType.Rz': 11, 'OpType.ZZPhase': 2, 'OpType.Barrier': 1, 'OpType.Measure': 2})
  Run 4/5: EquivalenceCriterion.not_equivalent (import: 3.03ms, transpile: 104.36ms, gates: {'OpType.Rx': 9, 'OpType.Rz': 11, 'OpType.ZZPhase': 2, 'OpType.Barrier': 1, 'OpType.Measure': 2})
  Run 5/5: EquivalenceCriterion.not_equivalent (import: 3.28ms, transpile: 102.56ms, gates: {'OpType.Rx': 9, 'OpType.Rz': 11, 'OpType.ZZPhase': 2, 'OpType.Barrier': 1, 'OpType.Measure': 2})
Running 5 transpilation tests on qft_03...
  Run 1/5: EquivalenceCriterion.not_equivalent (import: 5.35ms, transpile: 226.63ms, gates: {'OpType.Rz': 22, 'OpType.Rx': 16, 'OpType.ZZPhase': 6, 'OpType.Barrier': 1, 'OpType.Measure': 3})
  Run 2/5: EquivalenceCriterion.not_equivalent (import: 5.74ms, transpile: 227.58ms, gates: {'OpType.Rz': 22, 'OpType.Rx': 16, 'OpType.ZZPhase': 6, 'OpType.Barrier': 1, 'OpType.Measure': 3})
  Run 3/5: EquivalenceCriterion.not_equivalent (import: 5.32ms, transpile: 237.97ms, gates: {'OpType.Rz': 22, 'OpType.Rx': 16, 'OpType.ZZPhase': 6, 'OpType.Barrier': 1, 'OpType.Measure': 3})
  Run 4/5: EquivalenceCriterion.not_equivalent (import: 6.26ms, transpile: 232.46ms, gates: {'OpType.Rz': 22, 'OpType.Rx': 16, 'OpType.ZZPhase': 6, 'OpType.Barrier': 1, 'OpType.Measure': 3})
  Run 5/5: EquivalenceCriterion.not_equivalent (import: 5.17ms, transpile: 226.71ms, gates: {'OpType.Rz': 22, 'OpType.Rx': 16, 'OpType.ZZPhase': 6, 'OpType.Barrier': 1, 'OpType.Measure': 3})
Running 5 transpilation tests on qft_04...
  Run 1/5: EquivalenceCriterion.not_equivalent (import: 11.37ms, transpile: 568.17ms, gates: {'OpType.Rx': 27, 'OpType.Rz': 39, 'OpType.ZZPhase': 12, 'OpType.Barrier': 1, 'OpType.Measure': 4})
  Run 2/5: EquivalenceCriterion.not_equivalent (import: 9.53ms, transpile: 446.67ms, gates: {'OpType.Rx': 27, 'OpType.Rz': 39, 'OpType.ZZPhase': 12, 'OpType.Barrier': 1, 'OpType.Measure': 4})
  Run 3/5: EquivalenceCriterion.not_equivalent (import: 10.70ms, transpile: 476.26ms, gates: {'OpType.Rx': 27, 'OpType.Rz': 39, 'OpType.ZZPhase': 12, 'OpType.Barrier': 1, 'OpType.Measure': 4})
  Run 4/5: EquivalenceCriterion.not_equivalent (import: 10.08ms, transpile: 442.52ms, gates: {'OpType.Rx': 27, 'OpType.Rz': 39, 'OpType.ZZPhase': 12, 'OpType.Barrier': 1, 'OpType.Measure': 4})
  Run 5/5: EquivalenceCriterion.not_equivalent (import: 9.42ms, transpile: 482.72ms, gates: {'OpType.Rx': 27, 'OpType.Rz': 39, 'OpType.ZZPhase': 12, 'OpType.Barrier': 1, 'OpType.Measure': 4})
Running 5 transpilation tests on qft_05...
  Run 1/5: EquivalenceCriterion.not_equivalent (import: 21.95ms, transpile: 833.71ms, gates: {'OpType.Rz': 68, 'OpType.Rx': 49, 'OpType.ZZPhase': 20, 'OpType.Barrier': 1, 'OpType.Measure': 5})
  Run 2/5: EquivalenceCriterion.not_equivalent (import: 15.37ms, transpile: 777.21ms, gates: {'OpType.Rz': 68, 'OpType.Rx': 49, 'OpType.ZZPhase': 20, 'OpType.Barrier': 1, 'OpType.Measure': 5})
  Run 3/5: EquivalenceCriterion.not_equivalent (import: 15.20ms, transpile: 772.45ms, gates: {'OpType.Rz': 68, 'OpType.Rx': 49, 'OpType.ZZPhase': 20, 'OpType.Barrier': 1, 'OpType.Measure': 5})
  Run 4/5: EquivalenceCriterion.not_equivalent (import: 15.08ms, transpile: 772.35ms, gates: {'OpType.Rz': 68, 'OpType.Rx': 49, 'OpType.ZZPhase': 20, 'OpType.Barrier': 1, 'OpType.Measure': 5})
  Run 5/5: EquivalenceCriterion.not_equivalent (import: 17.01ms, transpile: 821.57ms, gates: {'OpType.Rz': 68, 'OpType.Rx': 49, 'OpType.ZZPhase': 20, 'OpType.Barrier': 1, 'OpType.Measure': 5})
Running 5 transpilation tests on qft_06...
  Run 1/5: EquivalenceCriterion.equivalent_up_to_global_phase (import: 23.20ms, transpile: 1355.18ms, gates: {'OpType.Rz': 95, 'OpType.Rx': 58, 'OpType.ZZPhase': 30, 'OpType.Barrier': 1, 'OpType.Measure': 6})
  Run 2/5: EquivalenceCriterion.equivalent_up_to_global_phase (import: 20.72ms, transpile: 1320.58ms, gates: {'OpType.Rz': 95, 'OpType.Rx': 58, 'OpType.ZZPhase': 30, 'OpType.Barrier': 1, 'OpType.Measure': 6})
  Run 3/5: EquivalenceCriterion.equivalent_up_to_global_phase (import: 20.93ms, transpile: 1319.10ms, gates: {'OpType.Rz': 95, 'OpType.Rx': 58, 'OpType.ZZPhase': 30, 'OpType.Barrier': 1, 'OpType.Measure': 6})
  Run 4/5: EquivalenceCriterion.equivalent_up_to_global_phase (import: 23.20ms, transpile: 1296.23ms, gates: {'OpType.Rz': 95, 'OpType.Rx': 58, 'OpType.ZZPhase': 30, 'OpType.Barrier': 1, 'OpType.Measure': 6})
The ZX checker suggests that the circuits are not equivalent, but the simulation checker suggests that they are probably equivalent. Thus, no conclusion can be drawn.
  Run 5/5: EquivalenceCriterion.no_information (import: 22.22ms, transpile: 1348.38ms, gates: {'OpType.Rz': 95, 'OpType.Rx': 58, 'OpType.ZZPhase': 30, 'OpType.Barrier': 1, 'OpType.Measure': 6})
Running 5 transpilation tests on qft_07...
The ZX checker suggests that the circuits are not equivalent, but the simulation checker suggests that they are probably equivalent. Thus, no conclusion can be drawn.
  Run 1/5: EquivalenceCriterion.no_information (import: 39.62ms, transpile: 1876.55ms, gates: {'OpType.Rz': 132, 'OpType.Rx': 77, 'OpType.ZZPhase': 42, 'OpType.Barrier': 1, 'OpType.Measure': 7})
The ZX checker suggests that the circuits are not equivalent, but the simulation checker suggests that they are probably equivalent. Thus, no conclusion can be drawn.
  Run 2/5: EquivalenceCriterion.no_information (import: 30.17ms, transpile: 1883.06ms, gates: {'OpType.Rz': 132, 'OpType.Rx': 77, 'OpType.ZZPhase': 42, 'OpType.Barrier': 1, 'OpType.Measure': 7})
The ZX checker suggests that the circuits are not equivalent, but the simulation checker suggests that they are probably equivalent. Thus, no conclusion can be drawn.
  Run 3/5: EquivalenceCriterion.no_information (import: 42.20ms, transpile: 1839.58ms, gates: {'OpType.Rz': 132, 'OpType.Rx': 77, 'OpType.ZZPhase': 42, 'OpType.Barrier': 1, 'OpType.Measure': 7})
The ZX checker suggests that the circuits are not equivalent, but the simulation checker suggests that they are probably equivalent. Thus, no conclusion can be drawn.
  Run 4/5: EquivalenceCriterion.no_information (import: 29.20ms, transpile: 1852.51ms, gates: {'OpType.Rz': 132, 'OpType.Rx': 77, 'OpType.ZZPhase': 42, 'OpType.Barrier': 1, 'OpType.Measure': 7})
The ZX checker suggests that the circuits are not equivalent, but the simulation checker suggests that they are probably equivalent. Thus, no conclusion can be drawn.
  Run 5/5: EquivalenceCriterion.no_information (import: 30.94ms, transpile: 1816.43ms, gates: {'OpType.Rz': 132, 'OpType.Rx': 77, 'OpType.ZZPhase': 42, 'OpType.Barrier': 1, 'OpType.Measure': 7})
Running 5 transpilation tests on qft_08...
The ZX checker suggests that the circuits are not equivalent, but the simulation checker suggests that they are probably equivalent. Thus, no conclusion can be drawn.
  Run 1/5: EquivalenceCriterion.no_information (import: 41.29ms, transpile: 2432.25ms, gates: {'OpType.Rx': 98, 'OpType.Rz': 173, 'OpType.ZZPhase': 56, 'OpType.Barrier': 1, 'OpType.Measure': 8})
The ZX checker suggests that the circuits are not equivalent, but the simulation checker suggests that they are probably equivalent. Thus, no conclusion can be drawn.
  Run 2/5: EquivalenceCriterion.no_information (import: 39.76ms, transpile: 2397.43ms, gates: {'OpType.Rx': 98, 'OpType.Rz': 173, 'OpType.ZZPhase': 56, 'OpType.Barrier': 1, 'OpType.Measure': 8})
The ZX checker suggests that the circuits are not equivalent, but the simulation checker suggests that they are probably equivalent. Thus, no conclusion can be drawn.
  Run 3/5: EquivalenceCriterion.no_information (import: 39.04ms, transpile: 2370.86ms, gates: {'OpType.Rx': 98, 'OpType.Rz': 173, 'OpType.ZZPhase': 56, 'OpType.Barrier': 1, 'OpType.Measure': 8})
The ZX checker suggests that the circuits are not equivalent, but the simulation checker suggests that they are probably equivalent. Thus, no conclusion can be drawn.
  Run 4/5: EquivalenceCriterion.no_information (import: 39.78ms, transpile: 2484.57ms, gates: {'OpType.Rx': 98, 'OpType.Rz': 173, 'OpType.ZZPhase': 56, 'OpType.Barrier': 1, 'OpType.Measure': 8})
The ZX checker suggests that the circuits are not equivalent, but the simulation checker suggests that they are probably equivalent. Thus, no conclusion can be drawn.
  Run 5/5: EquivalenceCriterion.no_information (import: 41.12ms, transpile: 2363.17ms, gates: {'OpType.Rx': 98, 'OpType.Rz': 173, 'OpType.ZZPhase': 56, 'OpType.Barrier': 1, 'OpType.Measure': 8})
Running 5 transpilation tests on randomcircuit_02...
  Run 1/5: EquivalenceCriterion.not_equivalent (import: 2.68ms, transpile: 105.10ms, gates: {'OpType.Rz': 13, 'OpType.Rx': 9, 'OpType.ZZPhase': 2, 'OpType.Barrier': 1, 'OpType.Measure': 2})
  Run 2/5: EquivalenceCriterion.not_equivalent (import: 3.40ms, transpile: 102.94ms, gates: {'OpType.Rz': 13, 'OpType.Rx': 9, 'OpType.ZZPhase': 2, 'OpType.Barrier': 1, 'OpType.Measure': 2})
  Run 3/5: EquivalenceCriterion.not_equivalent (import: 3.10ms, transpile: 98.96ms, gates: {'OpType.Rz': 13, 'OpType.Rx': 9, 'OpType.ZZPhase': 2, 'OpType.Barrier': 1, 'OpType.Measure': 2})
  Run 4/5: EquivalenceCriterion.not_equivalent (import: 3.65ms, transpile: 113.35ms, gates: {'OpType.Rz': 13, 'OpType.Rx': 9, 'OpType.ZZPhase': 2, 'OpType.Barrier': 1, 'OpType.Measure': 2})
  Run 5/5: EquivalenceCriterion.not_equivalent (import: 3.83ms, transpile: 119.06ms, gates: {'OpType.Rz': 13, 'OpType.Rx': 9, 'OpType.ZZPhase': 2, 'OpType.Barrier': 1, 'OpType.Measure': 2})
Running 5 transpilation tests on randomcircuit_03...
  Run 1/5: EquivalenceCriterion.not_equivalent (import: 2.68ms, transpile: 478.26ms, gates: {'OpType.Rz': 79, 'OpType.Rx': 49, 'OpType.ZZPhase': 23, 'OpType.Barrier': 1, 'OpType.Measure': 3})
  Run 2/5: EquivalenceCriterion.not_equivalent (import: 2.71ms, transpile: 488.03ms, gates: {'OpType.Rz': 79, 'OpType.Rx': 49, 'OpType.ZZPhase': 23, 'OpType.Barrier': 1, 'OpType.Measure': 3})
  Run 3/5: EquivalenceCriterion.not_equivalent (import: 2.82ms, transpile: 482.20ms, gates: {'OpType.Rz': 79, 'OpType.Rx': 49, 'OpType.ZZPhase': 23, 'OpType.Barrier': 1, 'OpType.Measure': 3})
  Run 4/5: EquivalenceCriterion.not_equivalent (import: 2.75ms, transpile: 492.26ms, gates: {'OpType.Rz': 79, 'OpType.Rx': 49, 'OpType.ZZPhase': 23, 'OpType.Barrier': 1, 'OpType.Measure': 3})
  Run 5/5: EquivalenceCriterion.not_equivalent (import: 2.85ms, transpile: 469.13ms, gates: {'OpType.Rz': 79, 'OpType.Rx': 49, 'OpType.ZZPhase': 23, 'OpType.Barrier': 1, 'OpType.Measure': 3})
Running 5 transpilation tests on randomcircuit_04...
  Run 1/5: EquivalenceCriterion.not_equivalent (import: 9.70ms, transpile: 1681.88ms, gates: {'OpType.Rz': 161, 'OpType.Rx': 114, 'OpType.ZZPhase': 47, 'OpType.Barrier': 1, 'OpType.Measure': 4})
  Run 2/5: EquivalenceCriterion.not_equivalent (import: 9.58ms, transpile: 1798.96ms, gates: {'OpType.Rz': 161, 'OpType.Rx': 114, 'OpType.ZZPhase': 47, 'OpType.Barrier': 1, 'OpType.Measure': 4})
  Run 3/5: EquivalenceCriterion.not_equivalent (import: 9.69ms, transpile: 2001.57ms, gates: {'OpType.Rz': 161, 'OpType.Rx': 114, 'OpType.ZZPhase': 47, 'OpType.Barrier': 1, 'OpType.Measure': 4})
  Run 4/5: EquivalenceCriterion.not_equivalent (import: 11.47ms, transpile: 1833.38ms, gates: {'OpType.Rz': 161, 'OpType.Rx': 114, 'OpType.ZZPhase': 47, 'OpType.Barrier': 1, 'OpType.Measure': 4})
  Run 5/5: EquivalenceCriterion.not_equivalent (import: 9.75ms, transpile: 1677.77ms, gates: {'OpType.Rz': 161, 'OpType.Rx': 114, 'OpType.ZZPhase': 47, 'OpType.Barrier': 1, 'OpType.Measure': 4})
Running 5 transpilation tests on randomcircuit_05...
  Run 1/5: EquivalenceCriterion.not_equivalent (import: 15.31ms, transpile: 2212.23ms, gates: {'OpType.Rz': 205, 'OpType.Rx': 141, 'OpType.ZZPhase': 64, 'OpType.Barrier': 1, 'OpType.Measure': 5})
  Run 2/5: EquivalenceCriterion.not_equivalent (import: 13.50ms, transpile: 2264.90ms, gates: {'OpType.Rz': 205, 'OpType.Rx': 141, 'OpType.ZZPhase': 64, 'OpType.Barrier': 1, 'OpType.Measure': 5})
  Run 3/5: EquivalenceCriterion.not_equivalent (import: 13.97ms, transpile: 2291.08ms, gates: {'OpType.Rz': 205, 'OpType.Rx': 141, 'OpType.ZZPhase': 64, 'OpType.Barrier': 1, 'OpType.Measure': 5})
  Run 4/5: EquivalenceCriterion.not_equivalent (import: 16.33ms, transpile: 2275.97ms, gates: {'OpType.Rz': 205, 'OpType.Rx': 141, 'OpType.ZZPhase': 64, 'OpType.Barrier': 1, 'OpType.Measure': 5})
  Run 5/5: EquivalenceCriterion.not_equivalent (import: 12.04ms, transpile: 2224.80ms, gates: {'OpType.Rz': 205, 'OpType.Rx': 141, 'OpType.ZZPhase': 64, 'OpType.Barrier': 1, 'OpType.Measure': 5})
Running 5 transpilation tests on randomcircuit_06...
  Run 1/5: EquivalenceCriterion.not_equivalent (import: 13.21ms, transpile: 4088.10ms, gates: {'OpType.Rz': 372, 'OpType.Rx': 251, 'OpType.ZZPhase': 118, 'OpType.Barrier': 1, 'OpType.Measure': 6})
  Run 2/5: EquivalenceCriterion.not_equivalent (import: 14.29ms, transpile: 4150.10ms, gates: {'OpType.Rz': 372, 'OpType.Rx': 251, 'OpType.ZZPhase': 118, 'OpType.Barrier': 1, 'OpType.Measure': 6})
  Run 3/5: EquivalenceCriterion.not_equivalent (import: 14.29ms, transpile: 4295.52ms, gates: {'OpType.Rz': 372, 'OpType.Rx': 251, 'OpType.ZZPhase': 118, 'OpType.Barrier': 1, 'OpType.Measure': 6})
  Run 4/5: EquivalenceCriterion.not_equivalent (import: 13.89ms, transpile: 4210.80ms, gates: {'OpType.Rz': 372, 'OpType.Rx': 251, 'OpType.ZZPhase': 118, 'OpType.Barrier': 1, 'OpType.Measure': 6})
  Run 5/5: EquivalenceCriterion.not_equivalent (import: 15.00ms, transpile: 4130.48ms, gates: {'OpType.Rz': 372, 'OpType.Rx': 251, 'OpType.ZZPhase': 118, 'OpType.Barrier': 1, 'OpType.Measure': 6})
Running 5 transpilation tests on randomcircuit_07...
  Run 1/5: EquivalenceCriterion.not_equivalent (import: 18.53ms, transpile: 5880.24ms, gates: {'OpType.Rz': 581, 'OpType.Rx': 401, 'OpType.ZZPhase': 177, 'OpType.Barrier': 1, 'OpType.Measure': 7})
  Run 2/5: EquivalenceCriterion.not_equivalent (import: 20.30ms, transpile: 6027.85ms, gates: {'OpType.Rz': 581, 'OpType.Rx': 401, 'OpType.ZZPhase': 177, 'OpType.Barrier': 1, 'OpType.Measure': 7})
  Run 3/5: EquivalenceCriterion.not_equivalent (import: 21.84ms, transpile: 6000.64ms, gates: {'OpType.Rz': 581, 'OpType.Rx': 401, 'OpType.ZZPhase': 177, 'OpType.Barrier': 1, 'OpType.Measure': 7})
  Run 4/5: EquivalenceCriterion.not_equivalent (import: 24.73ms, transpile: 5890.41ms, gates: {'OpType.Rz': 581, 'OpType.Rx': 401, 'OpType.ZZPhase': 177, 'OpType.Barrier': 1, 'OpType.Measure': 7})
  Run 5/5: EquivalenceCriterion.not_equivalent (import: 20.32ms, transpile: 5870.01ms, gates: {'OpType.Rz': 581, 'OpType.Rx': 401, 'OpType.ZZPhase': 177, 'OpType.Barrier': 1, 'OpType.Measure': 7})
Running 5 transpilation tests on randomcircuit_08...
  Run 1/5: EquivalenceCriterion.not_equivalent (import: 31.59ms, transpile: 8089.63ms, gates: {'OpType.Rz': 814, 'OpType.Rx': 544, 'OpType.ZZPhase': 258, 'OpType.Barrier': 1, 'OpType.Measure': 8})
  Run 2/5: EquivalenceCriterion.not_equivalent (import: 28.70ms, transpile: 8131.32ms, gates: {'OpType.Rz': 814, 'OpType.Rx': 544, 'OpType.ZZPhase': 258, 'OpType.Barrier': 1, 'OpType.Measure': 8})
  Run 3/5: EquivalenceCriterion.not_equivalent (import: 29.57ms, transpile: 8368.98ms, gates: {'OpType.Rz': 814, 'OpType.Rx': 544, 'OpType.ZZPhase': 258, 'OpType.Barrier': 1, 'OpType.Measure': 8})
  Run 4/5: EquivalenceCriterion.not_equivalent (import: 30.11ms, transpile: 8223.58ms, gates: {'OpType.Rz': 814, 'OpType.Rx': 544, 'OpType.ZZPhase': 258, 'OpType.Barrier': 1, 'OpType.Measure': 8})
  Run 5/5: EquivalenceCriterion.not_equivalent (import: 35.21ms, transpile: 8170.64ms, gates: {'OpType.Rz': 814, 'OpType.Rx': 544, 'OpType.ZZPhase': 258, 'OpType.Barrier': 1, 'OpType.Measure': 8})
Running 5 transpilation tests on vqe_real_amp_02...
  Run 1/5: EquivalenceCriterion.not_equivalent (import: 2.63ms, transpile: 114.47ms, gates: {'OpType.Rz': 12, 'OpType.Rx': 10, 'OpType.ZZPhase': 2, 'OpType.Barrier': 1, 'OpType.Measure': 2})
  Run 2/5: EquivalenceCriterion.not_equivalent (import: 1.78ms, transpile: 114.45ms, gates: {'OpType.Rz': 12, 'OpType.Rx': 10, 'OpType.ZZPhase': 2, 'OpType.Barrier': 1, 'OpType.Measure': 2})
  Run 3/5: EquivalenceCriterion.not_equivalent (import: 1.93ms, transpile: 106.17ms, gates: {'OpType.Rz': 12, 'OpType.Rx': 10, 'OpType.ZZPhase': 2, 'OpType.Barrier': 1, 'OpType.Measure': 2})
  Run 4/5: EquivalenceCriterion.not_equivalent (import: 1.89ms, transpile: 118.92ms, gates: {'OpType.Rz': 12, 'OpType.Rx': 10, 'OpType.ZZPhase': 2, 'OpType.Barrier': 1, 'OpType.Measure': 2})
  Run 5/5: EquivalenceCriterion.not_equivalent (import: 1.68ms, transpile: 103.22ms, gates: {'OpType.Rz': 12, 'OpType.Rx': 10, 'OpType.ZZPhase': 2, 'OpType.Barrier': 1, 'OpType.Measure': 2})
Running 5 transpilation tests on vqe_real_amp_03...
  Run 1/5: EquivalenceCriterion.not_equivalent (import: 2.23ms, transpile: 221.85ms, gates: {'OpType.Rz': 24, 'OpType.Rx': 15, 'OpType.ZZPhase': 6, 'OpType.Barrier': 1, 'OpType.Measure': 3})
  Run 2/5: EquivalenceCriterion.not_equivalent (import: 2.44ms, transpile: 230.14ms, gates: {'OpType.Rz': 24, 'OpType.Rx': 15, 'OpType.ZZPhase': 6, 'OpType.Barrier': 1, 'OpType.Measure': 3})
  Run 3/5: EquivalenceCriterion.not_equivalent (import: 2.57ms, transpile: 231.86ms, gates: {'OpType.Rz': 24, 'OpType.Rx': 15, 'OpType.ZZPhase': 6, 'OpType.Barrier': 1, 'OpType.Measure': 3})
  Run 4/5: EquivalenceCriterion.not_equivalent (import: 2.81ms, transpile: 223.80ms, gates: {'OpType.Rz': 24, 'OpType.Rx': 15, 'OpType.ZZPhase': 6, 'OpType.Barrier': 1, 'OpType.Measure': 3})
  Run 5/5: EquivalenceCriterion.not_equivalent (import: 2.41ms, transpile: 219.72ms, gates: {'OpType.Rz': 24, 'OpType.Rx': 15, 'OpType.ZZPhase': 6, 'OpType.Barrier': 1, 'OpType.Measure': 3})
Running 5 transpilation tests on vqe_real_amp_04...
  Run 1/5: EquivalenceCriterion.equivalent_up_to_global_phase (import: 6.96ms, transpile: 449.54ms, gates: {'OpType.Rz': 35, 'OpType.Rx': 22, 'OpType.ZZPhase': 9, 'OpType.Barrier': 1, 'OpType.Measure': 4})
  Run 2/5: EquivalenceCriterion.equivalent_up_to_global_phase (import: 3.00ms, transpile: 498.74ms, gates: {'OpType.Rz': 35, 'OpType.Rx': 22, 'OpType.ZZPhase': 9, 'OpType.Barrier': 1, 'OpType.Measure': 4})
  Run 3/5: EquivalenceCriterion.equivalent_up_to_global_phase (import: 3.16ms, transpile: 477.54ms, gates: {'OpType.Rz': 35, 'OpType.Rx': 22, 'OpType.ZZPhase': 9, 'OpType.Barrier': 1, 'OpType.Measure': 4})
  Run 4/5: EquivalenceCriterion.equivalent_up_to_global_phase (import: 3.52ms, transpile: 456.45ms, gates: {'OpType.Rz': 35, 'OpType.Rx': 22, 'OpType.ZZPhase': 9, 'OpType.Barrier': 1, 'OpType.Measure': 4})
  Run 5/5: EquivalenceCriterion.equivalent_up_to_global_phase (import: 3.15ms, transpile: 437.19ms, gates: {'OpType.Rz': 35, 'OpType.Rx': 22, 'OpType.ZZPhase': 9, 'OpType.Barrier': 1, 'OpType.Measure': 4})
Running 5 transpilation tests on vqe_real_amp_05...
  Run 1/5: EquivalenceCriterion.not_equivalent (import: 3.66ms, transpile: 669.39ms, gates: {'OpType.Rz': 46, 'OpType.Rx': 29, 'OpType.ZZPhase': 12, 'OpType.Barrier': 1, 'OpType.Measure': 5})
  Run 2/5: EquivalenceCriterion.not_equivalent (import: 3.75ms, transpile: 632.09ms, gates: {'OpType.Rz': 46, 'OpType.Rx': 29, 'OpType.ZZPhase': 12, 'OpType.Barrier': 1, 'OpType.Measure': 5})
  Run 3/5: EquivalenceCriterion.not_equivalent (import: 3.69ms, transpile: 645.83ms, gates: {'OpType.Rz': 46, 'OpType.Rx': 29, 'OpType.ZZPhase': 12, 'OpType.Barrier': 1, 'OpType.Measure': 5})
  Run 4/5: EquivalenceCriterion.not_equivalent (import: 4.20ms, transpile: 648.63ms, gates: {'OpType.Rz': 46, 'OpType.Rx': 29, 'OpType.ZZPhase': 12, 'OpType.Barrier': 1, 'OpType.Measure': 5})
  Run 5/5: EquivalenceCriterion.not_equivalent (import: 3.82ms, transpile: 643.52ms, gates: {'OpType.Rz': 46, 'OpType.Rx': 29, 'OpType.ZZPhase': 12, 'OpType.Barrier': 1, 'OpType.Measure': 5})
Running 5 transpilation tests on vqe_real_amp_06...
  Run 1/5: EquivalenceCriterion.not_equivalent (import: 4.91ms, transpile: 849.26ms, gates: {'OpType.Rz': 57, 'OpType.Rx': 36, 'OpType.ZZPhase': 15, 'OpType.Barrier': 1, 'OpType.Measure': 6})
  Run 2/5: EquivalenceCriterion.not_equivalent (import: 4.60ms, transpile: 800.95ms, gates: {'OpType.Rz': 57, 'OpType.Rx': 36, 'OpType.ZZPhase': 15, 'OpType.Barrier': 1, 'OpType.Measure': 6})
  Run 3/5: EquivalenceCriterion.not_equivalent (import: 4.36ms, transpile: 806.07ms, gates: {'OpType.Rz': 57, 'OpType.Rx': 36, 'OpType.ZZPhase': 15, 'OpType.Barrier': 1, 'OpType.Measure': 6})
  Run 4/5: EquivalenceCriterion.not_equivalent (import: 6.39ms, transpile: 822.68ms, gates: {'OpType.Rz': 57, 'OpType.Rx': 36, 'OpType.ZZPhase': 15, 'OpType.Barrier': 1, 'OpType.Measure': 6})
  Run 5/5: EquivalenceCriterion.not_equivalent (import: 4.47ms, transpile: 831.10ms, gates: {'OpType.Rz': 57, 'OpType.Rx': 36, 'OpType.ZZPhase': 15, 'OpType.Barrier': 1, 'OpType.Measure': 6})
Running 5 transpilation tests on vqe_real_amp_07...
  Run 1/5: EquivalenceCriterion.not_equivalent (import: 7.80ms, transpile: 1028.47ms, gates: {'OpType.Rz': 68, 'OpType.Rx': 43, 'OpType.ZZPhase': 18, 'OpType.Barrier': 1, 'OpType.Measure': 7})
  Run 2/5: EquivalenceCriterion.not_equivalent (import: 5.85ms, transpile: 1035.26ms, gates: {'OpType.Rz': 68, 'OpType.Rx': 43, 'OpType.ZZPhase': 18, 'OpType.Barrier': 1, 'OpType.Measure': 7})
  Run 3/5: EquivalenceCriterion.not_equivalent (import: 6.02ms, transpile: 1066.20ms, gates: {'OpType.Rz': 68, 'OpType.Rx': 43, 'OpType.ZZPhase': 18, 'OpType.Barrier': 1, 'OpType.Measure': 7})
  Run 4/5: EquivalenceCriterion.not_equivalent (import: 5.55ms, transpile: 1008.46ms, gates: {'OpType.Rz': 68, 'OpType.Rx': 43, 'OpType.ZZPhase': 18, 'OpType.Barrier': 1, 'OpType.Measure': 7})
  Run 5/5: EquivalenceCriterion.not_equivalent (import: 5.76ms, transpile: 1074.50ms, gates: {'OpType.Rz': 68, 'OpType.Rx': 43, 'OpType.ZZPhase': 18, 'OpType.Barrier': 1, 'OpType.Measure': 7})
Running 5 transpilation tests on vqe_real_amp_08...
  Run 1/5: EquivalenceCriterion.not_equivalent (import: 6.93ms, transpile: 1190.58ms, gates: {'OpType.Rz': 79, 'OpType.Rx': 50, 'OpType.ZZPhase': 21, 'OpType.Barrier': 1, 'OpType.Measure': 8})
  Run 2/5: EquivalenceCriterion.not_equivalent (import: 7.34ms, transpile: 1148.78ms, gates: {'OpType.Rz': 79, 'OpType.Rx': 50, 'OpType.ZZPhase': 21, 'OpType.Barrier': 1, 'OpType.Measure': 8})
  Run 3/5: EquivalenceCriterion.not_equivalent (import: 5.98ms, transpile: 1211.26ms, gates: {'OpType.Rz': 79, 'OpType.Rx': 50, 'OpType.ZZPhase': 21, 'OpType.Barrier': 1, 'OpType.Measure': 8})
  Run 4/5: EquivalenceCriterion.not_equivalent (import: 8.86ms, transpile: 1243.37ms, gates: {'OpType.Rz': 79, 'OpType.Rx': 50, 'OpType.ZZPhase': 21, 'OpType.Barrier': 1, 'OpType.Measure': 8})
  Run 5/5: EquivalenceCriterion.not_equivalent (import: 6.36ms, transpile: 1161.35ms, gates: {'OpType.Rz': 79, 'OpType.Rx': 50, 'OpType.ZZPhase': 21, 'OpType.Barrier': 1, 'OpType.Measure': 8})
Failed to extract qubits: Unexpected token Token('INAM', 'recent') at line 1, column 17.
Expected one of:
	* STAR
	* COMMA
	* SLASH
	* RPAR
	* PLUS
	* MINUS
	* "**"
Previous tokens: [Token('ARG', 'most')]

Running 5 transpilation tests on hhl_02...
  Run 1/5: FAILED - Import failed: Unexpected token Token('INAM', 'recent') at line 1, column 17.
Expected one of:
	* STAR
	* COMMA
	* SLASH
	* RPAR
	* PLUS
	* MINUS
	* "**"
Previous tokens: [Token('ARG', 'most')]

  Run 2/5: FAILED - Import failed: Unexpected token Token('INAM', 'recent') at line 1, column 17.
Expected one of:
	* STAR
	* COMMA
	* SLASH
	* RPAR
	* PLUS
	* MINUS
	* "**"
Previous tokens: [Token('ARG', 'most')]

  Run 3/5: FAILED - Import failed: Unexpected token Token('INAM', 'recent') at line 1, column 17.
Expected one of:
	* STAR
	* COMMA
	* SLASH
	* RPAR
	* PLUS
	* MINUS
	* "**"
Previous tokens: [Token('ARG', 'most')]

  Run 4/5: FAILED - Import failed: Unexpected token Token('INAM', 'recent') at line 1, column 17.
Expected one of:
	* STAR
	* COMMA
	* SLASH
	* RPAR
	* PLUS
	* MINUS
	* "**"
Previous tokens: [Token('ARG', 'most')]

  Run 5/5: FAILED - Import failed: Unexpected token Token('INAM', 'recent') at line 1, column 17.
Expected one of:
	* STAR
	* COMMA
	* SLASH
	* RPAR
	* PLUS
	* MINUS
	* "**"
Previous tokens: [Token('ARG', 'most')]

Running 5 transpilation tests on hhl_03...
  Run 1/5: EquivalenceCriterion.not_equivalent (import: 2.42ms, transpile: 261.86ms, gates: {'OpType.Rx': 16, 'OpType.Rz': 21, 'OpType.ZZPhase': 6, 'OpType.Measure': 1})
  Run 2/5: EquivalenceCriterion.not_equivalent (import: 2.54ms, transpile: 229.19ms, gates: {'OpType.Rx': 16, 'OpType.Rz': 21, 'OpType.ZZPhase': 6, 'OpType.Measure': 1})
  Run 3/5: EquivalenceCriterion.not_equivalent (import: 2.65ms, transpile: 231.71ms, gates: {'OpType.Rx': 16, 'OpType.Rz': 21, 'OpType.ZZPhase': 6, 'OpType.Measure': 1})
  Run 4/5: EquivalenceCriterion.not_equivalent (import: 3.98ms, transpile: 246.89ms, gates: {'OpType.Rx': 16, 'OpType.Rz': 21, 'OpType.ZZPhase': 6, 'OpType.Measure': 1})
  Run 5/5: EquivalenceCriterion.not_equivalent (import: 2.56ms, transpile: 239.36ms, gates: {'OpType.Rx': 16, 'OpType.Rz': 21, 'OpType.ZZPhase': 6, 'OpType.Measure': 1})
Running 5 transpilation tests on hhl_04...
  Run 1/5: EquivalenceCriterion.not_equivalent (import: 6.64ms, transpile: 726.40ms, gates: {'OpType.Rx': 45, 'OpType.Rz': 61, 'OpType.ZZPhase': 18, 'OpType.Measure': 1})
  Run 2/5: EquivalenceCriterion.not_equivalent (import: 7.34ms, transpile: 751.41ms, gates: {'OpType.Rx': 45, 'OpType.Rz': 61, 'OpType.ZZPhase': 18, 'OpType.Measure': 1})
  Run 3/5: EquivalenceCriterion.not_equivalent (import: 7.10ms, transpile: 740.89ms, gates: {'OpType.Rx': 45, 'OpType.Rz': 61, 'OpType.ZZPhase': 18, 'OpType.Measure': 1})
  Run 4/5: EquivalenceCriterion.not_equivalent (import: 7.44ms, transpile: 746.14ms, gates: {'OpType.Rx': 45, 'OpType.Rz': 61, 'OpType.ZZPhase': 18, 'OpType.Measure': 1})
  Run 5/5: EquivalenceCriterion.not_equivalent (import: 7.09ms, transpile: 729.56ms, gates: {'OpType.Rx': 45, 'OpType.Rz': 61, 'OpType.ZZPhase': 18, 'OpType.Measure': 1})
Running 5 transpilation tests on hhl_05...
  Run 1/5: EquivalenceCriterion.not_equivalent (import: 14.25ms, transpile: 1112.25ms, gates: {'OpType.Rz': 95, 'OpType.Rx': 67, 'OpType.ZZPhase': 31, 'OpType.Measure': 1})
  Run 2/5: EquivalenceCriterion.not_equivalent (import: 13.82ms, transpile: 1174.71ms, gates: {'OpType.Rz': 95, 'OpType.Rx': 67, 'OpType.ZZPhase': 31, 'OpType.Measure': 1})
  Run 3/5: EquivalenceCriterion.not_equivalent (import: 15.62ms, transpile: 1159.51ms, gates: {'OpType.Rz': 95, 'OpType.Rx': 67, 'OpType.ZZPhase': 31, 'OpType.Measure': 1})
  Run 4/5: EquivalenceCriterion.not_equivalent (import: 17.29ms, transpile: 1102.16ms, gates: {'OpType.Rz': 95, 'OpType.Rx': 67, 'OpType.ZZPhase': 31, 'OpType.Measure': 1})
  Run 5/5: EquivalenceCriterion.not_equivalent (import: 13.48ms, transpile: 1191.01ms, gates: {'OpType.Rz': 95, 'OpType.Rx': 67, 'OpType.ZZPhase': 31, 'OpType.Measure': 1})
Running 5 transpilation tests on hhl_06...
  Run 1/5: EquivalenceCriterion.not_equivalent (import: 33.45ms, transpile: 1874.76ms, gates: {'OpType.Rz': 142, 'OpType.Rx': 100, 'OpType.ZZPhase': 45, 'OpType.Measure': 1})
  Run 2/5: EquivalenceCriterion.not_equivalent (import: 26.04ms, transpile: 2119.15ms, gates: {'OpType.Rz': 142, 'OpType.Rx': 100, 'OpType.ZZPhase': 45, 'OpType.Measure': 1})
  Run 3/5: EquivalenceCriterion.not_equivalent (import: 28.41ms, transpile: 2131.47ms, gates: {'OpType.Rz': 142, 'OpType.Rx': 100, 'OpType.ZZPhase': 45, 'OpType.Measure': 1})
  Run 4/5: EquivalenceCriterion.not_equivalent (import: 26.00ms, transpile: 1851.17ms, gates: {'OpType.Rz': 142, 'OpType.Rx': 100, 'OpType.ZZPhase': 45, 'OpType.Measure': 1})
  Run 5/5: EquivalenceCriterion.not_equivalent (import: 24.76ms, transpile: 1901.31ms, gates: {'OpType.Rz': 142, 'OpType.Rx': 100, 'OpType.ZZPhase': 45, 'OpType.Measure': 1})
Running 5 transpilation tests on hhl_07...
  Run 1/5: EquivalenceCriterion.equivalent_up_to_global_phase (import: 37.93ms, transpile: 3215.78ms, gates: {'OpType.Rz': 225, 'OpType.Rx': 149, 'OpType.ZZPhase': 75, 'OpType.Measure': 1})
  Run 2/5: EquivalenceCriterion.equivalent_up_to_global_phase (import: 36.91ms, transpile: 2748.72ms, gates: {'OpType.Rz': 225, 'OpType.Rx': 149, 'OpType.ZZPhase': 75, 'OpType.Measure': 1})
  Run 3/5: EquivalenceCriterion.equivalent_up_to_global_phase (import: 38.20ms, transpile: 3166.64ms, gates: {'OpType.Rz': 225, 'OpType.Rx': 149, 'OpType.ZZPhase': 75, 'OpType.Measure': 1})
  Run 4/5: EquivalenceCriterion.equivalent_up_to_global_phase (import: 42.03ms, transpile: 2937.48ms, gates: {'OpType.Rz': 225, 'OpType.Rx': 149, 'OpType.ZZPhase': 75, 'OpType.Measure': 1})
  Run 5/5: EquivalenceCriterion.equivalent_up_to_global_phase (import: 36.78ms, transpile: 2906.28ms, gates: {'OpType.Rz': 225, 'OpType.Rx': 149, 'OpType.ZZPhase': 75, 'OpType.Measure': 1})
Running 5 transpilation tests on hhl_08...
  Run 1/5: EquivalenceCriterion.not_equivalent (import: 62.92ms, transpile: 3998.72ms, gates: {'OpType.Rz': 283, 'OpType.Rx': 179, 'OpType.ZZPhase': 91, 'OpType.Measure': 1})
  Run 2/5: EquivalenceCriterion.not_equivalent (import: 50.98ms, transpile: 4001.64ms, gates: {'OpType.Rz': 283, 'OpType.Rx': 179, 'OpType.ZZPhase': 91, 'OpType.Measure': 1})
  Run 3/5: EquivalenceCriterion.not_equivalent (import: 50.57ms, transpile: 3834.00ms, gates: {'OpType.Rz': 283, 'OpType.Rx': 179, 'OpType.ZZPhase': 91, 'OpType.Measure': 1})
  Run 4/5: EquivalenceCriterion.not_equivalent (import: 50.56ms, transpile: 3821.42ms, gates: {'OpType.Rz': 283, 'OpType.Rx': 179, 'OpType.ZZPhase': 91, 'OpType.Measure': 1})
  Run 5/5: EquivalenceCriterion.not_equivalent (import: 53.06ms, transpile: 3774.45ms, gates: {'OpType.Rz': 283, 'OpType.Rx': 179, 'OpType.ZZPhase': 91, 'OpType.Measure': 1})
Running 5 transpilation tests on grover_02...
  Run 1/5: EquivalenceCriterion.not_equivalent (import: 4.32ms, transpile: 51.71ms, gates: {'OpType.Rz': 6, 'OpType.Rx': 3, 'OpType.ZZPhase': 1, 'OpType.Barrier': 1, 'OpType.Measure': 2})
  Run 2/5: EquivalenceCriterion.not_equivalent (import: 4.04ms, transpile: 58.39ms, gates: {'OpType.Rz': 6, 'OpType.Rx': 3, 'OpType.ZZPhase': 1, 'OpType.Barrier': 1, 'OpType.Measure': 2})
  Run 3/5: EquivalenceCriterion.not_equivalent (import: 5.80ms, transpile: 54.62ms, gates: {'OpType.Rz': 6, 'OpType.Rx': 3, 'OpType.ZZPhase': 1, 'OpType.Barrier': 1, 'OpType.Measure': 2})
  Run 4/5: EquivalenceCriterion.not_equivalent (import: 4.15ms, transpile: 53.95ms, gates: {'OpType.Rz': 6, 'OpType.Rx': 3, 'OpType.ZZPhase': 1, 'OpType.Barrier': 1, 'OpType.Measure': 2})
  Run 5/5: EquivalenceCriterion.not_equivalent (import: 7.42ms, transpile: 53.81ms, gates: {'OpType.Rz': 6, 'OpType.Rx': 3, 'OpType.ZZPhase': 1, 'OpType.Barrier': 1, 'OpType.Measure': 2})
Running 5 transpilation tests on grover_03...
  Run 1/5: EquivalenceCriterion.not_equivalent (import: 6.46ms, transpile: 253.28ms, gates: {'OpType.Rz': 24, 'OpType.Rx': 20, 'OpType.ZZPhase': 6, 'OpType.Barrier': 1, 'OpType.Measure': 3})
  Run 2/5: EquivalenceCriterion.not_equivalent (import: 4.24ms, transpile: 231.73ms, gates: {'OpType.Rz': 24, 'OpType.Rx': 20, 'OpType.ZZPhase': 6, 'OpType.Barrier': 1, 'OpType.Measure': 3})
  Run 3/5: EquivalenceCriterion.not_equivalent (import: 4.19ms, transpile: 240.32ms, gates: {'OpType.Rz': 24, 'OpType.Rx': 20, 'OpType.ZZPhase': 6, 'OpType.Barrier': 1, 'OpType.Measure': 3})
  Run 4/5: EquivalenceCriterion.not_equivalent (import: 5.90ms, transpile: 240.09ms, gates: {'OpType.Rz': 24, 'OpType.Rx': 20, 'OpType.ZZPhase': 6, 'OpType.Barrier': 1, 'OpType.Measure': 3})
  Run 5/5: EquivalenceCriterion.not_equivalent (import: 4.71ms, transpile: 267.17ms, gates: {'OpType.Rz': 24, 'OpType.Rx': 20, 'OpType.ZZPhase': 6, 'OpType.Barrier': 1, 'OpType.Measure': 3})
Running 5 transpilation tests on grover_04...
  Run 1/5: EquivalenceCriterion.not_equivalent (import: 9.01ms, transpile: 2005.12ms, gates: {'OpType.Rz': 185, 'OpType.Rx': 127, 'OpType.ZZPhase': 52, 'OpType.Barrier': 1, 'OpType.Measure': 4})
  Run 2/5: EquivalenceCriterion.not_equivalent (import: 11.80ms, transpile: 1919.50ms, gates: {'OpType.Rz': 185, 'OpType.Rx': 127, 'OpType.ZZPhase': 52, 'OpType.Barrier': 1, 'OpType.Measure': 4})
  Run 3/5: EquivalenceCriterion.not_equivalent (import: 9.55ms, transpile: 1930.61ms, gates: {'OpType.Rz': 185, 'OpType.Rx': 127, 'OpType.ZZPhase': 52, 'OpType.Barrier': 1, 'OpType.Measure': 4})
  Run 4/5: EquivalenceCriterion.not_equivalent (import: 9.91ms, transpile: 1921.95ms, gates: {'OpType.Rz': 185, 'OpType.Rx': 127, 'OpType.ZZPhase': 52, 'OpType.Barrier': 1, 'OpType.Measure': 4})
  Run 5/5: EquivalenceCriterion.not_equivalent (import: 9.42ms, transpile: 2189.68ms, gates: {'OpType.Rz': 185, 'OpType.Rx': 127, 'OpType.ZZPhase': 52, 'OpType.Barrier': 1, 'OpType.Measure': 4})
Running 5 transpilation tests on grover_05...
  Run 1/5: EquivalenceCriterion.not_equivalent (import: 24.80ms, transpile: 7086.06ms, gates: {'OpType.Rz': 665, 'OpType.Rx': 481, 'OpType.ZZPhase': 180, 'OpType.Barrier': 1, 'OpType.Measure': 5})
  Run 2/5: EquivalenceCriterion.not_equivalent (import: 24.25ms, transpile: 7189.53ms, gates: {'OpType.Rz': 665, 'OpType.Rx': 481, 'OpType.ZZPhase': 180, 'OpType.Barrier': 1, 'OpType.Measure': 5})
  Run 3/5: EquivalenceCriterion.not_equivalent (import: 25.32ms, transpile: 7396.21ms, gates: {'OpType.Rz': 665, 'OpType.Rx': 481, 'OpType.ZZPhase': 180, 'OpType.Barrier': 1, 'OpType.Measure': 5})
  Run 4/5: EquivalenceCriterion.not_equivalent (import: 23.49ms, transpile: 7102.83ms, gates: {'OpType.Rz': 665, 'OpType.Rx': 481, 'OpType.ZZPhase': 180, 'OpType.Barrier': 1, 'OpType.Measure': 5})
  Run 5/5: EquivalenceCriterion.not_equivalent (import: 23.55ms, transpile: 7002.13ms, gates: {'OpType.Rz': 665, 'OpType.Rx': 481, 'OpType.ZZPhase': 180, 'OpType.Barrier': 1, 'OpType.Measure': 5})
Running 5 transpilation tests on grover_06...
  Run 1/5: EquivalenceCriterion.not_equivalent (import: 74.32ms, transpile: 19609.03ms, gates: {'OpType.Rz': 1732, 'OpType.Rx': 1172, 'OpType.ZZPhase': 534, 'OpType.Barrier': 1, 'OpType.Measure': 6})
  Run 2/5: EquivalenceCriterion.not_equivalent (import: 75.81ms, transpile: 19667.97ms, gates: {'OpType.Rz': 1732, 'OpType.Rx': 1172, 'OpType.ZZPhase': 534, 'OpType.Barrier': 1, 'OpType.Measure': 6})
  Run 3/5: EquivalenceCriterion.not_equivalent (import: 80.21ms, transpile: 19463.37ms, gates: {'OpType.Rz': 1732, 'OpType.Rx': 1172, 'OpType.ZZPhase': 534, 'OpType.Barrier': 1, 'OpType.Measure': 6})
  Run 4/5: EquivalenceCriterion.not_equivalent (import: 70.76ms, transpile: 19514.39ms, gates: {'OpType.Rz': 1732, 'OpType.Rx': 1172, 'OpType.ZZPhase': 534, 'OpType.Barrier': 1, 'OpType.Measure': 6})
  Run 5/5: EquivalenceCriterion.not_equivalent (import: 75.97ms, transpile: 19611.08ms, gates: {'OpType.Rz': 1732, 'OpType.Rx': 1172, 'OpType.ZZPhase': 534, 'OpType.Barrier': 1, 'OpType.Measure': 6})
Running 5 transpilation tests on grover_07...
  Run 1/5: EquivalenceCriterion.not_equivalent (import: 113.32ms, transpile: 59840.85ms, gates: {'OpType.Rz': 5186, 'OpType.Rx': 3648, 'OpType.ZZPhase': 1481, 'OpType.Barrier': 1, 'OpType.Measure': 7})
  Run 2/5: EquivalenceCriterion.not_equivalent (import: 116.02ms, transpile: 60007.99ms, gates: {'OpType.Rz': 5186, 'OpType.Rx': 3648, 'OpType.ZZPhase': 1481, 'OpType.Barrier': 1, 'OpType.Measure': 7})
  Run 3/5: EquivalenceCriterion.not_equivalent (import: 154.35ms, transpile: 60906.44ms, gates: {'OpType.Rz': 5186, 'OpType.Rx': 3648, 'OpType.ZZPhase': 1481, 'OpType.Barrier': 1, 'OpType.Measure': 7})
  Run 4/5: EquivalenceCriterion.not_equivalent (import: 112.30ms, transpile: 59831.70ms, gates: {'OpType.Rz': 5186, 'OpType.Rx': 3648, 'OpType.ZZPhase': 1481, 'OpType.Barrier': 1, 'OpType.Measure': 7})
  Run 5/5: EquivalenceCriterion.not_equivalent (import: 109.64ms, transpile: 59430.29ms, gates: {'OpType.Rz': 5186, 'OpType.Rx': 3648, 'OpType.ZZPhase': 1481, 'OpType.Barrier': 1, 'OpType.Measure': 7})
Running 5 transpilation tests on grover_08...
  Run 1/5: EquivalenceCriterion.not_equivalent (import: 198.53ms, transpile: 134654.36ms, gates: {'OpType.Rz': 11743, 'OpType.Rx': 8057, 'OpType.ZZPhase': 3446, 'OpType.Barrier': 1, 'OpType.Measure': 8})
  Run 2/5: EquivalenceCriterion.not_equivalent (import: 435.01ms, transpile: 140704.89ms, gates: {'OpType.Rz': 11743, 'OpType.Rx': 8057, 'OpType.ZZPhase': 3446, 'OpType.Barrier': 1, 'OpType.Measure': 8})
  Run 3/5: EquivalenceCriterion.not_equivalent (import: 251.31ms, transpile: 139717.63ms, gates: {'OpType.Rz': 11743, 'OpType.Rx': 8057, 'OpType.ZZPhase': 3446, 'OpType.Barrier': 1, 'OpType.Measure': 8})
  Run 4/5: EquivalenceCriterion.not_equivalent (import: 225.12ms, transpile: 145846.14ms, gates: {'OpType.Rz': 11743, 'OpType.Rx': 8057, 'OpType.ZZPhase': 3446, 'OpType.Barrier': 1, 'OpType.Measure': 8})
  Run 5/5: EquivalenceCriterion.not_equivalent (import: 223.42ms, transpile: 146944.30ms, gates: {'OpType.Rz': 11743, 'OpType.Rx': 8057, 'OpType.ZZPhase': 3446, 'OpType.Barrier': 1, 'OpType.Measure': 8})
Results saved to experiments/transpiler_result_20260611_185131_Pytket_Mapped_line_Quantinuum_gateset.json
Processing SDK: BQSkit_independent
Running 5 transpilation tests on qaoa_02...
  Run 1/5: EquivalenceCriterion.equivalent_up_to_global_phase (import: 6.88ms, transpile: 18838.34ms, gates: {'U3Gate': 6, 'CNOTGate': 2})
  Run 2/5: EquivalenceCriterion.equivalent_up_to_global_phase (import: 6.36ms, transpile: 10976.76ms, gates: {'U3Gate': 6, 'CNOTGate': 2})
  Run 3/5: EquivalenceCriterion.equivalent_up_to_global_phase (import: 5.22ms, transpile: 10875.95ms, gates: {'U3Gate': 6, 'CNOTGate': 2})
  Run 4/5: EquivalenceCriterion.no_information (import: 5.81ms, transpile: 10979.45ms, gates: {'U3Gate': 6, 'CNOTGate': 2})
The ZX checker suggests that the circuits are not equivalent, but the simulation checker suggests that they are probably equivalent. Thus, no conclusion can be drawn.
  Run 5/5: EquivalenceCriterion.equivalent_up_to_global_phase (import: 5.70ms, transpile: 9143.27ms, gates: {'U3Gate': 6, 'CNOTGate': 2})
Running 5 transpilation tests on qaoa_03...
  Run 1/5: EquivalenceCriterion.equivalent_up_to_global_phase (import: 5.47ms, transpile: 13463.82ms, gates: {'U3Gate': 15, 'CNOTGate': 6})
The ZX checker suggests that the circuits are not equivalent, but the simulation checker suggests that they are probably equivalent. Thus, no conclusion can be drawn.
  Run 2/5: EquivalenceCriterion.no_information (import: 6.55ms, transpile: 13648.70ms, gates: {'U3Gate': 15, 'CNOTGate': 6})
The ZX checker suggests that the circuits are not equivalent, but the simulation checker suggests that they are probably equivalent. Thus, no conclusion can be drawn.
  Run 3/5: EquivalenceCriterion.no_information (import: 9.76ms, transpile: 14090.21ms, gates: {'U3Gate': 19, 'CNOTGate': 6})
  Run 4/5: EquivalenceCriterion.no_information (import: 6.04ms, transpile: 12002.61ms, gates: {'U3Gate': 17, 'CNOTGate': 6})
The ZX checker suggests that the circuits are not equivalent, but the simulation checker suggests that they are probably equivalent. Thus, no conclusion can be drawn.
  Run 5/5: EquivalenceCriterion.no_information (import: 6.34ms, transpile: 11834.28ms, gates: {'U3Gate': 17, 'CNOTGate': 6})
The ZX checker suggests that the circuits are not equivalent, but the simulation checker suggests that they are probably equivalent. Thus, no conclusion can be drawn.
Running 5 transpilation tests on qaoa_04...
The ZX checker suggests that the circuits are not equivalent, but the simulation checker suggests that they are probably equivalent. Thus, no conclusion can be drawn.
  Run 1/5: EquivalenceCriterion.no_information (import: 6.27ms, transpile: 12811.35ms, gates: {'U3Gate': 22, 'CNOTGate': 6})
  Run 2/5: EquivalenceCriterion.equivalent_up_to_global_phase (import: 7.08ms, transpile: 12618.56ms, gates: {'U3Gate': 16, 'CNOTGate': 6})
  Run 3/5: EquivalenceCriterion.equivalent_up_to_global_phase (import: 7.79ms, transpile: 13855.82ms, gates: {'U3Gate': 16, 'CNOTGate': 6})
The ZX checker suggests that the circuits are not equivalent, but the simulation checker suggests that they are probably equivalent. Thus, no conclusion can be drawn.
  Run 4/5: EquivalenceCriterion.no_information (import: 6.59ms, transpile: 13603.10ms, gates: {'U3Gate': 20, 'CNOTGate': 6})
The ZX checker suggests that the circuits are not equivalent, but the simulation checker suggests that they are probably equivalent. Thus, no conclusion can be drawn.
  Run 5/5: EquivalenceCriterion.no_information (import: 6.01ms, transpile: 11870.24ms, gates: {'U3Gate': 16, 'CNOTGate': 6})
Running 5 transpilation tests on qaoa_05...
The ZX checker suggests that the circuits are not equivalent, but the simulation checker suggests that they are probably equivalent. Thus, no conclusion can be drawn.
  Run 1/5: EquivalenceCriterion.no_information (import: 9.83ms, transpile: 14529.73ms, gates: {'U3Gate': 65, 'CNOTGate': 22})
The ZX checker suggests that the circuits are not equivalent, but the simulation checker suggests that they are probably equivalent. Thus, no conclusion can be drawn.
  Run 2/5: EquivalenceCriterion.no_information (import: 8.87ms, transpile: 15283.18ms, gates: {'U3Gate': 69, 'CNOTGate': 26})
The ZX checker suggests that the circuits are not equivalent, but the simulation checker suggests that they are probably equivalent. Thus, no conclusion can be drawn.
  Run 3/5: EquivalenceCriterion.no_information (import: 8.37ms, transpile: 16648.60ms, gates: {'U3Gate': 65, 'CNOTGate': 25})
The ZX checker suggests that the circuits are not equivalent, but the simulation checker suggests that they are probably equivalent. Thus, no conclusion can be drawn.
  Run 4/5: EquivalenceCriterion.no_information (import: 7.77ms, transpile: 13028.87ms, gates: {'U3Gate': 61, 'CNOTGate': 23})
The ZX checker suggests that the circuits are not equivalent, but the simulation checker suggests that they are probably equivalent. Thus, no conclusion can be drawn.
  Run 5/5: EquivalenceCriterion.no_information (import: 8.52ms, transpile: 13845.40ms, gates: {'U3Gate': 63, 'CNOTGate': 24})
Running 5 transpilation tests on qaoa_06...
The ZX checker suggests that the circuits are not equivalent, but the simulation checker suggests that they are probably equivalent. Thus, no conclusion can be drawn.
  Run 1/5: EquivalenceCriterion.no_information (import: 8.28ms, transpile: 16125.31ms, gates: {'U3Gate': 68, 'CNOTGate': 26})
The ZX checker suggests that the circuits are not equivalent, but the simulation checker suggests that they are probably equivalent. Thus, no conclusion can be drawn.
  Run 2/5: EquivalenceCriterion.no_information (import: 9.86ms, transpile: 22162.60ms, gates: {'U3Gate': 74, 'CNOTGate': 27})
The ZX checker suggests that the circuits are not equivalent, but the simulation checker suggests that they are probably equivalent. Thus, no conclusion can be drawn.
  Run 3/5: EquivalenceCriterion.no_information (import: 8.05ms, transpile: 25262.75ms, gates: {'U3Gate': 74, 'CNOTGate': 27})
The ZX checker suggests that the circuits are not equivalent, but the simulation checker suggests that they are probably equivalent. Thus, no conclusion can be drawn.
  Run 4/5: EquivalenceCriterion.no_information (import: 8.27ms, transpile: 20975.11ms, gates: {'U3Gate': 72, 'CNOTGate': 27})
The ZX checker suggests that the circuits are not equivalent, but the simulation checker suggests that they are probably equivalent. Thus, no conclusion can be drawn.
  Run 5/5: EquivalenceCriterion.no_information (import: 10.38ms, transpile: 15674.61ms, gates: {'U3Gate': 70, 'CNOTGate': 26})
Running 5 transpilation tests on qaoa_07...
The ZX checker suggests that the circuits are not equivalent, but the simulation checker suggests that they are probably equivalent. Thus, no conclusion can be drawn.
  Run 1/5: EquivalenceCriterion.no_information (import: 11.24ms, transpile: 12994.83ms, gates: {'U3Gate': 128, 'CNOTGate': 48})
The ZX checker suggests that the circuits are not equivalent, but the simulation checker suggests that they are probably equivalent. Thus, no conclusion can be drawn.
  Run 2/5: EquivalenceCriterion.no_information (import: 10.53ms, transpile: 12173.96ms, gates: {'U3Gate': 123, 'CNOTGate': 48})
The ZX checker suggests that the circuits are not equivalent, but the simulation checker suggests that they are probably equivalent. Thus, no conclusion can be drawn.
  Run 3/5: EquivalenceCriterion.no_information (import: 9.78ms, transpile: 11427.16ms, gates: {'U3Gate': 123, 'CNOTGate': 48})
The ZX checker suggests that the circuits are not equivalent, but the simulation checker suggests that they are probably equivalent. Thus, no conclusion can be drawn.
  Run 4/5: EquivalenceCriterion.no_information (import: 11.60ms, transpile: 12070.66ms, gates: {'U3Gate': 123, 'CNOTGate': 48})
The ZX checker suggests that the circuits are not equivalent, but the simulation checker suggests that they are probably equivalent. Thus, no conclusion can be drawn.
  Run 5/5: EquivalenceCriterion.no_information (import: 9.85ms, transpile: 12691.29ms, gates: {'U3Gate': 128, 'CNOTGate': 48})
Running 5 transpilation tests on qaoa_08...
The ZX checker suggests that the circuits are not equivalent, but the simulation checker suggests that they are probably equivalent. Thus, no conclusion can be drawn.
  Run 1/5: EquivalenceCriterion.no_information (import: 11.11ms, transpile: 14523.46ms, gates: {'U3Gate': 149, 'CNOTGate': 56})
The ZX checker suggests that the circuits are not equivalent, but the simulation checker suggests that they are probably equivalent. Thus, no conclusion can be drawn.
  Run 2/5: EquivalenceCriterion.no_information (import: 15.51ms, transpile: 16895.23ms, gates: {'U3Gate': 153, 'CNOTGate': 56})
The ZX checker suggests that the circuits are not equivalent, but the simulation checker suggests that they are probably equivalent. Thus, no conclusion can be drawn.
  Run 3/5: EquivalenceCriterion.no_information (import: 13.90ms, transpile: 15530.27ms, gates: {'U3Gate': 145, 'CNOTGate': 56})
The ZX checker suggests that the circuits are not equivalent, but the simulation checker suggests that they are probably equivalent. Thus, no conclusion can be drawn.
  Run 4/5: EquivalenceCriterion.no_information (import: 10.63ms, transpile: 16329.13ms, gates: {'U3Gate': 150, 'CNOTGate': 56})
The ZX checker suggests that the circuits are not equivalent, but the simulation checker suggests that they are probably equivalent. Thus, no conclusion can be drawn.
  Run 5/5: EquivalenceCriterion.no_information (import: 12.73ms, transpile: 16873.39ms, gates: {'U3Gate': 149, 'CNOTGate': 57})
Running 5 transpilation tests on qft_02...
  Run 1/5: FAILED - "<input>:11,5: 'meas' is already defined"
  Run 2/5: FAILED - "<input>:11,5: 'meas' is already defined"
  Run 3/5: FAILED - "<input>:11,5: 'meas' is already defined"
  Run 4/5: FAILED - "<input>:11,5: 'meas' is already defined"
  Run 5/5: FAILED - "<input>:11,5: 'meas' is already defined"
Running 5 transpilation tests on qft_03...
  Run 1/5: FAILED - "<input>:14,5: 'meas' is already defined"
  Run 2/5: FAILED - "<input>:14,5: 'meas' is already defined"
  Run 3/5: FAILED - "<input>:14,5: 'meas' is already defined"
  Run 4/5: FAILED - "<input>:14,5: 'meas' is already defined"
  Run 5/5: FAILED - "<input>:14,5: 'meas' is already defined"
Running 5 transpilation tests on qft_04...
  Run 1/5: FAILED - "<input>:5,5: 'meas' is already defined"
  Run 2/5: FAILED - "<input>:5,5: 'meas' is already defined"
  Run 3/5: FAILED - "<input>:5,5: 'meas' is already defined"
  Run 4/5: FAILED - "<input>:5,5: 'meas' is already defined"
  Run 5/5: FAILED - "<input>:5,5: 'meas' is already defined"
Running 5 transpilation tests on qft_05...
  Run 1/5: FAILED - Transpilation failed: Unable to compile circuit with gate larger than max_synthesis_size.
Consider adjusting it.
  Run 2/5: FAILED - Transpilation failed: Unable to compile circuit with gate larger than max_synthesis_size.
Consider adjusting it.
  Run 3/5: FAILED - Transpilation failed: Unable to compile circuit with gate larger than max_synthesis_size.
Consider adjusting it.
  Run 4/5: FAILED - Transpilation failed: Unable to compile circuit with gate larger than max_synthesis_size.
Consider adjusting it.
  Run 5/5: FAILED - Transpilation failed: Unable to compile circuit with gate larger than max_synthesis_size.
Consider adjusting it.
Running 5 transpilation tests on qft_06...
  Run 1/5: FAILED - Transpilation failed: Unable to compile circuit with gate larger than max_synthesis_size.
Consider adjusting it.
  Run 2/5: FAILED - Transpilation failed: Unable to compile circuit with gate larger than max_synthesis_size.
Consider adjusting it.
  Run 3/5: FAILED - Transpilation failed: Unable to compile circuit with gate larger than max_synthesis_size.
Consider adjusting it.
  Run 4/5: FAILED - Transpilation failed: Unable to compile circuit with gate larger than max_synthesis_size.
Consider adjusting it.
  Run 5/5: FAILED - Transpilation failed: Unable to compile circuit with gate larger than max_synthesis_size.
Consider adjusting it.
Running 5 transpilation tests on qft_07...
  Run 1/5: FAILED - Transpilation failed: Unable to compile circuit with gate larger than max_synthesis_size.
Consider adjusting it.
  Run 2/5: FAILED - Transpilation failed: Unable to compile circuit with gate larger than max_synthesis_size.
Consider adjusting it.
  Run 3/5: FAILED - Transpilation failed: Unable to compile circuit with gate larger than max_synthesis_size.
Consider adjusting it.
  Run 4/5: FAILED - Transpilation failed: Unable to compile circuit with gate larger than max_synthesis_size.
Consider adjusting it.
  Run 5/5: FAILED - Transpilation failed: Unable to compile circuit with gate larger than max_synthesis_size.
Consider adjusting it.
Running 5 transpilation tests on qft_08...
  Run 1/5: FAILED - Transpilation failed: Unable to compile circuit with gate larger than max_synthesis_size.
Consider adjusting it.
  Run 2/5: FAILED - Transpilation failed: Unable to compile circuit with gate larger than max_synthesis_size.
Consider adjusting it.
  Run 3/5: FAILED - Transpilation failed: Unable to compile circuit with gate larger than max_synthesis_size.
Consider adjusting it.
  Run 4/5: FAILED - Transpilation failed: Unable to compile circuit with gate larger than max_synthesis_size.
Consider adjusting it.
  Run 5/5: FAILED - Transpilation failed: Unable to compile circuit with gate larger than max_synthesis_size.
Consider adjusting it.
Running 5 transpilation tests on randomcircuit_02...
  Run 1/5: FAILED - "<input>:12,5: 'meas' is already defined"
  Run 2/5: FAILED - "<input>:12,5: 'meas' is already defined"
  Run 3/5: FAILED - "<input>:12,5: 'meas' is already defined"
  Run 4/5: FAILED - "<input>:12,5: 'meas' is already defined"
  Run 5/5: FAILED - "<input>:12,5: 'meas' is already defined"
Running 5 transpilation tests on randomcircuit_03...
C:\Users\Administrator\AppData\Local\Programs\Python\Python313\Lib\site-packages\bqskit\passes\synthesis\leap.py:358: SmallSampleWarning: One or more sample arguments is too small; all returned values will be NaN. See documentation for sample size requirements.
  m, y_int, _, _, _ = linregress(best_layers, best_dists)
  Run 1/5: FAILED - 'DaggerGate' object has no attribute '_qasm_name'
C:\Users\Administrator\AppData\Local\Programs\Python\Python313\Lib\site-packages\bqskit\passes\synthesis\leap.py:358: SmallSampleWarning: One or more sample arguments is too small; all returned values will be NaN. See documentation for sample size requirements.
  m, y_int, _, _, _ = linregress(best_layers, best_dists)
  Run 2/5: FAILED - 'DaggerGate' object has no attribute '_qasm_name'
C:\Users\Administrator\AppData\Local\Programs\Python\Python313\Lib\site-packages\bqskit\passes\synthesis\leap.py:358: SmallSampleWarning: One or more sample arguments is too small; all returned values will be NaN. See documentation for sample size requirements.
  m, y_int, _, _, _ = linregress(best_layers, best_dists)
  Run 3/5: FAILED - 'DaggerGate' object has no attribute '_qasm_name'
C:\Users\Administrator\AppData\Local\Programs\Python\Python313\Lib\site-packages\bqskit\passes\synthesis\leap.py:358: SmallSampleWarning: One or more sample arguments is too small; all returned values will be NaN. See documentation for sample size requirements.
  m, y_int, _, _, _ = linregress(best_layers, best_dists)
  Run 4/5: FAILED - 'DaggerGate' object has no attribute '_qasm_name'
C:\Users\Administrator\AppData\Local\Programs\Python\Python313\Lib\site-packages\bqskit\passes\synthesis\leap.py:358: SmallSampleWarning: One or more sample arguments is too small; all returned values will be NaN. See documentation for sample size requirements.
  m, y_int, _, _, _ = linregress(best_layers, best_dists)
  Run 5/5: FAILED - 'DaggerGate' object has no attribute '_qasm_name'
Running 5 transpilation tests on randomcircuit_04...
C:\Users\Administrator\AppData\Local\Programs\Python\Python313\Lib\site-packages\bqskit\passes\synthesis\leap.py:358: SmallSampleWarning: One or more sample arguments is too small; all returned values will be NaN. See documentation for sample size requirements.
  m, y_int, _, _, _ = linregress(best_layers, best_dists)
  Run 1/5: FAILED - Controlled gate sx with 3 controls is not a standard OpenQASM 2.0 identifier. To encode this gate, try decomposing it into gates withstandard identifiers.
C:\Users\Administrator\AppData\Local\Programs\Python\Python313\Lib\site-packages\bqskit\passes\synthesis\leap.py:358: SmallSampleWarning: One or more sample arguments is too small; all returned values will be NaN. See documentation for sample size requirements.
  m, y_int, _, _, _ = linregress(best_layers, best_dists)
  Run 2/5: FAILED - Controlled gate sx with 3 controls is not a standard OpenQASM 2.0 identifier. To encode this gate, try decomposing it into gates withstandard identifiers.
C:\Users\Administrator\AppData\Local\Programs\Python\Python313\Lib\site-packages\bqskit\passes\synthesis\leap.py:358: SmallSampleWarning: One or more sample arguments is too small; all returned values will be NaN. See documentation for sample size requirements.
  m, y_int, _, _, _ = linregress(best_layers, best_dists)
  Run 3/5: FAILED - Controlled gate sx with 3 controls is not a standard OpenQASM 2.0 identifier. To encode this gate, try decomposing it into gates withstandard identifiers.
C:\Users\Administrator\AppData\Local\Programs\Python\Python313\Lib\site-packages\bqskit\passes\synthesis\leap.py:358: SmallSampleWarning: One or more sample arguments is too small; all returned values will be NaN. See documentation for sample size requirements.
  m, y_int, _, _, _ = linregress(best_layers, best_dists)
  Run 4/5: FAILED - Controlled gate sx with 3 controls is not a standard OpenQASM 2.0 identifier. To encode this gate, try decomposing it into gates withstandard identifiers.
C:\Users\Administrator\AppData\Local\Programs\Python\Python313\Lib\site-packages\bqskit\passes\synthesis\leap.py:358: SmallSampleWarning: One or more sample arguments is too small; all returned values will be NaN. See documentation for sample size requirements.
  m, y_int, _, _, _ = linregress(best_layers, best_dists)
  Run 5/5: FAILED - Controlled gate sx with 3 controls is not a standard OpenQASM 2.0 identifier. To encode this gate, try decomposing it into gates withstandard identifiers.
Running 5 transpilation tests on randomcircuit_05...
C:\Users\Administrator\AppData\Local\Programs\Python\Python313\Lib\site-packages\bqskit\passes\synthesis\leap.py:358: SmallSampleWarning: One or more sample arguments is too small; all returned values will be NaN. See documentation for sample size requirements.
  m, y_int, _, _, _ = linregress(best_layers, best_dists)
C:\Users\Administrator\AppData\Local\Programs\Python\Python313\Lib\site-packages\bqskit\passes\synthesis\leap.py:358: SmallSampleWarning: One or more sample arguments is too small; all returned values will be NaN. See documentation for sample size requirements.
  m, y_int, _, _, _ = linregress(best_layers, best_dists)
C:\Users\Administrator\AppData\Local\Programs\Python\Python313\Lib\site-packages\bqskit\passes\synthesis\leap.py:358: SmallSampleWarning: One or more sample arguments is too small; all returned values will be NaN. See documentation for sample size requirements.
  m, y_int, _, _, _ = linregress(best_layers, best_dists)
C:\Users\Administrator\AppData\Local\Programs\Python\Python313\Lib\site-packages\bqskit\passes\synthesis\leap.py:358: SmallSampleWarning: One or more sample arguments is too small; all returned values will be NaN. See documentation for sample size requirements.
  m, y_int, _, _, _ = linregress(best_layers, best_dists)
C:\Users\Administrator\AppData\Local\Programs\Python\Python313\Lib\site-packages\bqskit\passes\synthesis\leap.py:358: SmallSampleWarning: One or more sample arguments is too small; all returned values will be NaN. See documentation for sample size requirements.
  m, y_int, _, _, _ = linregress(best_layers, best_dists)
C:\Users\Administrator\AppData\Local\Programs\Python\Python313\Lib\site-packages\bqskit\passes\synthesis\leap.py:358: SmallSampleWarning: One or more sample arguments is too small; all returned values will be NaN. See documentation for sample size requirements.
  m, y_int, _, _, _ = linregress(best_layers, best_dists)
  Run 1/5: FAILED - Controlled gate sx with 3 controls is not a standard OpenQASM 2.0 identifier. To encode this gate, try decomposing it into gates withstandard identifiers.
C:\Users\Administrator\AppData\Local\Programs\Python\Python313\Lib\site-packages\bqskit\passes\synthesis\leap.py:358: SmallSampleWarning: One or more sample arguments is too small; all returned values will be NaN. See documentation for sample size requirements.
  m, y_int, _, _, _ = linregress(best_layers, best_dists)
C:\Users\Administrator\AppData\Local\Programs\Python\Python313\Lib\site-packages\bqskit\passes\synthesis\leap.py:358: SmallSampleWarning: One or more sample arguments is too small; all returned values will be NaN. See documentation for sample size requirements.
  m, y_int, _, _, _ = linregress(best_layers, best_dists)
C:\Users\Administrator\AppData\Local\Programs\Python\Python313\Lib\site-packages\bqskit\passes\synthesis\leap.py:358: SmallSampleWarning: One or more sample arguments is too small; all returned values will be NaN. See documentation for sample size requirements.
  m, y_int, _, _, _ = linregress(best_layers, best_dists)
C:\Users\Administrator\AppData\Local\Programs\Python\Python313\Lib\site-packages\bqskit\passes\synthesis\leap.py:358: SmallSampleWarning: One or more sample arguments is too small; all returned values will be NaN. See documentation for sample size requirements.
  m, y_int, _, _, _ = linregress(best_layers, best_dists)
C:\Users\Administrator\AppData\Local\Programs\Python\Python313\Lib\site-packages\bqskit\passes\synthesis\leap.py:358: SmallSampleWarning: One or more sample arguments is too small; all returned values will be NaN. See documentation for sample size requirements.
  m, y_int, _, _, _ = linregress(best_layers, best_dists)
C:\Users\Administrator\AppData\Local\Programs\Python\Python313\Lib\site-packages\bqskit\passes\synthesis\leap.py:358: SmallSampleWarning: One or more sample arguments is too small; all returned values will be NaN. See documentation for sample size requirements.
  m, y_int, _, _, _ = linregress(best_layers, best_dists)
  Run 2/5: FAILED - Controlled gate sx with 3 controls is not a standard OpenQASM 2.0 identifier. To encode this gate, try decomposing it into gates withstandard identifiers.
C:\Users\Administrator\AppData\Local\Programs\Python\Python313\Lib\site-packages\bqskit\passes\synthesis\leap.py:358: SmallSampleWarning: One or more sample arguments is too small; all returned values will be NaN. See documentation for sample size requirements.
  m, y_int, _, _, _ = linregress(best_layers, best_dists)
C:\Users\Administrator\AppData\Local\Programs\Python\Python313\Lib\site-packages\bqskit\passes\synthesis\leap.py:358: SmallSampleWarning: One or more sample arguments is too small; all returned values will be NaN. See documentation for sample size requirements.
  m, y_int, _, _, _ = linregress(best_layers, best_dists)
C:\Users\Administrator\AppData\Local\Programs\Python\Python313\Lib\site-packages\bqskit\passes\synthesis\leap.py:358: SmallSampleWarning: One or more sample arguments is too small; all returned values will be NaN. See documentation for sample size requirements.
  m, y_int, _, _, _ = linregress(best_layers, best_dists)
C:\Users\Administrator\AppData\Local\Programs\Python\Python313\Lib\site-packages\bqskit\passes\synthesis\leap.py:358: SmallSampleWarning: One or more sample arguments is too small; all returned values will be NaN. See documentation for sample size requirements.
  m, y_int, _, _, _ = linregress(best_layers, best_dists)
C:\Users\Administrator\AppData\Local\Programs\Python\Python313\Lib\site-packages\bqskit\passes\synthesis\leap.py:358: SmallSampleWarning: One or more sample arguments is too small; all returned values will be NaN. See documentation for sample size requirements.
  m, y_int, _, _, _ = linregress(best_layers, best_dists)
C:\Users\Administrator\AppData\Local\Programs\Python\Python313\Lib\site-packages\bqskit\passes\synthesis\leap.py:358: SmallSampleWarning: One or more sample arguments is too small; all returned values will be NaN. See documentation for sample size requirements.
  m, y_int, _, _, _ = linregress(best_layers, best_dists)
  Run 3/5: FAILED - Controlled gate sx with 3 controls is not a standard OpenQASM 2.0 identifier. To encode this gate, try decomposing it into gates withstandard identifiers.
C:\Users\Administrator\AppData\Local\Programs\Python\Python313\Lib\site-packages\bqskit\passes\synthesis\leap.py:358: SmallSampleWarning: One or more sample arguments is too small; all returned values will be NaN. See documentation for sample size requirements.
  m, y_int, _, _, _ = linregress(best_layers, best_dists)
C:\Users\Administrator\AppData\Local\Programs\Python\Python313\Lib\site-packages\bqskit\passes\synthesis\leap.py:358: SmallSampleWarning: One or more sample arguments is too small; all returned values will be NaN. See documentation for sample size requirements.
  m, y_int, _, _, _ = linregress(best_layers, best_dists)
C:\Users\Administrator\AppData\Local\Programs\Python\Python313\Lib\site-packages\bqskit\passes\synthesis\leap.py:358: SmallSampleWarning: One or more sample arguments is too small; all returned values will be NaN. See documentation for sample size requirements.
  m, y_int, _, _, _ = linregress(best_layers, best_dists)
C:\Users\Administrator\AppData\Local\Programs\Python\Python313\Lib\site-packages\bqskit\passes\synthesis\leap.py:358: SmallSampleWarning: One or more sample arguments is too small; all returned values will be NaN. See documentation for sample size requirements.
  m, y_int, _, _, _ = linregress(best_layers, best_dists)
C:\Users\Administrator\AppData\Local\Programs\Python\Python313\Lib\site-packages\bqskit\passes\synthesis\leap.py:358: SmallSampleWarning: One or more sample arguments is too small; all returned values will be NaN. See documentation for sample size requirements.
  m, y_int, _, _, _ = linregress(best_layers, best_dists)
C:\Users\Administrator\AppData\Local\Programs\Python\Python313\Lib\site-packages\bqskit\passes\synthesis\leap.py:358: SmallSampleWarning: One or more sample arguments is too small; all returned values will be NaN. See documentation for sample size requirements.
  m, y_int, _, _, _ = linregress(best_layers, best_dists)
  Run 4/5: FAILED - Controlled gate sx with 3 controls is not a standard OpenQASM 2.0 identifier. To encode this gate, try decomposing it into gates withstandard identifiers.
C:\Users\Administrator\AppData\Local\Programs\Python\Python313\Lib\site-packages\bqskit\passes\synthesis\leap.py:358: SmallSampleWarning: One or more sample arguments is too small; all returned values will be NaN. See documentation for sample size requirements.
  m, y_int, _, _, _ = linregress(best_layers, best_dists)
C:\Users\Administrator\AppData\Local\Programs\Python\Python313\Lib\site-packages\bqskit\passes\synthesis\leap.py:358: SmallSampleWarning: One or more sample arguments is too small; all returned values will be NaN. See documentation for sample size requirements.
  m, y_int, _, _, _ = linregress(best_layers, best_dists)
C:\Users\Administrator\AppData\Local\Programs\Python\Python313\Lib\site-packages\bqskit\passes\synthesis\leap.py:358: SmallSampleWarning: One or more sample arguments is too small; all returned values will be NaN. See documentation for sample size requirements.
  m, y_int, _, _, _ = linregress(best_layers, best_dists)
C:\Users\Administrator\AppData\Local\Programs\Python\Python313\Lib\site-packages\bqskit\passes\synthesis\leap.py:358: SmallSampleWarning: One or more sample arguments is too small; all returned values will be NaN. See documentation for sample size requirements.
  m, y_int, _, _, _ = linregress(best_layers, best_dists)
C:\Users\Administrator\AppData\Local\Programs\Python\Python313\Lib\site-packages\bqskit\passes\synthesis\leap.py:358: SmallSampleWarning: One or more sample arguments is too small; all returned values will be NaN. See documentation for sample size requirements.
  m, y_int, _, _, _ = linregress(best_layers, best_dists)
C:\Users\Administrator\AppData\Local\Programs\Python\Python313\Lib\site-packages\bqskit\passes\synthesis\leap.py:358: SmallSampleWarning: One or more sample arguments is too small; all returned values will be NaN. See documentation for sample size requirements.
  m, y_int, _, _, _ = linregress(best_layers, best_dists)
  Run 5/5: FAILED - Controlled gate sx with 3 controls is not a standard OpenQASM 2.0 identifier. To encode this gate, try decomposing it into gates withstandard identifiers.
Running 5 transpilation tests on randomcircuit_06...
C:\Users\Administrator\AppData\Local\Programs\Python\Python313\Lib\site-packages\bqskit\passes\synthesis\leap.py:358: SmallSampleWarning: One or more sample arguments is too small; all returned values will be NaN. See documentation for sample size requirements.
  m, y_int, _, _, _ = linregress(best_layers, best_dists)
C:\Users\Administrator\AppData\Local\Programs\Python\Python313\Lib\site-packages\bqskit\passes\synthesis\leap.py:358: SmallSampleWarning: One or more sample arguments is too small; all returned values will be NaN. See documentation for sample size requirements.
  m, y_int, _, _, _ = linregress(best_layers, best_dists)
C:\Users\Administrator\AppData\Local\Programs\Python\Python313\Lib\site-packages\bqskit\passes\synthesis\leap.py:358: SmallSampleWarning: One or more sample arguments is too small; all returned values will be NaN. See documentation for sample size requirements.
  m, y_int, _, _, _ = linregress(best_layers, best_dists)
C:\Users\Administrator\AppData\Local\Programs\Python\Python313\Lib\site-packages\bqskit\passes\synthesis\leap.py:358: SmallSampleWarning: One or more sample arguments is too small; all returned values will be NaN. See documentation for sample size requirements.
  m, y_int, _, _, _ = linregress(best_layers, best_dists)
C:\Users\Administrator\AppData\Local\Programs\Python\Python313\Lib\site-packages\bqskit\passes\synthesis\leap.py:358: SmallSampleWarning: One or more sample arguments is too small; all returned values will be NaN. See documentation for sample size requirements.
  m, y_int, _, _, _ = linregress(best_layers, best_dists)
C:\Users\Administrator\AppData\Local\Programs\Python\Python313\Lib\site-packages\bqskit\passes\synthesis\leap.py:358: SmallSampleWarning: One or more sample arguments is too small; all returned values will be NaN. See documentation for sample size requirements.
  m, y_int, _, _, _ = linregress(best_layers, best_dists)
  Run 1/5: FAILED - Controlled gate sx with 3 controls is not a standard OpenQASM 2.0 identifier. To encode this gate, try decomposing it into gates withstandard identifiers.
C:\Users\Administrator\AppData\Local\Programs\Python\Python313\Lib\site-packages\bqskit\passes\synthesis\leap.py:358: SmallSampleWarning: One or more sample arguments is too small; all returned values will be NaN. See documentation for sample size requirements.
  m, y_int, _, _, _ = linregress(best_layers, best_dists)
C:\Users\Administrator\AppData\Local\Programs\Python\Python313\Lib\site-packages\bqskit\passes\synthesis\leap.py:358: SmallSampleWarning: One or more sample arguments is too small; all returned values will be NaN. See documentation for sample size requirements.
  m, y_int, _, _, _ = linregress(best_layers, best_dists)
C:\Users\Administrator\AppData\Local\Programs\Python\Python313\Lib\site-packages\bqskit\passes\synthesis\leap.py:358: SmallSampleWarning: One or more sample arguments is too small; all returned values will be NaN. See documentation for sample size requirements.
  m, y_int, _, _, _ = linregress(best_layers, best_dists)
C:\Users\Administrator\AppData\Local\Programs\Python\Python313\Lib\site-packages\bqskit\passes\synthesis\leap.py:358: SmallSampleWarning: One or more sample arguments is too small; all returned values will be NaN. See documentation for sample size requirements.
  m, y_int, _, _, _ = linregress(best_layers, best_dists)
C:\Users\Administrator\AppData\Local\Programs\Python\Python313\Lib\site-packages\bqskit\passes\synthesis\leap.py:358: SmallSampleWarning: One or more sample arguments is too small; all returned values will be NaN. See documentation for sample size requirements.
  m, y_int, _, _, _ = linregress(best_layers, best_dists)
C:\Users\Administrator\AppData\Local\Programs\Python\Python313\Lib\site-packages\bqskit\passes\synthesis\leap.py:358: SmallSampleWarning: One or more sample arguments is too small; all returned values will be NaN. See documentation for sample size requirements.
  m, y_int, _, _, _ = linregress(best_layers, best_dists)
C:\Users\Administrator\AppData\Local\Programs\Python\Python313\Lib\site-packages\bqskit\passes\synthesis\leap.py:358: SmallSampleWarning: One or more sample arguments is too small; all returned values will be NaN. See documentation for sample size requirements.
  m, y_int, _, _, _ = linregress(best_layers, best_dists)
  Run 2/5: FAILED - Controlled gate sx with 3 controls is not a standard OpenQASM 2.0 identifier. To encode this gate, try decomposing it into gates withstandard identifiers.
C:\Users\Administrator\AppData\Local\Programs\Python\Python313\Lib\site-packages\bqskit\passes\synthesis\leap.py:358: SmallSampleWarning: One or more sample arguments is too small; all returned values will be NaN. See documentation for sample size requirements.
  m, y_int, _, _, _ = linregress(best_layers, best_dists)
C:\Users\Administrator\AppData\Local\Programs\Python\Python313\Lib\site-packages\bqskit\passes\synthesis\leap.py:358: SmallSampleWarning: One or more sample arguments is too small; all returned values will be NaN. See documentation for sample size requirements.
  m, y_int, _, _, _ = linregress(best_layers, best_dists)
C:\Users\Administrator\AppData\Local\Programs\Python\Python313\Lib\site-packages\bqskit\passes\synthesis\leap.py:358: SmallSampleWarning: One or more sample arguments is too small; all returned values will be NaN. See documentation for sample size requirements.
  m, y_int, _, _, _ = linregress(best_layers, best_dists)
C:\Users\Administrator\AppData\Local\Programs\Python\Python313\Lib\site-packages\bqskit\passes\synthesis\leap.py:358: SmallSampleWarning: One or more sample arguments is too small; all returned values will be NaN. See documentation for sample size requirements.
  m, y_int, _, _, _ = linregress(best_layers, best_dists)
C:\Users\Administrator\AppData\Local\Programs\Python\Python313\Lib\site-packages\bqskit\passes\synthesis\leap.py:358: SmallSampleWarning: One or more sample arguments is too small; all returned values will be NaN. See documentation for sample size requirements.
  m, y_int, _, _, _ = linregress(best_layers, best_dists)
C:\Users\Administrator\AppData\Local\Programs\Python\Python313\Lib\site-packages\bqskit\passes\synthesis\leap.py:358: SmallSampleWarning: One or more sample arguments is too small; all returned values will be NaN. See documentation for sample size requirements.
  m, y_int, _, _, _ = linregress(best_layers, best_dists)
C:\Users\Administrator\AppData\Local\Programs\Python\Python313\Lib\site-packages\bqskit\passes\synthesis\leap.py:358: SmallSampleWarning: One or more sample arguments is too small; all returned values will be NaN. See documentation for sample size requirements.
  m, y_int, _, _, _ = linregress(best_layers, best_dists)

Process finished with exit code -1
